
SmartHomeAutomationSystem.elf:     file format elf32-avr

Sections:
Idx Name          Size      VMA       LMA       File off  Algn
  0 .text         00001088  00000000  00000000  00000074  2**1
                  CONTENTS, ALLOC, LOAD, READONLY, CODE
  1 .data         0000005c  00800060  00001088  000010fc  2**0
                  CONTENTS, ALLOC, LOAD, DATA
  2 .comment      00000030  00000000  00000000  00001158  2**0
                  CONTENTS, READONLY
  3 .note.gnu.avr.deviceinfo 0000003c  00000000  00000000  00001188  2**2
                  CONTENTS, READONLY
  4 .debug_aranges 000001c0  00000000  00000000  000011c4  2**0
                  CONTENTS, READONLY, DEBUGGING
  5 .debug_info   00002166  00000000  00000000  00001384  2**0
                  CONTENTS, READONLY, DEBUGGING
  6 .debug_abbrev 00000b8c  00000000  00000000  000034ea  2**0
                  CONTENTS, READONLY, DEBUGGING
  7 .debug_line   00000ee3  00000000  00000000  00004076  2**0
                  CONTENTS, READONLY, DEBUGGING
  8 .debug_frame  00000368  00000000  00000000  00004f5c  2**2
                  CONTENTS, READONLY, DEBUGGING
  9 .debug_str    000008dd  00000000  00000000  000052c4  2**0
                  CONTENTS, READONLY, DEBUGGING
 10 .debug_loc    000012c5  00000000  00000000  00005ba1  2**0
                  CONTENTS, READONLY, DEBUGGING
 11 .debug_ranges 00000198  00000000  00000000  00006e66  2**0
                  CONTENTS, READONLY, DEBUGGING

Disassembly of section .text:

00000000 <__vectors>:
       0:	0c 94 2a 00 	jmp	0x54	; 0x54 <__ctors_end>
       4:	0c 94 3f 00 	jmp	0x7e	; 0x7e <__bad_interrupt>
       8:	0c 94 3f 00 	jmp	0x7e	; 0x7e <__bad_interrupt>
       c:	0c 94 3f 00 	jmp	0x7e	; 0x7e <__bad_interrupt>
      10:	0c 94 3f 00 	jmp	0x7e	; 0x7e <__bad_interrupt>
      14:	0c 94 3f 00 	jmp	0x7e	; 0x7e <__bad_interrupt>
      18:	0c 94 3f 00 	jmp	0x7e	; 0x7e <__bad_interrupt>
      1c:	0c 94 3f 00 	jmp	0x7e	; 0x7e <__bad_interrupt>
      20:	0c 94 3f 00 	jmp	0x7e	; 0x7e <__bad_interrupt>
      24:	0c 94 3f 00 	jmp	0x7e	; 0x7e <__bad_interrupt>
      28:	0c 94 3f 00 	jmp	0x7e	; 0x7e <__bad_interrupt>
      2c:	0c 94 3f 00 	jmp	0x7e	; 0x7e <__bad_interrupt>
      30:	0c 94 3f 00 	jmp	0x7e	; 0x7e <__bad_interrupt>
      34:	0c 94 3f 00 	jmp	0x7e	; 0x7e <__bad_interrupt>
      38:	0c 94 3f 00 	jmp	0x7e	; 0x7e <__bad_interrupt>
      3c:	0c 94 3f 00 	jmp	0x7e	; 0x7e <__bad_interrupt>
      40:	0c 94 3f 00 	jmp	0x7e	; 0x7e <__bad_interrupt>
      44:	0c 94 3f 00 	jmp	0x7e	; 0x7e <__bad_interrupt>
      48:	0c 94 3f 00 	jmp	0x7e	; 0x7e <__bad_interrupt>
      4c:	0c 94 3f 00 	jmp	0x7e	; 0x7e <__bad_interrupt>
      50:	0c 94 3f 00 	jmp	0x7e	; 0x7e <__bad_interrupt>

00000054 <__ctors_end>:
      54:	11 24       	eor	r1, r1
      56:	1f be       	out	0x3f, r1	; 63
      58:	cf e5       	ldi	r28, 0x5F	; 95
      5a:	d8 e0       	ldi	r29, 0x08	; 8
      5c:	de bf       	out	0x3e, r29	; 62
      5e:	cd bf       	out	0x3d, r28	; 61

00000060 <__do_copy_data>:
      60:	10 e0       	ldi	r17, 0x00	; 0
      62:	a0 e6       	ldi	r26, 0x60	; 96
      64:	b0 e0       	ldi	r27, 0x00	; 0
      66:	e8 e8       	ldi	r30, 0x88	; 136
      68:	f0 e1       	ldi	r31, 0x10	; 16
      6a:	02 c0       	rjmp	.+4      	; 0x70 <__do_copy_data+0x10>
      6c:	05 90       	lpm	r0, Z+
      6e:	0d 92       	st	X+, r0
      70:	ac 3b       	cpi	r26, 0xBC	; 188
      72:	b1 07       	cpc	r27, r17
      74:	d9 f7       	brne	.-10     	; 0x6c <__do_copy_data+0xc>
      76:	0e 94 28 04 	call	0x850	; 0x850 <main>
      7a:	0c 94 42 08 	jmp	0x1084	; 0x1084 <_exit>

0000007e <__bad_interrupt>:
      7e:	0c 94 00 00 	jmp	0	; 0x0 <__vectors>

00000082 <DIO_voidSetPinDirection>:
		case DIO_PORTB: local_u8PinValue = GET_BIT(PINB_REG, copy_u8PinId); break;
		case DIO_PORTC: local_u8PinValue = GET_BIT(PINC_REG, copy_u8PinId); break;
		case DIO_PORTD: local_u8PinValue = GET_BIT(PIND_REG, copy_u8PinId); break;
	}
	return local_u8PinValue;
}
      82:	44 23       	and	r20, r20
      84:	19 f0       	breq	.+6      	; 0x8c <DIO_voidSetPinDirection+0xa>
      86:	41 30       	cpi	r20, 0x01	; 1
      88:	c9 f1       	breq	.+114    	; 0xfc <DIO_voidSetPinDirection+0x7a>
      8a:	08 95       	ret
      8c:	81 30       	cpi	r24, 0x01	; 1
      8e:	91 f0       	breq	.+36     	; 0xb4 <DIO_voidSetPinDirection+0x32>
      90:	28 f0       	brcs	.+10     	; 0x9c <DIO_voidSetPinDirection+0x1a>
      92:	82 30       	cpi	r24, 0x02	; 2
      94:	d9 f0       	breq	.+54     	; 0xcc <DIO_voidSetPinDirection+0x4a>
      96:	83 30       	cpi	r24, 0x03	; 3
      98:	29 f1       	breq	.+74     	; 0xe4 <DIO_voidSetPinDirection+0x62>
      9a:	08 95       	ret
      9c:	2a b3       	in	r18, 0x1a	; 26
      9e:	81 e0       	ldi	r24, 0x01	; 1
      a0:	90 e0       	ldi	r25, 0x00	; 0
      a2:	02 c0       	rjmp	.+4      	; 0xa8 <DIO_voidSetPinDirection+0x26>
      a4:	88 0f       	add	r24, r24
      a6:	99 1f       	adc	r25, r25
      a8:	6a 95       	dec	r22
      aa:	e2 f7       	brpl	.-8      	; 0xa4 <DIO_voidSetPinDirection+0x22>
      ac:	80 95       	com	r24
      ae:	82 23       	and	r24, r18
      b0:	8a bb       	out	0x1a, r24	; 26
      b2:	08 95       	ret
      b4:	27 b3       	in	r18, 0x17	; 23
      b6:	81 e0       	ldi	r24, 0x01	; 1
      b8:	90 e0       	ldi	r25, 0x00	; 0
      ba:	02 c0       	rjmp	.+4      	; 0xc0 <DIO_voidSetPinDirection+0x3e>
      bc:	88 0f       	add	r24, r24
      be:	99 1f       	adc	r25, r25
      c0:	6a 95       	dec	r22
      c2:	e2 f7       	brpl	.-8      	; 0xbc <DIO_voidSetPinDirection+0x3a>
      c4:	80 95       	com	r24
      c6:	82 23       	and	r24, r18
      c8:	87 bb       	out	0x17, r24	; 23
      ca:	08 95       	ret
      cc:	24 b3       	in	r18, 0x14	; 20
      ce:	81 e0       	ldi	r24, 0x01	; 1
      d0:	90 e0       	ldi	r25, 0x00	; 0
      d2:	02 c0       	rjmp	.+4      	; 0xd8 <DIO_voidSetPinDirection+0x56>
      d4:	88 0f       	add	r24, r24
      d6:	99 1f       	adc	r25, r25
      d8:	6a 95       	dec	r22
      da:	e2 f7       	brpl	.-8      	; 0xd4 <DIO_voidSetPinDirection+0x52>
      dc:	80 95       	com	r24
      de:	82 23       	and	r24, r18
      e0:	84 bb       	out	0x14, r24	; 20
      e2:	08 95       	ret
      e4:	21 b3       	in	r18, 0x11	; 17
      e6:	81 e0       	ldi	r24, 0x01	; 1
      e8:	90 e0       	ldi	r25, 0x00	; 0
      ea:	02 c0       	rjmp	.+4      	; 0xf0 <DIO_voidSetPinDirection+0x6e>
      ec:	88 0f       	add	r24, r24
      ee:	99 1f       	adc	r25, r25
      f0:	6a 95       	dec	r22
      f2:	e2 f7       	brpl	.-8      	; 0xec <DIO_voidSetPinDirection+0x6a>
      f4:	80 95       	com	r24
      f6:	82 23       	and	r24, r18
      f8:	81 bb       	out	0x11, r24	; 17
      fa:	08 95       	ret
      fc:	81 30       	cpi	r24, 0x01	; 1
      fe:	89 f0       	breq	.+34     	; 0x122 <DIO_voidSetPinDirection+0xa0>
     100:	28 f0       	brcs	.+10     	; 0x10c <DIO_voidSetPinDirection+0x8a>
     102:	82 30       	cpi	r24, 0x02	; 2
     104:	c9 f0       	breq	.+50     	; 0x138 <DIO_voidSetPinDirection+0xb6>
     106:	83 30       	cpi	r24, 0x03	; 3
     108:	11 f1       	breq	.+68     	; 0x14e <DIO_voidSetPinDirection+0xcc>
     10a:	08 95       	ret
     10c:	2a b3       	in	r18, 0x1a	; 26
     10e:	81 e0       	ldi	r24, 0x01	; 1
     110:	90 e0       	ldi	r25, 0x00	; 0
     112:	02 c0       	rjmp	.+4      	; 0x118 <DIO_voidSetPinDirection+0x96>
     114:	88 0f       	add	r24, r24
     116:	99 1f       	adc	r25, r25
     118:	6a 95       	dec	r22
     11a:	e2 f7       	brpl	.-8      	; 0x114 <DIO_voidSetPinDirection+0x92>
     11c:	82 2b       	or	r24, r18
     11e:	8a bb       	out	0x1a, r24	; 26
     120:	08 95       	ret
     122:	27 b3       	in	r18, 0x17	; 23
     124:	81 e0       	ldi	r24, 0x01	; 1
     126:	90 e0       	ldi	r25, 0x00	; 0
     128:	02 c0       	rjmp	.+4      	; 0x12e <DIO_voidSetPinDirection+0xac>
     12a:	88 0f       	add	r24, r24
     12c:	99 1f       	adc	r25, r25
     12e:	6a 95       	dec	r22
     130:	e2 f7       	brpl	.-8      	; 0x12a <DIO_voidSetPinDirection+0xa8>
     132:	82 2b       	or	r24, r18
     134:	87 bb       	out	0x17, r24	; 23
     136:	08 95       	ret
     138:	24 b3       	in	r18, 0x14	; 20
     13a:	81 e0       	ldi	r24, 0x01	; 1
     13c:	90 e0       	ldi	r25, 0x00	; 0
     13e:	02 c0       	rjmp	.+4      	; 0x144 <DIO_voidSetPinDirection+0xc2>
     140:	88 0f       	add	r24, r24
     142:	99 1f       	adc	r25, r25
     144:	6a 95       	dec	r22
     146:	e2 f7       	brpl	.-8      	; 0x140 <DIO_voidSetPinDirection+0xbe>
     148:	82 2b       	or	r24, r18
     14a:	84 bb       	out	0x14, r24	; 20
     14c:	08 95       	ret
     14e:	21 b3       	in	r18, 0x11	; 17
     150:	81 e0       	ldi	r24, 0x01	; 1
     152:	90 e0       	ldi	r25, 0x00	; 0
     154:	02 c0       	rjmp	.+4      	; 0x15a <DIO_voidSetPinDirection+0xd8>
     156:	88 0f       	add	r24, r24
     158:	99 1f       	adc	r25, r25
     15a:	6a 95       	dec	r22
     15c:	e2 f7       	brpl	.-8      	; 0x156 <DIO_voidSetPinDirection+0xd4>
     15e:	82 2b       	or	r24, r18
     160:	81 bb       	out	0x11, r24	; 17
     162:	08 95       	ret

00000164 <DIO_voidSetPinValue>:
     164:	44 23       	and	r20, r20
     166:	19 f0       	breq	.+6      	; 0x16e <DIO_voidSetPinValue+0xa>
     168:	41 30       	cpi	r20, 0x01	; 1
     16a:	c9 f1       	breq	.+114    	; 0x1de <DIO_voidSetPinValue+0x7a>
     16c:	08 95       	ret
     16e:	81 30       	cpi	r24, 0x01	; 1
     170:	91 f0       	breq	.+36     	; 0x196 <DIO_voidSetPinValue+0x32>
     172:	28 f0       	brcs	.+10     	; 0x17e <DIO_voidSetPinValue+0x1a>
     174:	82 30       	cpi	r24, 0x02	; 2
     176:	d9 f0       	breq	.+54     	; 0x1ae <DIO_voidSetPinValue+0x4a>
     178:	83 30       	cpi	r24, 0x03	; 3
     17a:	29 f1       	breq	.+74     	; 0x1c6 <DIO_voidSetPinValue+0x62>
     17c:	08 95       	ret
     17e:	2b b3       	in	r18, 0x1b	; 27
     180:	81 e0       	ldi	r24, 0x01	; 1
     182:	90 e0       	ldi	r25, 0x00	; 0
     184:	02 c0       	rjmp	.+4      	; 0x18a <DIO_voidSetPinValue+0x26>
     186:	88 0f       	add	r24, r24
     188:	99 1f       	adc	r25, r25
     18a:	6a 95       	dec	r22
     18c:	e2 f7       	brpl	.-8      	; 0x186 <DIO_voidSetPinValue+0x22>
     18e:	80 95       	com	r24
     190:	82 23       	and	r24, r18
     192:	8b bb       	out	0x1b, r24	; 27
     194:	08 95       	ret
     196:	28 b3       	in	r18, 0x18	; 24
     198:	81 e0       	ldi	r24, 0x01	; 1
     19a:	90 e0       	ldi	r25, 0x00	; 0
     19c:	02 c0       	rjmp	.+4      	; 0x1a2 <DIO_voidSetPinValue+0x3e>
     19e:	88 0f       	add	r24, r24
     1a0:	99 1f       	adc	r25, r25
     1a2:	6a 95       	dec	r22
     1a4:	e2 f7       	brpl	.-8      	; 0x19e <DIO_voidSetPinValue+0x3a>
     1a6:	80 95       	com	r24
     1a8:	82 23       	and	r24, r18
     1aa:	88 bb       	out	0x18, r24	; 24
     1ac:	08 95       	ret
     1ae:	25 b3       	in	r18, 0x15	; 21
     1b0:	81 e0       	ldi	r24, 0x01	; 1
     1b2:	90 e0       	ldi	r25, 0x00	; 0
     1b4:	02 c0       	rjmp	.+4      	; 0x1ba <DIO_voidSetPinValue+0x56>
     1b6:	88 0f       	add	r24, r24
     1b8:	99 1f       	adc	r25, r25
     1ba:	6a 95       	dec	r22
     1bc:	e2 f7       	brpl	.-8      	; 0x1b6 <DIO_voidSetPinValue+0x52>
     1be:	80 95       	com	r24
     1c0:	82 23       	and	r24, r18
     1c2:	85 bb       	out	0x15, r24	; 21
     1c4:	08 95       	ret
     1c6:	22 b3       	in	r18, 0x12	; 18
     1c8:	81 e0       	ldi	r24, 0x01	; 1
     1ca:	90 e0       	ldi	r25, 0x00	; 0
     1cc:	02 c0       	rjmp	.+4      	; 0x1d2 <DIO_voidSetPinValue+0x6e>
     1ce:	88 0f       	add	r24, r24
     1d0:	99 1f       	adc	r25, r25
     1d2:	6a 95       	dec	r22
     1d4:	e2 f7       	brpl	.-8      	; 0x1ce <DIO_voidSetPinValue+0x6a>
     1d6:	80 95       	com	r24
     1d8:	82 23       	and	r24, r18
     1da:	82 bb       	out	0x12, r24	; 18
     1dc:	08 95       	ret
     1de:	81 30       	cpi	r24, 0x01	; 1
     1e0:	89 f0       	breq	.+34     	; 0x204 <DIO_voidSetPinValue+0xa0>
     1e2:	28 f0       	brcs	.+10     	; 0x1ee <DIO_voidSetPinValue+0x8a>
     1e4:	82 30       	cpi	r24, 0x02	; 2
     1e6:	c9 f0       	breq	.+50     	; 0x21a <DIO_voidSetPinValue+0xb6>
     1e8:	83 30       	cpi	r24, 0x03	; 3
     1ea:	11 f1       	breq	.+68     	; 0x230 <DIO_voidSetPinValue+0xcc>
     1ec:	08 95       	ret
     1ee:	2b b3       	in	r18, 0x1b	; 27
     1f0:	81 e0       	ldi	r24, 0x01	; 1
     1f2:	90 e0       	ldi	r25, 0x00	; 0
     1f4:	02 c0       	rjmp	.+4      	; 0x1fa <DIO_voidSetPinValue+0x96>
     1f6:	88 0f       	add	r24, r24
     1f8:	99 1f       	adc	r25, r25
     1fa:	6a 95       	dec	r22
     1fc:	e2 f7       	brpl	.-8      	; 0x1f6 <DIO_voidSetPinValue+0x92>
     1fe:	82 2b       	or	r24, r18
     200:	8b bb       	out	0x1b, r24	; 27
     202:	08 95       	ret
     204:	28 b3       	in	r18, 0x18	; 24
     206:	81 e0       	ldi	r24, 0x01	; 1
     208:	90 e0       	ldi	r25, 0x00	; 0
     20a:	02 c0       	rjmp	.+4      	; 0x210 <DIO_voidSetPinValue+0xac>
     20c:	88 0f       	add	r24, r24
     20e:	99 1f       	adc	r25, r25
     210:	6a 95       	dec	r22
     212:	e2 f7       	brpl	.-8      	; 0x20c <DIO_voidSetPinValue+0xa8>
     214:	82 2b       	or	r24, r18
     216:	88 bb       	out	0x18, r24	; 24
     218:	08 95       	ret
     21a:	25 b3       	in	r18, 0x15	; 21
     21c:	81 e0       	ldi	r24, 0x01	; 1
     21e:	90 e0       	ldi	r25, 0x00	; 0
     220:	02 c0       	rjmp	.+4      	; 0x226 <DIO_voidSetPinValue+0xc2>
     222:	88 0f       	add	r24, r24
     224:	99 1f       	adc	r25, r25
     226:	6a 95       	dec	r22
     228:	e2 f7       	brpl	.-8      	; 0x222 <DIO_voidSetPinValue+0xbe>
     22a:	82 2b       	or	r24, r18
     22c:	85 bb       	out	0x15, r24	; 21
     22e:	08 95       	ret
     230:	22 b3       	in	r18, 0x12	; 18
     232:	81 e0       	ldi	r24, 0x01	; 1
     234:	90 e0       	ldi	r25, 0x00	; 0
     236:	02 c0       	rjmp	.+4      	; 0x23c <DIO_voidSetPinValue+0xd8>
     238:	88 0f       	add	r24, r24
     23a:	99 1f       	adc	r25, r25
     23c:	6a 95       	dec	r22
     23e:	e2 f7       	brpl	.-8      	; 0x238 <DIO_voidSetPinValue+0xd4>
     240:	82 2b       	or	r24, r18
     242:	82 bb       	out	0x12, r24	; 18
     244:	08 95       	ret

00000246 <DIO_voidGetPinValue>:


void DIO_voidGetPinValue(u8 copy_u8PortId, u8 copy_u8PinId, u8* copy_pu8PinValue){
	if(copy_pu8PinValue != NULL){
     246:	41 15       	cp	r20, r1
     248:	51 05       	cpc	r21, r1
     24a:	99 f1       	breq	.+102    	; 0x2b2 <DIO_voidGetPinValue+0x6c>
		switch(copy_u8PortId)
     24c:	81 30       	cpi	r24, 0x01	; 1
     24e:	89 f0       	breq	.+34     	; 0x272 <DIO_voidGetPinValue+0x2c>
     250:	28 f0       	brcs	.+10     	; 0x25c <DIO_voidGetPinValue+0x16>
     252:	82 30       	cpi	r24, 0x02	; 2
     254:	c9 f0       	breq	.+50     	; 0x288 <DIO_voidGetPinValue+0x42>
     256:	83 30       	cpi	r24, 0x03	; 3
     258:	11 f1       	breq	.+68     	; 0x29e <DIO_voidGetPinValue+0x58>
     25a:	08 95       	ret
		{
			case DIO_PORTA: *copy_pu8PinValue = GET_BIT(PINA_REG, copy_u8PinId); break;
     25c:	89 b3       	in	r24, 0x19	; 25
     25e:	90 e0       	ldi	r25, 0x00	; 0
     260:	02 c0       	rjmp	.+4      	; 0x266 <DIO_voidGetPinValue+0x20>
     262:	95 95       	asr	r25
     264:	87 95       	ror	r24
     266:	6a 95       	dec	r22
     268:	e2 f7       	brpl	.-8      	; 0x262 <DIO_voidGetPinValue+0x1c>
     26a:	81 70       	andi	r24, 0x01	; 1
     26c:	fa 01       	movw	r30, r20
     26e:	80 83       	st	Z, r24
     270:	08 95       	ret
			case DIO_PORTB: *copy_pu8PinValue = GET_BIT(PINB_REG, copy_u8PinId); break;
     272:	86 b3       	in	r24, 0x16	; 22
     274:	90 e0       	ldi	r25, 0x00	; 0
     276:	02 c0       	rjmp	.+4      	; 0x27c <DIO_voidGetPinValue+0x36>
     278:	95 95       	asr	r25
     27a:	87 95       	ror	r24
     27c:	6a 95       	dec	r22
     27e:	e2 f7       	brpl	.-8      	; 0x278 <DIO_voidGetPinValue+0x32>
     280:	81 70       	andi	r24, 0x01	; 1
     282:	fa 01       	movw	r30, r20
     284:	80 83       	st	Z, r24
     286:	08 95       	ret
			case DIO_PORTC: *copy_pu8PinValue = GET_BIT(PINC_REG, copy_u8PinId); break;
     288:	83 b3       	in	r24, 0x13	; 19
     28a:	90 e0       	ldi	r25, 0x00	; 0
     28c:	02 c0       	rjmp	.+4      	; 0x292 <DIO_voidGetPinValue+0x4c>
     28e:	95 95       	asr	r25
     290:	87 95       	ror	r24
     292:	6a 95       	dec	r22
     294:	e2 f7       	brpl	.-8      	; 0x28e <DIO_voidGetPinValue+0x48>
     296:	81 70       	andi	r24, 0x01	; 1
     298:	fa 01       	movw	r30, r20
     29a:	80 83       	st	Z, r24
     29c:	08 95       	ret
			case DIO_PORTD: *copy_pu8PinValue = GET_BIT(PIND_REG, copy_u8PinId); break;
     29e:	80 b3       	in	r24, 0x10	; 16
     2a0:	90 e0       	ldi	r25, 0x00	; 0
     2a2:	02 c0       	rjmp	.+4      	; 0x2a8 <DIO_voidGetPinValue+0x62>
     2a4:	95 95       	asr	r25
     2a6:	87 95       	ror	r24
     2a8:	6a 95       	dec	r22
     2aa:	e2 f7       	brpl	.-8      	; 0x2a4 <DIO_voidGetPinValue+0x5e>
     2ac:	81 70       	andi	r24, 0x01	; 1
     2ae:	fa 01       	movw	r30, r20
     2b0:	80 83       	st	Z, r24
     2b2:	08 95       	ret

000002b4 <DIO_voidActivePinInternalPUR>:
	}
}


void DIO_voidActivePinInternalPUR(u8 copy_u8PortId, u8 copy_u8PinId){
	switch(copy_u8PortId)
     2b4:	81 30       	cpi	r24, 0x01	; 1
     2b6:	89 f0       	breq	.+34     	; 0x2da <DIO_voidActivePinInternalPUR+0x26>
     2b8:	28 f0       	brcs	.+10     	; 0x2c4 <DIO_voidActivePinInternalPUR+0x10>
     2ba:	82 30       	cpi	r24, 0x02	; 2
     2bc:	c9 f0       	breq	.+50     	; 0x2f0 <DIO_voidActivePinInternalPUR+0x3c>
     2be:	83 30       	cpi	r24, 0x03	; 3
     2c0:	11 f1       	breq	.+68     	; 0x306 <DIO_voidActivePinInternalPUR+0x52>
     2c2:	08 95       	ret
	{
		case DIO_PORTA: SET_BIT(PORTA_REG, copy_u8PinId); break;
     2c4:	2b b3       	in	r18, 0x1b	; 27
     2c6:	81 e0       	ldi	r24, 0x01	; 1
     2c8:	90 e0       	ldi	r25, 0x00	; 0
     2ca:	02 c0       	rjmp	.+4      	; 0x2d0 <DIO_voidActivePinInternalPUR+0x1c>
     2cc:	88 0f       	add	r24, r24
     2ce:	99 1f       	adc	r25, r25
     2d0:	6a 95       	dec	r22
     2d2:	e2 f7       	brpl	.-8      	; 0x2cc <DIO_voidActivePinInternalPUR+0x18>
     2d4:	82 2b       	or	r24, r18
     2d6:	8b bb       	out	0x1b, r24	; 27
     2d8:	08 95       	ret
		case DIO_PORTB: SET_BIT(PORTB_REG, copy_u8PinId); break;
     2da:	28 b3       	in	r18, 0x18	; 24
     2dc:	81 e0       	ldi	r24, 0x01	; 1
     2de:	90 e0       	ldi	r25, 0x00	; 0
     2e0:	02 c0       	rjmp	.+4      	; 0x2e6 <DIO_voidActivePinInternalPUR+0x32>
     2e2:	88 0f       	add	r24, r24
     2e4:	99 1f       	adc	r25, r25
     2e6:	6a 95       	dec	r22
     2e8:	e2 f7       	brpl	.-8      	; 0x2e2 <DIO_voidActivePinInternalPUR+0x2e>
     2ea:	82 2b       	or	r24, r18
     2ec:	88 bb       	out	0x18, r24	; 24
     2ee:	08 95       	ret
		case DIO_PORTC: SET_BIT(PORTC_REG, copy_u8PinId); break;
     2f0:	25 b3       	in	r18, 0x15	; 21
     2f2:	81 e0       	ldi	r24, 0x01	; 1
     2f4:	90 e0       	ldi	r25, 0x00	; 0
     2f6:	02 c0       	rjmp	.+4      	; 0x2fc <DIO_voidActivePinInternalPUR+0x48>
     2f8:	88 0f       	add	r24, r24
     2fa:	99 1f       	adc	r25, r25
     2fc:	6a 95       	dec	r22
     2fe:	e2 f7       	brpl	.-8      	; 0x2f8 <DIO_voidActivePinInternalPUR+0x44>
     300:	82 2b       	or	r24, r18
     302:	85 bb       	out	0x15, r24	; 21
     304:	08 95       	ret
		case DIO_PORTD: SET_BIT(PORTD_REG, copy_u8PinId); break;
     306:	22 b3       	in	r18, 0x12	; 18
     308:	81 e0       	ldi	r24, 0x01	; 1
     30a:	90 e0       	ldi	r25, 0x00	; 0
     30c:	02 c0       	rjmp	.+4      	; 0x312 <DIO_voidActivePinInternalPUR+0x5e>
     30e:	88 0f       	add	r24, r24
     310:	99 1f       	adc	r25, r25
     312:	6a 95       	dec	r22
     314:	e2 f7       	brpl	.-8      	; 0x30e <DIO_voidActivePinInternalPUR+0x5a>
     316:	82 2b       	or	r24, r18
     318:	82 bb       	out	0x12, r24	; 18
     31a:	08 95       	ret

0000031c <KPD_voidInit>:
#include "KPD_config.h"


void KPD_voidInit(void){
	//Set KPD Rows As Input Pins
	DIO_voidSetPinDirection(KPD_ROW0_PORT, KPD_ROW0_PIN, DIO_PIN_INPUT);
     31c:	40 e0       	ldi	r20, 0x00	; 0
     31e:	60 e0       	ldi	r22, 0x00	; 0
     320:	80 e0       	ldi	r24, 0x00	; 0
     322:	0e 94 41 00 	call	0x82	; 0x82 <DIO_voidSetPinDirection>
	DIO_voidSetPinDirection(KPD_ROW1_PORT, KPD_ROW1_PIN, DIO_PIN_INPUT);
     326:	40 e0       	ldi	r20, 0x00	; 0
     328:	61 e0       	ldi	r22, 0x01	; 1
     32a:	80 e0       	ldi	r24, 0x00	; 0
     32c:	0e 94 41 00 	call	0x82	; 0x82 <DIO_voidSetPinDirection>
	DIO_voidSetPinDirection(KPD_ROW2_PORT, KPD_ROW2_PIN, DIO_PIN_INPUT);
     330:	40 e0       	ldi	r20, 0x00	; 0
     332:	62 e0       	ldi	r22, 0x02	; 2
     334:	80 e0       	ldi	r24, 0x00	; 0
     336:	0e 94 41 00 	call	0x82	; 0x82 <DIO_voidSetPinDirection>
	DIO_voidSetPinDirection(KPD_ROW3_PORT, KPD_ROW3_PIN, DIO_PIN_INPUT);
     33a:	40 e0       	ldi	r20, 0x00	; 0
     33c:	63 e0       	ldi	r22, 0x03	; 3
     33e:	80 e0       	ldi	r24, 0x00	; 0
     340:	0e 94 41 00 	call	0x82	; 0x82 <DIO_voidSetPinDirection>
	
	//Set KPD Cols As Output Pins
	DIO_voidSetPinDirection(KPD_COL0_PORT, KPD_COL0_PIN, DIO_PIN_OUTPUT);
     344:	41 e0       	ldi	r20, 0x01	; 1
     346:	60 e0       	ldi	r22, 0x00	; 0
     348:	83 e0       	ldi	r24, 0x03	; 3
     34a:	0e 94 41 00 	call	0x82	; 0x82 <DIO_voidSetPinDirection>
	DIO_voidSetPinDirection(KPD_COL1_PORT, KPD_COL1_PIN, DIO_PIN_OUTPUT);
     34e:	41 e0       	ldi	r20, 0x01	; 1
     350:	61 e0       	ldi	r22, 0x01	; 1
     352:	83 e0       	ldi	r24, 0x03	; 3
     354:	0e 94 41 00 	call	0x82	; 0x82 <DIO_voidSetPinDirection>
	DIO_voidSetPinDirection(KPD_COL2_PORT, KPD_COL2_PIN, DIO_PIN_OUTPUT);
     358:	41 e0       	ldi	r20, 0x01	; 1
     35a:	62 e0       	ldi	r22, 0x02	; 2
     35c:	83 e0       	ldi	r24, 0x03	; 3
     35e:	0e 94 41 00 	call	0x82	; 0x82 <DIO_voidSetPinDirection>
	
	//Active Internal PullUp 
	DIO_voidActivePinInternalPUR(KPD_ROW0_PORT, KPD_ROW0_PIN);
     362:	60 e0       	ldi	r22, 0x00	; 0
     364:	80 e0       	ldi	r24, 0x00	; 0
     366:	0e 94 5a 01 	call	0x2b4	; 0x2b4 <DIO_voidActivePinInternalPUR>
	DIO_voidActivePinInternalPUR(KPD_ROW1_PORT, KPD_ROW1_PIN);
     36a:	61 e0       	ldi	r22, 0x01	; 1
     36c:	80 e0       	ldi	r24, 0x00	; 0
     36e:	0e 94 5a 01 	call	0x2b4	; 0x2b4 <DIO_voidActivePinInternalPUR>
	DIO_voidActivePinInternalPUR(KPD_ROW2_PORT, KPD_ROW2_PIN);
     372:	62 e0       	ldi	r22, 0x02	; 2
     374:	80 e0       	ldi	r24, 0x00	; 0
     376:	0e 94 5a 01 	call	0x2b4	; 0x2b4 <DIO_voidActivePinInternalPUR>
	DIO_voidActivePinInternalPUR(KPD_ROW3_PORT, KPD_ROW3_PIN);
     37a:	63 e0       	ldi	r22, 0x03	; 3
     37c:	80 e0       	ldi	r24, 0x00	; 0
     37e:	0e 94 5a 01 	call	0x2b4	; 0x2b4 <DIO_voidActivePinInternalPUR>
	
	//Set Cols Initially High
	DIO_voidSetPinValue(KPD_COL0_PORT, KPD_COL0_PIN, DIO_PIN_HIGH);
     382:	41 e0       	ldi	r20, 0x01	; 1
     384:	60 e0       	ldi	r22, 0x00	; 0
     386:	83 e0       	ldi	r24, 0x03	; 3
     388:	0e 94 b2 00 	call	0x164	; 0x164 <DIO_voidSetPinValue>
	DIO_voidSetPinValue(KPD_COL1_PORT, KPD_COL1_PIN, DIO_PIN_HIGH);
     38c:	41 e0       	ldi	r20, 0x01	; 1
     38e:	61 e0       	ldi	r22, 0x01	; 1
     390:	83 e0       	ldi	r24, 0x03	; 3
     392:	0e 94 b2 00 	call	0x164	; 0x164 <DIO_voidSetPinValue>
	DIO_voidSetPinValue(KPD_COL2_PORT, KPD_COL2_PIN, DIO_PIN_HIGH);
     396:	41 e0       	ldi	r20, 0x01	; 1
     398:	62 e0       	ldi	r22, 0x02	; 2
     39a:	83 e0       	ldi	r24, 0x03	; 3
     39c:	0e 94 b2 00 	call	0x164	; 0x164 <DIO_voidSetPinValue>
     3a0:	08 95       	ret

000003a2 <KPD_voidGetValue>:
}


void KPD_voidGetValue(u8* copy_pu8PressedValue){
     3a2:	ef 92       	push	r14
     3a4:	ff 92       	push	r15
     3a6:	0f 93       	push	r16
     3a8:	1f 93       	push	r17
     3aa:	cf 93       	push	r28
     3ac:	df 93       	push	r29
     3ae:	cd b7       	in	r28, 0x3d	; 61
     3b0:	de b7       	in	r29, 0x3e	; 62
     3b2:	2d 97       	sbiw	r28, 0x0d	; 13
     3b4:	0f b6       	in	r0, 0x3f	; 63
     3b6:	f8 94       	cli
     3b8:	de bf       	out	0x3e, r29	; 62
     3ba:	0f be       	out	0x3f, r0	; 63
     3bc:	cd bf       	out	0x3d, r28	; 61
	if(copy_pu8PressedValue != NULL)
     3be:	00 97       	sbiw	r24, 0x00	; 0
     3c0:	09 f4       	brne	.+2      	; 0x3c4 <KPD_voidGetValue+0x22>
     3c2:	af c0       	rjmp	.+350    	; 0x522 <__EEPROM_REGION_LENGTH__+0x122>
     3c4:	7c 01       	movw	r14, r24
    {
		u8 local_au8KPD_Chars[KPD_NUMBER_OF_ROWS][KPD_NUMBER_OF_COLS] = KPD_KEYS; //Keypad Mapping
     3c6:	8c e0       	ldi	r24, 0x0C	; 12
     3c8:	e0 e6       	ldi	r30, 0x60	; 96
     3ca:	f0 e0       	ldi	r31, 0x00	; 0
     3cc:	de 01       	movw	r26, r28
     3ce:	11 96       	adiw	r26, 0x01	; 1
     3d0:	01 90       	ld	r0, Z+
     3d2:	0d 92       	st	X+, r0
     3d4:	8a 95       	dec	r24
     3d6:	e1 f7       	brne	.-8      	; 0x3d0 <KPD_voidGetValue+0x2e>
		
		*copy_pu8PressedValue = KPD_NOT_PRESSED; //If Not Pressed Don't Print Garbage Value
     3d8:	8f ef       	ldi	r24, 0xFF	; 255
     3da:	f7 01       	movw	r30, r14
     3dc:	80 83       	st	Z, r24
		
		u8 local_u8ColsCounter, local_u8RowsCounter;
		
		u8 local_u8PinValue; //To Check If Switch Is Pressed(=0) 
		
		for(local_u8ColsCounter = 0 ; local_u8ColsCounter<KPD_NUMBER_OF_COLS ; local_u8ColsCounter++)
     3de:	10 e0       	ldi	r17, 0x00	; 0
     3e0:	9d c0       	rjmp	.+314    	; 0x51c <__EEPROM_REGION_LENGTH__+0x11c>
        {
			//Active Low Of Current Columns
			switch(local_u8ColsCounter)
     3e2:	11 30       	cpi	r17, 0x01	; 1
     3e4:	51 f0       	breq	.+20     	; 0x3fa <KPD_voidGetValue+0x58>
     3e6:	18 f0       	brcs	.+6      	; 0x3ee <KPD_voidGetValue+0x4c>
     3e8:	12 30       	cpi	r17, 0x02	; 2
     3ea:	71 f0       	breq	.+28     	; 0x408 <__EEPROM_REGION_LENGTH__+0x8>
     3ec:	0b c0       	rjmp	.+22     	; 0x404 <__EEPROM_REGION_LENGTH__+0x4>
			{
				case 0: DIO_voidSetPinValue(KPD_COL0_PORT, KPD_COL0_PIN, DIO_PIN_LOW); break;
     3ee:	40 e0       	ldi	r20, 0x00	; 0
     3f0:	60 e0       	ldi	r22, 0x00	; 0
     3f2:	83 e0       	ldi	r24, 0x03	; 3
     3f4:	0e 94 b2 00 	call	0x164	; 0x164 <DIO_voidSetPinValue>
     3f8:	05 c0       	rjmp	.+10     	; 0x404 <__EEPROM_REGION_LENGTH__+0x4>
				case 1: DIO_voidSetPinValue(KPD_COL1_PORT, KPD_COL1_PIN, DIO_PIN_LOW); break;
     3fa:	40 e0       	ldi	r20, 0x00	; 0
     3fc:	61 e0       	ldi	r22, 0x01	; 1
     3fe:	83 e0       	ldi	r24, 0x03	; 3
     400:	0e 94 b2 00 	call	0x164	; 0x164 <DIO_voidSetPinValue>
	DIO_voidSetPinValue(KPD_COL1_PORT, KPD_COL1_PIN, DIO_PIN_HIGH);
	DIO_voidSetPinValue(KPD_COL2_PORT, KPD_COL2_PIN, DIO_PIN_HIGH);
}


void KPD_voidGetValue(u8* copy_pu8PressedValue){
     404:	00 e0       	ldi	r16, 0x00	; 0
     406:	6f c0       	rjmp	.+222    	; 0x4e6 <__EEPROM_REGION_LENGTH__+0xe6>
			//Active Low Of Current Columns
			switch(local_u8ColsCounter)
			{
				case 0: DIO_voidSetPinValue(KPD_COL0_PORT, KPD_COL0_PIN, DIO_PIN_LOW); break;
				case 1: DIO_voidSetPinValue(KPD_COL1_PORT, KPD_COL1_PIN, DIO_PIN_LOW); break;
				case 2: DIO_voidSetPinValue(KPD_COL2_PORT, KPD_COL2_PIN, DIO_PIN_LOW); break;
     408:	40 e0       	ldi	r20, 0x00	; 0
     40a:	62 e0       	ldi	r22, 0x02	; 2
     40c:	83 e0       	ldi	r24, 0x03	; 3
     40e:	0e 94 b2 00 	call	0x164	; 0x164 <DIO_voidSetPinValue>
     412:	f8 cf       	rjmp	.-16     	; 0x404 <__EEPROM_REGION_LENGTH__+0x4>
			}
			
			//Check Each Row
			for(local_u8RowsCounter = 0 ; local_u8RowsCounter<KPD_NUMBER_OF_ROWS ; local_u8RowsCounter++)
			{
				switch(local_u8RowsCounter)
     414:	01 30       	cpi	r16, 0x01	; 1
     416:	71 f0       	breq	.+28     	; 0x434 <__EEPROM_REGION_LENGTH__+0x34>
     418:	28 f0       	brcs	.+10     	; 0x424 <__EEPROM_REGION_LENGTH__+0x24>
     41a:	02 30       	cpi	r16, 0x02	; 2
     41c:	99 f0       	breq	.+38     	; 0x444 <__EEPROM_REGION_LENGTH__+0x44>
     41e:	03 30       	cpi	r16, 0x03	; 3
     420:	c9 f0       	breq	.+50     	; 0x454 <__EEPROM_REGION_LENGTH__+0x54>
     422:	1f c0       	rjmp	.+62     	; 0x462 <__EEPROM_REGION_LENGTH__+0x62>
				{
					case 0: DIO_voidGetPinValue(KPD_ROW0_PORT, KPD_ROW0_PIN, &local_u8PinValue); break;
     424:	ae 01       	movw	r20, r28
     426:	43 5f       	subi	r20, 0xF3	; 243
     428:	5f 4f       	sbci	r21, 0xFF	; 255
     42a:	60 e0       	ldi	r22, 0x00	; 0
     42c:	80 e0       	ldi	r24, 0x00	; 0
     42e:	0e 94 23 01 	call	0x246	; 0x246 <DIO_voidGetPinValue>
     432:	17 c0       	rjmp	.+46     	; 0x462 <__EEPROM_REGION_LENGTH__+0x62>
					case 1: DIO_voidGetPinValue(KPD_ROW1_PORT, KPD_ROW1_PIN, &local_u8PinValue); break;
     434:	ae 01       	movw	r20, r28
     436:	43 5f       	subi	r20, 0xF3	; 243
     438:	5f 4f       	sbci	r21, 0xFF	; 255
     43a:	61 e0       	ldi	r22, 0x01	; 1
     43c:	80 e0       	ldi	r24, 0x00	; 0
     43e:	0e 94 23 01 	call	0x246	; 0x246 <DIO_voidGetPinValue>
     442:	0f c0       	rjmp	.+30     	; 0x462 <__EEPROM_REGION_LENGTH__+0x62>
					case 2: DIO_voidGetPinValue(KPD_ROW2_PORT, KPD_ROW2_PIN, &local_u8PinValue); break;
     444:	ae 01       	movw	r20, r28
     446:	43 5f       	subi	r20, 0xF3	; 243
     448:	5f 4f       	sbci	r21, 0xFF	; 255
     44a:	62 e0       	ldi	r22, 0x02	; 2
     44c:	80 e0       	ldi	r24, 0x00	; 0
     44e:	0e 94 23 01 	call	0x246	; 0x246 <DIO_voidGetPinValue>
     452:	07 c0       	rjmp	.+14     	; 0x462 <__EEPROM_REGION_LENGTH__+0x62>
					case 3: DIO_voidGetPinValue(KPD_ROW3_PORT, KPD_ROW3_PIN, &local_u8PinValue); break;
     454:	ae 01       	movw	r20, r28
     456:	43 5f       	subi	r20, 0xF3	; 243
     458:	5f 4f       	sbci	r21, 0xFF	; 255
     45a:	63 e0       	ldi	r22, 0x03	; 3
     45c:	80 e0       	ldi	r24, 0x00	; 0
     45e:	0e 94 23 01 	call	0x246	; 0x246 <DIO_voidGetPinValue>
				}
				
				//Is Pressed (if == 0?)
				if(local_u8PinValue == 0)
     462:	8d 85       	ldd	r24, Y+13	; 0x0d
     464:	81 11       	cpse	r24, r1
     466:	3e c0       	rjmp	.+124    	; 0x4e4 <__EEPROM_REGION_LENGTH__+0xe4>
     468:	27 c0       	rjmp	.+78     	; 0x4b8 <__EEPROM_REGION_LENGTH__+0xb8>
				{
					while(local_u8PinValue == 0)  // Wait until release
					{
						switch(local_u8RowsCounter) 
     46a:	01 30       	cpi	r16, 0x01	; 1
     46c:	71 f0       	breq	.+28     	; 0x48a <__EEPROM_REGION_LENGTH__+0x8a>
     46e:	28 f0       	brcs	.+10     	; 0x47a <__EEPROM_REGION_LENGTH__+0x7a>
     470:	02 30       	cpi	r16, 0x02	; 2
     472:	99 f0       	breq	.+38     	; 0x49a <__EEPROM_REGION_LENGTH__+0x9a>
     474:	03 30       	cpi	r16, 0x03	; 3
     476:	c9 f0       	breq	.+50     	; 0x4aa <__EEPROM_REGION_LENGTH__+0xaa>
     478:	1f c0       	rjmp	.+62     	; 0x4b8 <__EEPROM_REGION_LENGTH__+0xb8>
						{
							case 0: DIO_voidGetPinValue(KPD_ROW0_PORT, KPD_ROW0_PIN, &local_u8PinValue); break;
     47a:	ae 01       	movw	r20, r28
     47c:	43 5f       	subi	r20, 0xF3	; 243
     47e:	5f 4f       	sbci	r21, 0xFF	; 255
     480:	60 e0       	ldi	r22, 0x00	; 0
     482:	80 e0       	ldi	r24, 0x00	; 0
     484:	0e 94 23 01 	call	0x246	; 0x246 <DIO_voidGetPinValue>
     488:	17 c0       	rjmp	.+46     	; 0x4b8 <__EEPROM_REGION_LENGTH__+0xb8>
							case 1: DIO_voidGetPinValue(KPD_ROW1_PORT, KPD_ROW1_PIN, &local_u8PinValue); break;
     48a:	ae 01       	movw	r20, r28
     48c:	43 5f       	subi	r20, 0xF3	; 243
     48e:	5f 4f       	sbci	r21, 0xFF	; 255
     490:	61 e0       	ldi	r22, 0x01	; 1
     492:	80 e0       	ldi	r24, 0x00	; 0
     494:	0e 94 23 01 	call	0x246	; 0x246 <DIO_voidGetPinValue>
     498:	0f c0       	rjmp	.+30     	; 0x4b8 <__EEPROM_REGION_LENGTH__+0xb8>
							case 2: DIO_voidGetPinValue(KPD_ROW2_PORT, KPD_ROW2_PIN, &local_u8PinValue); break;
     49a:	ae 01       	movw	r20, r28
     49c:	43 5f       	subi	r20, 0xF3	; 243
     49e:	5f 4f       	sbci	r21, 0xFF	; 255
     4a0:	62 e0       	ldi	r22, 0x02	; 2
     4a2:	80 e0       	ldi	r24, 0x00	; 0
     4a4:	0e 94 23 01 	call	0x246	; 0x246 <DIO_voidGetPinValue>
     4a8:	07 c0       	rjmp	.+14     	; 0x4b8 <__EEPROM_REGION_LENGTH__+0xb8>
							case 3: DIO_voidGetPinValue(KPD_ROW3_PORT, KPD_ROW3_PIN, &local_u8PinValue); break;
     4aa:	ae 01       	movw	r20, r28
     4ac:	43 5f       	subi	r20, 0xF3	; 243
     4ae:	5f 4f       	sbci	r21, 0xFF	; 255
     4b0:	63 e0       	ldi	r22, 0x03	; 3
     4b2:	80 e0       	ldi	r24, 0x00	; 0
     4b4:	0e 94 23 01 	call	0x246	; 0x246 <DIO_voidGetPinValue>
				}
				
				//Is Pressed (if == 0?)
				if(local_u8PinValue == 0)
				{
					while(local_u8PinValue == 0)  // Wait until release
     4b8:	8d 85       	ldd	r24, Y+13	; 0x0d
     4ba:	88 23       	and	r24, r24
     4bc:	b1 f2       	breq	.-84     	; 0x46a <__EEPROM_REGION_LENGTH__+0x6a>
							case 2: DIO_voidGetPinValue(KPD_ROW2_PORT, KPD_ROW2_PIN, &local_u8PinValue); break;
							case 3: DIO_voidGetPinValue(KPD_ROW3_PORT, KPD_ROW3_PIN, &local_u8PinValue); break;
						}
					}
					
					*copy_pu8PressedValue = local_au8KPD_Chars[local_u8RowsCounter][local_u8ColsCounter];
     4be:	20 2f       	mov	r18, r16
     4c0:	30 e0       	ldi	r19, 0x00	; 0
     4c2:	f9 01       	movw	r30, r18
     4c4:	ee 0f       	add	r30, r30
     4c6:	ff 1f       	adc	r31, r31
     4c8:	e2 0f       	add	r30, r18
     4ca:	f3 1f       	adc	r31, r19
     4cc:	81 e0       	ldi	r24, 0x01	; 1
     4ce:	90 e0       	ldi	r25, 0x00	; 0
     4d0:	8c 0f       	add	r24, r28
     4d2:	9d 1f       	adc	r25, r29
     4d4:	e8 0f       	add	r30, r24
     4d6:	f9 1f       	adc	r31, r25
     4d8:	e1 0f       	add	r30, r17
     4da:	f1 1d       	adc	r31, r1
     4dc:	80 81       	ld	r24, Z
     4de:	f7 01       	movw	r30, r14
     4e0:	80 83       	st	Z, r24
     4e2:	1f c0       	rjmp	.+62     	; 0x522 <__EEPROM_REGION_LENGTH__+0x122>
				case 1: DIO_voidSetPinValue(KPD_COL1_PORT, KPD_COL1_PIN, DIO_PIN_LOW); break;
				case 2: DIO_voidSetPinValue(KPD_COL2_PORT, KPD_COL2_PIN, DIO_PIN_LOW); break;
			}
			
			//Check Each Row
			for(local_u8RowsCounter = 0 ; local_u8RowsCounter<KPD_NUMBER_OF_ROWS ; local_u8RowsCounter++)
     4e4:	0f 5f       	subi	r16, 0xFF	; 255
     4e6:	04 30       	cpi	r16, 0x04	; 4
     4e8:	08 f4       	brcc	.+2      	; 0x4ec <__EEPROM_REGION_LENGTH__+0xec>
     4ea:	94 cf       	rjmp	.-216    	; 0x414 <__EEPROM_REGION_LENGTH__+0x14>
					return;
				}
			}
			
			//DeActivate The Current Column
			switch(local_u8ColsCounter)
     4ec:	11 30       	cpi	r17, 0x01	; 1
     4ee:	51 f0       	breq	.+20     	; 0x504 <__EEPROM_REGION_LENGTH__+0x104>
     4f0:	18 f0       	brcs	.+6      	; 0x4f8 <__EEPROM_REGION_LENGTH__+0xf8>
     4f2:	12 30       	cpi	r17, 0x02	; 2
     4f4:	69 f0       	breq	.+26     	; 0x510 <__EEPROM_REGION_LENGTH__+0x110>
     4f6:	11 c0       	rjmp	.+34     	; 0x51a <__EEPROM_REGION_LENGTH__+0x11a>
			{
				case 0: DIO_voidSetPinValue(KPD_COL0_PORT, KPD_COL0_PIN, DIO_PIN_HIGH); break;
     4f8:	41 e0       	ldi	r20, 0x01	; 1
     4fa:	60 e0       	ldi	r22, 0x00	; 0
     4fc:	83 e0       	ldi	r24, 0x03	; 3
     4fe:	0e 94 b2 00 	call	0x164	; 0x164 <DIO_voidSetPinValue>
     502:	0b c0       	rjmp	.+22     	; 0x51a <__EEPROM_REGION_LENGTH__+0x11a>
				case 1: DIO_voidSetPinValue(KPD_COL1_PORT, KPD_COL1_PIN, DIO_PIN_HIGH); break;
     504:	41 e0       	ldi	r20, 0x01	; 1
     506:	61 e0       	ldi	r22, 0x01	; 1
     508:	83 e0       	ldi	r24, 0x03	; 3
     50a:	0e 94 b2 00 	call	0x164	; 0x164 <DIO_voidSetPinValue>
     50e:	05 c0       	rjmp	.+10     	; 0x51a <__EEPROM_REGION_LENGTH__+0x11a>
				case 2: DIO_voidSetPinValue(KPD_COL2_PORT, KPD_COL2_PIN, DIO_PIN_HIGH); break;
     510:	41 e0       	ldi	r20, 0x01	; 1
     512:	62 e0       	ldi	r22, 0x02	; 2
     514:	83 e0       	ldi	r24, 0x03	; 3
     516:	0e 94 b2 00 	call	0x164	; 0x164 <DIO_voidSetPinValue>
		
		u8 local_u8ColsCounter, local_u8RowsCounter;
		
		u8 local_u8PinValue; //To Check If Switch Is Pressed(=0) 
		
		for(local_u8ColsCounter = 0 ; local_u8ColsCounter<KPD_NUMBER_OF_COLS ; local_u8ColsCounter++)
     51a:	1f 5f       	subi	r17, 0xFF	; 255
     51c:	13 30       	cpi	r17, 0x03	; 3
     51e:	08 f4       	brcc	.+2      	; 0x522 <__EEPROM_REGION_LENGTH__+0x122>
     520:	60 cf       	rjmp	.-320    	; 0x3e2 <KPD_voidGetValue+0x40>
    else
	{
		//Return Error State
	}
	 
     522:	2d 96       	adiw	r28, 0x0d	; 13
     524:	0f b6       	in	r0, 0x3f	; 63
     526:	f8 94       	cli
     528:	de bf       	out	0x3e, r29	; 62
     52a:	0f be       	out	0x3f, r0	; 63
     52c:	cd bf       	out	0x3d, r28	; 61
     52e:	df 91       	pop	r29
     530:	cf 91       	pop	r28
     532:	1f 91       	pop	r17
     534:	0f 91       	pop	r16
     536:	ff 90       	pop	r15
     538:	ef 90       	pop	r14
     53a:	08 95       	ret

0000053c <PRV_voidSet4BitsLcdPins>:
	#else
		//round up by default
		__ticks_dc = (uint32_t)(ceil(fabs(__tmp)));
	#endif

	__builtin_avr_delay_cycles(__ticks_dc);
     53c:	cf 93       	push	r28
     53e:	c8 2f       	mov	r28, r24
     540:	84 ff       	sbrs	r24, 4
     542:	06 c0       	rjmp	.+12     	; 0x550 <PRV_voidSet4BitsLcdPins+0x14>
     544:	41 e0       	ldi	r20, 0x01	; 1
     546:	64 e0       	ldi	r22, 0x04	; 4
     548:	80 e0       	ldi	r24, 0x00	; 0
     54a:	0e 94 b2 00 	call	0x164	; 0x164 <DIO_voidSetPinValue>
     54e:	05 c0       	rjmp	.+10     	; 0x55a <PRV_voidSet4BitsLcdPins+0x1e>
     550:	40 e0       	ldi	r20, 0x00	; 0
     552:	64 e0       	ldi	r22, 0x04	; 4
     554:	80 e0       	ldi	r24, 0x00	; 0
     556:	0e 94 b2 00 	call	0x164	; 0x164 <DIO_voidSetPinValue>
     55a:	c5 ff       	sbrs	r28, 5
     55c:	06 c0       	rjmp	.+12     	; 0x56a <PRV_voidSet4BitsLcdPins+0x2e>
     55e:	41 e0       	ldi	r20, 0x01	; 1
     560:	65 e0       	ldi	r22, 0x05	; 5
     562:	80 e0       	ldi	r24, 0x00	; 0
     564:	0e 94 b2 00 	call	0x164	; 0x164 <DIO_voidSetPinValue>
     568:	05 c0       	rjmp	.+10     	; 0x574 <PRV_voidSet4BitsLcdPins+0x38>
     56a:	40 e0       	ldi	r20, 0x00	; 0
     56c:	65 e0       	ldi	r22, 0x05	; 5
     56e:	80 e0       	ldi	r24, 0x00	; 0
     570:	0e 94 b2 00 	call	0x164	; 0x164 <DIO_voidSetPinValue>
     574:	c6 ff       	sbrs	r28, 6
     576:	06 c0       	rjmp	.+12     	; 0x584 <PRV_voidSet4BitsLcdPins+0x48>
     578:	41 e0       	ldi	r20, 0x01	; 1
     57a:	66 e0       	ldi	r22, 0x06	; 6
     57c:	80 e0       	ldi	r24, 0x00	; 0
     57e:	0e 94 b2 00 	call	0x164	; 0x164 <DIO_voidSetPinValue>
     582:	05 c0       	rjmp	.+10     	; 0x58e <PRV_voidSet4BitsLcdPins+0x52>
     584:	40 e0       	ldi	r20, 0x00	; 0
     586:	66 e0       	ldi	r22, 0x06	; 6
     588:	80 e0       	ldi	r24, 0x00	; 0
     58a:	0e 94 b2 00 	call	0x164	; 0x164 <DIO_voidSetPinValue>
     58e:	cc 23       	and	r28, r28
     590:	34 f4       	brge	.+12     	; 0x59e <PRV_voidSet4BitsLcdPins+0x62>
     592:	41 e0       	ldi	r20, 0x01	; 1
     594:	67 e0       	ldi	r22, 0x07	; 7
     596:	80 e0       	ldi	r24, 0x00	; 0
     598:	0e 94 b2 00 	call	0x164	; 0x164 <DIO_voidSetPinValue>
     59c:	05 c0       	rjmp	.+10     	; 0x5a8 <PRV_voidSet4BitsLcdPins+0x6c>
     59e:	40 e0       	ldi	r20, 0x00	; 0
     5a0:	67 e0       	ldi	r22, 0x07	; 7
     5a2:	80 e0       	ldi	r24, 0x00	; 0
     5a4:	0e 94 b2 00 	call	0x164	; 0x164 <DIO_voidSetPinValue>
     5a8:	cf 91       	pop	r28
     5aa:	08 95       	ret

000005ac <PRV_voidEnableTriggerWrite>:
     5ac:	41 e0       	ldi	r20, 0x01	; 1
     5ae:	62 e0       	ldi	r22, 0x02	; 2
     5b0:	81 e0       	ldi	r24, 0x01	; 1
     5b2:	0e 94 b2 00 	call	0x164	; 0x164 <DIO_voidSetPinValue>
     5b6:	8f e9       	ldi	r24, 0x9F	; 159
     5b8:	9f e0       	ldi	r25, 0x0F	; 15
     5ba:	01 97       	sbiw	r24, 0x01	; 1
     5bc:	f1 f7       	brne	.-4      	; 0x5ba <PRV_voidEnableTriggerWrite+0xe>
     5be:	00 c0       	rjmp	.+0      	; 0x5c0 <PRV_voidEnableTriggerWrite+0x14>
     5c0:	00 00       	nop
     5c2:	40 e0       	ldi	r20, 0x00	; 0
     5c4:	62 e0       	ldi	r22, 0x02	; 2
     5c6:	81 e0       	ldi	r24, 0x01	; 1
     5c8:	0e 94 b2 00 	call	0x164	; 0x164 <DIO_voidSetPinValue>
     5cc:	08 95       	ret

000005ce <LCD_voidDisplayChar>:
     5ce:	0f 93       	push	r16
     5d0:	1f 93       	push	r17
     5d2:	cf 93       	push	r28
     5d4:	c8 2f       	mov	r28, r24
     5d6:	41 e0       	ldi	r20, 0x01	; 1
     5d8:	61 e0       	ldi	r22, 0x01	; 1
     5da:	81 e0       	ldi	r24, 0x01	; 1
     5dc:	0e 94 b2 00 	call	0x164	; 0x164 <DIO_voidSetPinValue>
     5e0:	80 e1       	ldi	r24, 0x10	; 16
     5e2:	c8 9f       	mul	r28, r24
     5e4:	80 01       	movw	r16, r0
     5e6:	11 24       	eor	r1, r1
     5e8:	8c 2f       	mov	r24, r28
     5ea:	80 7f       	andi	r24, 0xF0	; 240
     5ec:	0e 94 9e 02 	call	0x53c	; 0x53c <PRV_voidSet4BitsLcdPins>
     5f0:	0e 94 d6 02 	call	0x5ac	; 0x5ac <PRV_voidEnableTriggerWrite>
     5f4:	80 2f       	mov	r24, r16
     5f6:	0e 94 9e 02 	call	0x53c	; 0x53c <PRV_voidSet4BitsLcdPins>
     5fa:	0e 94 d6 02 	call	0x5ac	; 0x5ac <PRV_voidEnableTriggerWrite>
     5fe:	cf 91       	pop	r28
     600:	1f 91       	pop	r17
     602:	0f 91       	pop	r16
     604:	08 95       	ret

00000606 <LCD_voidSendCommand>:
     606:	0f 93       	push	r16
     608:	1f 93       	push	r17
     60a:	cf 93       	push	r28
     60c:	c8 2f       	mov	r28, r24
     60e:	40 e0       	ldi	r20, 0x00	; 0
     610:	61 e0       	ldi	r22, 0x01	; 1
     612:	81 e0       	ldi	r24, 0x01	; 1
     614:	0e 94 b2 00 	call	0x164	; 0x164 <DIO_voidSetPinValue>
     618:	80 e1       	ldi	r24, 0x10	; 16
     61a:	c8 9f       	mul	r28, r24
     61c:	80 01       	movw	r16, r0
     61e:	11 24       	eor	r1, r1
     620:	8c 2f       	mov	r24, r28
     622:	80 7f       	andi	r24, 0xF0	; 240
     624:	0e 94 9e 02 	call	0x53c	; 0x53c <PRV_voidSet4BitsLcdPins>
     628:	0e 94 d6 02 	call	0x5ac	; 0x5ac <PRV_voidEnableTriggerWrite>
     62c:	80 2f       	mov	r24, r16
     62e:	0e 94 9e 02 	call	0x53c	; 0x53c <PRV_voidSet4BitsLcdPins>
     632:	0e 94 d6 02 	call	0x5ac	; 0x5ac <PRV_voidEnableTriggerWrite>
     636:	cf 91       	pop	r28
     638:	1f 91       	pop	r17
     63a:	0f 91       	pop	r16
     63c:	08 95       	ret

0000063e <LCD_voidInit>:
     63e:	41 e0       	ldi	r20, 0x01	; 1
     640:	61 e0       	ldi	r22, 0x01	; 1
     642:	81 e0       	ldi	r24, 0x01	; 1
     644:	0e 94 41 00 	call	0x82	; 0x82 <DIO_voidSetPinDirection>
     648:	41 e0       	ldi	r20, 0x01	; 1
     64a:	62 e0       	ldi	r22, 0x02	; 2
     64c:	81 e0       	ldi	r24, 0x01	; 1
     64e:	0e 94 41 00 	call	0x82	; 0x82 <DIO_voidSetPinDirection>
     652:	41 e0       	ldi	r20, 0x01	; 1
     654:	64 e0       	ldi	r22, 0x04	; 4
     656:	80 e0       	ldi	r24, 0x00	; 0
     658:	0e 94 41 00 	call	0x82	; 0x82 <DIO_voidSetPinDirection>
     65c:	41 e0       	ldi	r20, 0x01	; 1
     65e:	65 e0       	ldi	r22, 0x05	; 5
     660:	80 e0       	ldi	r24, 0x00	; 0
     662:	0e 94 41 00 	call	0x82	; 0x82 <DIO_voidSetPinDirection>
     666:	41 e0       	ldi	r20, 0x01	; 1
     668:	66 e0       	ldi	r22, 0x06	; 6
     66a:	80 e0       	ldi	r24, 0x00	; 0
     66c:	0e 94 41 00 	call	0x82	; 0x82 <DIO_voidSetPinDirection>
     670:	41 e0       	ldi	r20, 0x01	; 1
     672:	67 e0       	ldi	r22, 0x07	; 7
     674:	80 e0       	ldi	r24, 0x00	; 0
     676:	0e 94 41 00 	call	0x82	; 0x82 <DIO_voidSetPinDirection>
     67a:	2f ef       	ldi	r18, 0xFF	; 255
     67c:	83 ef       	ldi	r24, 0xF3	; 243
     67e:	91 e0       	ldi	r25, 0x01	; 1
     680:	21 50       	subi	r18, 0x01	; 1
     682:	80 40       	sbci	r24, 0x00	; 0
     684:	90 40       	sbci	r25, 0x00	; 0
     686:	e1 f7       	brne	.-8      	; 0x680 <LCD_voidInit+0x42>
     688:	00 c0       	rjmp	.+0      	; 0x68a <LCD_voidInit+0x4c>
     68a:	00 00       	nop
     68c:	40 e0       	ldi	r20, 0x00	; 0
     68e:	61 e0       	ldi	r22, 0x01	; 1
     690:	81 e0       	ldi	r24, 0x01	; 1
     692:	0e 94 b2 00 	call	0x164	; 0x164 <DIO_voidSetPinValue>
     696:	40 e0       	ldi	r20, 0x00	; 0
     698:	64 e0       	ldi	r22, 0x04	; 4
     69a:	80 e0       	ldi	r24, 0x00	; 0
     69c:	0e 94 b2 00 	call	0x164	; 0x164 <DIO_voidSetPinValue>
     6a0:	41 e0       	ldi	r20, 0x01	; 1
     6a2:	65 e0       	ldi	r22, 0x05	; 5
     6a4:	80 e0       	ldi	r24, 0x00	; 0
     6a6:	0e 94 b2 00 	call	0x164	; 0x164 <DIO_voidSetPinValue>
     6aa:	40 e0       	ldi	r20, 0x00	; 0
     6ac:	66 e0       	ldi	r22, 0x06	; 6
     6ae:	80 e0       	ldi	r24, 0x00	; 0
     6b0:	0e 94 b2 00 	call	0x164	; 0x164 <DIO_voidSetPinValue>
     6b4:	40 e0       	ldi	r20, 0x00	; 0
     6b6:	67 e0       	ldi	r22, 0x07	; 7
     6b8:	80 e0       	ldi	r24, 0x00	; 0
     6ba:	0e 94 b2 00 	call	0x164	; 0x164 <DIO_voidSetPinValue>
     6be:	0e 94 d6 02 	call	0x5ac	; 0x5ac <PRV_voidEnableTriggerWrite>
     6c2:	88 e2       	ldi	r24, 0x28	; 40
     6c4:	0e 94 03 03 	call	0x606	; 0x606 <LCD_voidSendCommand>
     6c8:	20 ef       	ldi	r18, 0xF0	; 240
     6ca:	2a 95       	dec	r18
     6cc:	f1 f7       	brne	.-4      	; 0x6ca <LCD_voidInit+0x8c>
     6ce:	8f e0       	ldi	r24, 0x0F	; 15
     6d0:	0e 94 03 03 	call	0x606	; 0x606 <LCD_voidSendCommand>
     6d4:	80 ef       	ldi	r24, 0xF0	; 240
     6d6:	8a 95       	dec	r24
     6d8:	f1 f7       	brne	.-4      	; 0x6d6 <LCD_voidInit+0x98>
     6da:	81 e0       	ldi	r24, 0x01	; 1
     6dc:	0e 94 03 03 	call	0x606	; 0x606 <LCD_voidSendCommand>
     6e0:	8f e3       	ldi	r24, 0x3F	; 63
     6e2:	9f e1       	ldi	r25, 0x1F	; 31
     6e4:	01 97       	sbiw	r24, 0x01	; 1
     6e6:	f1 f7       	brne	.-4      	; 0x6e4 <LCD_voidInit+0xa6>
     6e8:	00 c0       	rjmp	.+0      	; 0x6ea <LCD_voidInit+0xac>
     6ea:	00 00       	nop
     6ec:	86 e0       	ldi	r24, 0x06	; 6
     6ee:	0e 94 03 03 	call	0x606	; 0x606 <LCD_voidSendCommand>
     6f2:	08 95       	ret

000006f4 <LCD_voidDisplayString>:
     6f4:	0f 93       	push	r16
     6f6:	1f 93       	push	r17
     6f8:	cf 93       	push	r28
     6fa:	00 97       	sbiw	r24, 0x00	; 0
     6fc:	29 f4       	brne	.+10     	; 0x708 <LCD_voidDisplayString+0x14>
     6fe:	0c c0       	rjmp	.+24     	; 0x718 <LCD_voidDisplayString+0x24>
     700:	0e 94 e7 02 	call	0x5ce	; 0x5ce <LCD_voidDisplayChar>
     704:	cf 5f       	subi	r28, 0xFF	; 255
     706:	02 c0       	rjmp	.+4      	; 0x70c <LCD_voidDisplayString+0x18>
     708:	8c 01       	movw	r16, r24
     70a:	c0 e0       	ldi	r28, 0x00	; 0
     70c:	f8 01       	movw	r30, r16
     70e:	ec 0f       	add	r30, r28
     710:	f1 1d       	adc	r31, r1
     712:	80 81       	ld	r24, Z
     714:	81 11       	cpse	r24, r1
     716:	f4 cf       	rjmp	.-24     	; 0x700 <LCD_voidDisplayString+0xc>
     718:	cf 91       	pop	r28
     71a:	1f 91       	pop	r17
     71c:	0f 91       	pop	r16
     71e:	08 95       	ret

00000720 <LCD_voidClear>:
     720:	81 e0       	ldi	r24, 0x01	; 1
     722:	0e 94 03 03 	call	0x606	; 0x606 <LCD_voidSendCommand>
     726:	8f e3       	ldi	r24, 0x3F	; 63
     728:	9f e1       	ldi	r25, 0x1F	; 31
     72a:	01 97       	sbiw	r24, 0x01	; 1
     72c:	f1 f7       	brne	.-4      	; 0x72a <LCD_voidClear+0xa>
     72e:	00 c0       	rjmp	.+0      	; 0x730 <LCD_voidClear+0x10>
     730:	00 00       	nop
     732:	08 95       	ret

00000734 <LCD_voidGoToSpecificPosition>:
     734:	81 30       	cpi	r24, 0x01	; 1
     736:	19 f0       	breq	.+6      	; 0x73e <LCD_voidGoToSpecificPosition+0xa>
     738:	82 30       	cpi	r24, 0x02	; 2
     73a:	49 f0       	breq	.+18     	; 0x74e <LCD_voidGoToSpecificPosition+0x1a>
     73c:	08 95       	ret
     73e:	80 e8       	ldi	r24, 0x80	; 128
     740:	86 0f       	add	r24, r22
     742:	0e 94 03 03 	call	0x606	; 0x606 <LCD_voidSendCommand>
     746:	80 ef       	ldi	r24, 0xF0	; 240
     748:	8a 95       	dec	r24
     74a:	f1 f7       	brne	.-4      	; 0x748 <LCD_voidGoToSpecificPosition+0x14>
     74c:	08 95       	ret
     74e:	80 ec       	ldi	r24, 0xC0	; 192
     750:	86 0f       	add	r24, r22
     752:	0e 94 03 03 	call	0x606	; 0x606 <LCD_voidSendCommand>
     756:	80 ef       	ldi	r24, 0xF0	; 240
     758:	8a 95       	dec	r24
     75a:	f1 f7       	brne	.-4      	; 0x758 <LCD_voidGoToSpecificPosition+0x24>
     75c:	08 95       	ret

0000075e <LCD_voidDisplayNumber>:
	LCD_voidSendCommand(0b00000010);
	_delay_us(45);
}


void LCD_voidDisplayNumber(s32 copy_s32Number){
     75e:	cf 92       	push	r12
     760:	df 92       	push	r13
     762:	ef 92       	push	r14
     764:	ff 92       	push	r15
     766:	1f 93       	push	r17
     768:	cf 93       	push	r28
     76a:	df 93       	push	r29
     76c:	cd b7       	in	r28, 0x3d	; 61
     76e:	de b7       	in	r29, 0x3e	; 62
     770:	2b 97       	sbiw	r28, 0x0b	; 11
     772:	0f b6       	in	r0, 0x3f	; 63
     774:	f8 94       	cli
     776:	de bf       	out	0x3e, r29	; 62
     778:	0f be       	out	0x3f, r0	; 63
     77a:	cd bf       	out	0x3d, r28	; 61
     77c:	6b 01       	movw	r12, r22
     77e:	7c 01       	movw	r14, r24
	u8 buffer[11];   
	u8 counter = 0;

	// Handle zero directly (saves loop)
	if(copy_s32Number == 0){
     780:	61 15       	cp	r22, r1
     782:	71 05       	cpc	r23, r1
     784:	81 05       	cpc	r24, r1
     786:	91 05       	cpc	r25, r1
     788:	21 f4       	brne	.+8      	; 0x792 <LCD_voidDisplayNumber+0x34>
		LCD_voidDisplayChar('0');
     78a:	80 e3       	ldi	r24, 0x30	; 48
     78c:	0e 94 e7 02 	call	0x5ce	; 0x5ce <LCD_voidDisplayChar>
     790:	36 c0       	rjmp	.+108    	; 0x7fe <LCD_voidDisplayNumber+0xa0>
		return;
	}

	// Handle negative
	if(copy_s32Number < 0){
     792:	99 23       	and	r25, r25
     794:	5c f4       	brge	.+22     	; 0x7ac <LCD_voidDisplayNumber+0x4e>
		LCD_voidDisplayChar('-');
     796:	8d e2       	ldi	r24, 0x2D	; 45
     798:	0e 94 e7 02 	call	0x5ce	; 0x5ce <LCD_voidDisplayChar>
		copy_s32Number = -copy_s32Number;
     79c:	f0 94       	com	r15
     79e:	e0 94       	com	r14
     7a0:	d0 94       	com	r13
     7a2:	c0 94       	com	r12
     7a4:	c1 1c       	adc	r12, r1
     7a6:	d1 1c       	adc	r13, r1
     7a8:	e1 1c       	adc	r14, r1
     7aa:	f1 1c       	adc	r15, r1
	LCD_voidSendCommand(0b00000010);
	_delay_us(45);
}


void LCD_voidDisplayNumber(s32 copy_s32Number){
     7ac:	10 e0       	ldi	r17, 0x00	; 0
     7ae:	15 c0       	rjmp	.+42     	; 0x7da <LCD_voidDisplayNumber+0x7c>
		copy_s32Number = -copy_s32Number;
	}

	// Convert number into buffer (reversed order)
	while(copy_s32Number > 0){
		buffer[counter++] = (copy_s32Number % 10) + '0';
     7b0:	c7 01       	movw	r24, r14
     7b2:	b6 01       	movw	r22, r12
     7b4:	2a e0       	ldi	r18, 0x0A	; 10
     7b6:	30 e0       	ldi	r19, 0x00	; 0
     7b8:	40 e0       	ldi	r20, 0x00	; 0
     7ba:	50 e0       	ldi	r21, 0x00	; 0
     7bc:	0e 94 01 08 	call	0x1002	; 0x1002 <__divmodsi4>
     7c0:	e1 e0       	ldi	r30, 0x01	; 1
     7c2:	f0 e0       	ldi	r31, 0x00	; 0
     7c4:	ec 0f       	add	r30, r28
     7c6:	fd 1f       	adc	r31, r29
     7c8:	e1 0f       	add	r30, r17
     7ca:	f1 1d       	adc	r31, r1
     7cc:	60 5d       	subi	r22, 0xD0	; 208
     7ce:	60 83       	st	Z, r22
		copy_s32Number /= 10;
     7d0:	c2 2e       	mov	r12, r18
     7d2:	d3 2e       	mov	r13, r19
     7d4:	e4 2e       	mov	r14, r20
     7d6:	f5 2e       	mov	r15, r21
		copy_s32Number = -copy_s32Number;
	}

	// Convert number into buffer (reversed order)
	while(copy_s32Number > 0){
		buffer[counter++] = (copy_s32Number % 10) + '0';
     7d8:	1f 5f       	subi	r17, 0xFF	; 255
		LCD_voidDisplayChar('-');
		copy_s32Number = -copy_s32Number;
	}

	// Convert number into buffer (reversed order)
	while(copy_s32Number > 0){
     7da:	1c 14       	cp	r1, r12
     7dc:	1d 04       	cpc	r1, r13
     7de:	1e 04       	cpc	r1, r14
     7e0:	1f 04       	cpc	r1, r15
     7e2:	34 f3       	brlt	.-52     	; 0x7b0 <LCD_voidDisplayNumber+0x52>
     7e4:	0a c0       	rjmp	.+20     	; 0x7fa <LCD_voidDisplayNumber+0x9c>
		copy_s32Number /= 10;
	}

	// Print buffer in reverse
	while(counter > 0){
		LCD_voidDisplayChar(buffer[--counter]);
     7e6:	11 50       	subi	r17, 0x01	; 1
     7e8:	e1 e0       	ldi	r30, 0x01	; 1
     7ea:	f0 e0       	ldi	r31, 0x00	; 0
     7ec:	ec 0f       	add	r30, r28
     7ee:	fd 1f       	adc	r31, r29
     7f0:	e1 0f       	add	r30, r17
     7f2:	f1 1d       	adc	r31, r1
     7f4:	80 81       	ld	r24, Z
     7f6:	0e 94 e7 02 	call	0x5ce	; 0x5ce <LCD_voidDisplayChar>
		buffer[counter++] = (copy_s32Number % 10) + '0';
		copy_s32Number /= 10;
	}

	// Print buffer in reverse
	while(counter > 0){
     7fa:	11 11       	cpse	r17, r1
     7fc:	f4 cf       	rjmp	.-24     	; 0x7e6 <LCD_voidDisplayNumber+0x88>
		LCD_voidDisplayChar(buffer[--counter]);
	}
}
     7fe:	2b 96       	adiw	r28, 0x0b	; 11
     800:	0f b6       	in	r0, 0x3f	; 63
     802:	f8 94       	cli
     804:	de bf       	out	0x3e, r29	; 62
     806:	0f be       	out	0x3f, r0	; 63
     808:	cd bf       	out	0x3d, r28	; 61
     80a:	df 91       	pop	r29
     80c:	cf 91       	pop	r28
     80e:	1f 91       	pop	r17
     810:	ff 90       	pop	r15
     812:	ef 90       	pop	r14
     814:	df 90       	pop	r13
     816:	cf 90       	pop	r12
     818:	08 95       	ret

0000081a <LED_voidInit>:

//HAL
#include "LED_interface.h"

void LED_voidInit(u8 copy_u8LedPort, u8 copy_u8LedPin){
	DIO_voidSetPinDirection(copy_u8LedPort, copy_u8LedPin, DIO_PIN_OUTPUT);
     81a:	41 e0       	ldi	r20, 0x01	; 1
     81c:	0e 94 41 00 	call	0x82	; 0x82 <DIO_voidSetPinDirection>
     820:	08 95       	ret

00000822 <LED_voidOn>:
}


void LED_voidOn(u8 copy_u8LedPort, u8 copy_u8LedPin, u8 copy_u8LedConnectionType){
	switch(copy_u8LedConnectionType)
     822:	44 23       	and	r20, r20
     824:	29 f0       	breq	.+10     	; 0x830 <LED_voidOn+0xe>
     826:	41 30       	cpi	r20, 0x01	; 1
     828:	31 f4       	brne	.+12     	; 0x836 <LED_voidOn+0x14>
	{
		case LED_FORWARD_CONNECTION: DIO_voidSetPinValue(copy_u8LedPort, copy_u8LedPin, DIO_PIN_HIGH);break;
     82a:	0e 94 b2 00 	call	0x164	; 0x164 <DIO_voidSetPinValue>
     82e:	08 95       	ret
		case LED_REVERSE_CONNECTION: DIO_voidSetPinValue(copy_u8LedPort, copy_u8LedPin, DIO_PIN_LOW);break;
     830:	40 e0       	ldi	r20, 0x00	; 0
     832:	0e 94 b2 00 	call	0x164	; 0x164 <DIO_voidSetPinValue>
     836:	08 95       	ret

00000838 <LED_voidOff>:
	}
}


void LED_voidOff(u8 copy_u8LedPort, u8 copy_u8LedPin, u8 copy_u8LedConnectionType){
	switch(copy_u8LedConnectionType)
     838:	44 23       	and	r20, r20
     83a:	31 f0       	breq	.+12     	; 0x848 <LED_voidOff+0x10>
     83c:	41 30       	cpi	r20, 0x01	; 1
     83e:	39 f4       	brne	.+14     	; 0x84e <LED_voidOff+0x16>
	{
		case LED_FORWARD_CONNECTION: DIO_voidSetPinValue(copy_u8LedPort, copy_u8LedPin, DIO_PIN_LOW);break;
     840:	40 e0       	ldi	r20, 0x00	; 0
     842:	0e 94 b2 00 	call	0x164	; 0x164 <DIO_voidSetPinValue>
     846:	08 95       	ret
		case LED_REVERSE_CONNECTION: DIO_voidSetPinValue(copy_u8LedPort, copy_u8LedPin, DIO_PIN_HIGH);break;
     848:	41 e0       	ldi	r20, 0x01	; 1
     84a:	0e 94 b2 00 	call	0x164	; 0x164 <DIO_voidSetPinValue>
     84e:	08 95       	ret

00000850 <main>:
{
	u8 User_id[40];
}LoginInfo;

int main(void)
{
     850:	cf 93       	push	r28
     852:	df 93       	push	r29
     854:	cd b7       	in	r28, 0x3d	; 61
     856:	de b7       	in	r29, 0x3e	; 62
     858:	29 97       	sbiw	r28, 0x09	; 9
     85a:	0f b6       	in	r0, 0x3f	; 63
     85c:	f8 94       	cli
     85e:	de bf       	out	0x3e, r29	; 62
     860:	0f be       	out	0x3f, r0	; 63
     862:	cd bf       	out	0x3d, r28	; 61
    /* Replace with your application code */
	KPD_voidInit();
     864:	0e 94 8e 01 	call	0x31c	; 0x31c <KPD_voidInit>
	LCD_voidInit();
     868:	0e 94 1f 03 	call	0x63e	; 0x63e <LCD_voidInit>
	SRVM_voidInit();
     86c:	0e 94 a4 05 	call	0xb48	; 0xb48 <SRVM_voidInit>
	LED_voidInit(DIO_PORTC, DIO_PIN0);//Red Led
     870:	60 e0       	ldi	r22, 0x00	; 0
     872:	82 e0       	ldi	r24, 0x02	; 2
     874:	0e 94 0d 04 	call	0x81a	; 0x81a <LED_voidInit>
	LED_voidInit(DIO_PORTC, DIO_PIN1);//Green Led
     878:	61 e0       	ldi	r22, 0x01	; 1
     87a:	82 e0       	ldi	r24, 0x02	; 2
     87c:	0e 94 0d 04 	call	0x81a	; 0x81a <LED_voidInit>
	
	u8 prePass[PASSWORD_SIZE] = PRE_PASSWORD;
     880:	87 e3       	ldi	r24, 0x37	; 55
     882:	89 83       	std	Y+1, r24	; 0x01
     884:	80 e3       	ldi	r24, 0x30	; 48
     886:	8a 83       	std	Y+2, r24	; 0x02
     888:	88 e3       	ldi	r24, 0x38	; 56
     88a:	8b 83       	std	Y+3, r24	; 0x03
     88c:	85 e3       	ldi	r24, 0x35	; 53
     88e:	8c 83       	std	Y+4, r24	; 0x04
	
	LoginInfo user;
	u8 log_index = 0;
	u8 key;
	
	LCD_voidClear();
     890:	0e 94 90 03 	call	0x720	; 0x720 <LCD_voidClear>
	LCD_voidGoToSpecificPosition(LCD_LINE_ONE, 0);
     894:	60 e0       	ldi	r22, 0x00	; 0
     896:	81 e0       	ldi	r24, 0x01	; 1
     898:	0e 94 9a 03 	call	0x734	; 0x734 <LCD_voidGoToSpecificPosition>
	LCD_voidDisplayString((u8*)"Enter Username: ");
     89c:	8c e6       	ldi	r24, 0x6C	; 108
     89e:	90 e0       	ldi	r25, 0x00	; 0
     8a0:	0e 94 7a 03 	call	0x6f4	; 0x6f4 <LCD_voidDisplayString>
	LCD_voidGoToSpecificPosition(LCD_LINE_TWO, 0);
     8a4:	60 e0       	ldi	r22, 0x00	; 0
     8a6:	82 e0       	ldi	r24, 0x02	; 2
     8a8:	0e 94 9a 03 	call	0x734	; 0x734 <LCD_voidGoToSpecificPosition>
	u8 prePass[PASSWORD_SIZE] = PRE_PASSWORD;
	
	u8 password[PASSWORD_SIZE];
	
	LoginInfo user;
	u8 log_index = 0;
     8ac:	10 e0       	ldi	r17, 0x00	; 0
	LCD_voidDisplayString((u8*)"Enter Username: ");
	LCD_voidGoToSpecificPosition(LCD_LINE_TWO, 0);
	
	while (1)
	{
		KPD_voidGetValue(&key);
     8ae:	ce 01       	movw	r24, r28
     8b0:	09 96       	adiw	r24, 0x09	; 9
     8b2:	0e 94 d1 01 	call	0x3a2	; 0x3a2 <KPD_voidGetValue>
		if (key != KPD_NOT_PRESSED)
     8b6:	89 85       	ldd	r24, Y+9	; 0x09
     8b8:	8f 3f       	cpi	r24, 0xFF	; 255
     8ba:	39 f0       	breq	.+14     	; 0x8ca <__stack+0x6b>
		{
			if (key == '#') break;  //End input
     8bc:	83 32       	cpi	r24, 0x23	; 35
     8be:	79 f0       	breq	.+30     	; 0x8de <__stack+0x7f>

			LCD_voidDisplayChar(key);
     8c0:	0e 94 e7 02 	call	0x5ce	; 0x5ce <LCD_voidDisplayChar>
			user.User_id[log_index++] = key;
     8c4:	1f 5f       	subi	r17, 0xFF	; 255

			if (log_index >= 39) break; //prevent overflow
     8c6:	17 32       	cpi	r17, 0x27	; 39
     8c8:	50 f4       	brcc	.+20     	; 0x8de <__stack+0x7f>
	#else
		//round up by default
		__ticks_dc = (uint32_t)(ceil(fabs(__tmp)));
	#endif

	__builtin_avr_delay_cycles(__ticks_dc);
     8ca:	2f ef       	ldi	r18, 0xFF	; 255
     8cc:	30 e7       	ldi	r19, 0x70	; 112
     8ce:	82 e0       	ldi	r24, 0x02	; 2
     8d0:	21 50       	subi	r18, 0x01	; 1
     8d2:	30 40       	sbci	r19, 0x00	; 0
     8d4:	80 40       	sbci	r24, 0x00	; 0
     8d6:	e1 f7       	brne	.-8      	; 0x8d0 <__stack+0x71>
     8d8:	00 c0       	rjmp	.+0      	; 0x8da <__stack+0x7b>
     8da:	00 00       	nop
     8dc:	e8 cf       	rjmp	.-48     	; 0x8ae <__stack+0x4f>
    {
		//To Try Again After 15s
		u8 trial = 0;
		u8 Pass_index = 0;
		
		LCD_voidClear();
     8de:	0e 94 90 03 	call	0x720	; 0x720 <LCD_voidClear>
		LCD_voidGoToSpecificPosition(LCD_LINE_ONE, 0);
     8e2:	60 e0       	ldi	r22, 0x00	; 0
     8e4:	81 e0       	ldi	r24, 0x01	; 1
     8e6:	0e 94 9a 03 	call	0x734	; 0x734 <LCD_voidGoToSpecificPosition>
		LCD_voidDisplayString((u8*)"Enter Password:");
     8ea:	8d e7       	ldi	r24, 0x7D	; 125
     8ec:	90 e0       	ldi	r25, 0x00	; 0
     8ee:	0e 94 7a 03 	call	0x6f4	; 0x6f4 <LCD_voidDisplayString>
		LCD_voidGoToSpecificPosition(LCD_LINE_TWO, 0);
     8f2:	60 e0       	ldi	r22, 0x00	; 0
     8f4:	82 e0       	ldi	r24, 0x02	; 2
     8f6:	0e 94 9a 03 	call	0x734	; 0x734 <LCD_voidGoToSpecificPosition>
	user.User_id[log_index] = '\0';  //Null terminate
	
    while (1) 
    {
		//To Try Again After 15s
		u8 trial = 0;
     8fa:	e1 2c       	mov	r14, r1
		LCD_voidGoToSpecificPosition(LCD_LINE_ONE, 0);
		LCD_voidDisplayString((u8*)"Enter Password:");
		LCD_voidGoToSpecificPosition(LCD_LINE_TWO, 0);
		
		//3 trials
		while(trial <= NUMBER_OF_TRIALS)
     8fc:	87 c0       	rjmp	.+270    	; 0xa0c <__stack+0x1ad>
		{
			//Enter password by keypad
			while(Pass_index < PASSWORD_SIZE)
			{
				KPD_voidGetValue(&password[Pass_index]);
     8fe:	05 e0       	ldi	r16, 0x05	; 5
     900:	10 e0       	ldi	r17, 0x00	; 0
     902:	0c 0f       	add	r16, r28
     904:	1d 1f       	adc	r17, r29
     906:	0f 0d       	add	r16, r15
     908:	11 1d       	adc	r17, r1
     90a:	c8 01       	movw	r24, r16
     90c:	0e 94 d1 01 	call	0x3a2	; 0x3a2 <KPD_voidGetValue>
				if(password[Pass_index] != KPD_NOT_PRESSED)
     910:	f8 01       	movw	r30, r16
     912:	80 81       	ld	r24, Z
     914:	8f 3f       	cpi	r24, 0xFF	; 255
     916:	21 f0       	breq	.+8      	; 0x920 <__stack+0xc1>
				{
					LCD_voidDisplayChar('*');
     918:	8a e2       	ldi	r24, 0x2A	; 42
     91a:	0e 94 e7 02 	call	0x5ce	; 0x5ce <LCD_voidDisplayChar>
					Pass_index++;
     91e:	f3 94       	inc	r15
     920:	ff ef       	ldi	r31, 0xFF	; 255
     922:	23 ec       	ldi	r18, 0xC3	; 195
     924:	39 e0       	ldi	r19, 0x09	; 9
     926:	f1 50       	subi	r31, 0x01	; 1
     928:	20 40       	sbci	r18, 0x00	; 0
     92a:	30 40       	sbci	r19, 0x00	; 0
     92c:	e1 f7       	brne	.-8      	; 0x926 <__stack+0xc7>
     92e:	00 c0       	rjmp	.+0      	; 0x930 <__stack+0xd1>
     930:	00 00       	nop
     932:	01 c0       	rjmp	.+2      	; 0x936 <__stack+0xd7>
     934:	f1 2c       	mov	r15, r1
		
		//3 trials
		while(trial <= NUMBER_OF_TRIALS)
		{
			//Enter password by keypad
			while(Pass_index < PASSWORD_SIZE)
     936:	83 e0       	ldi	r24, 0x03	; 3
     938:	8f 15       	cp	r24, r15
     93a:	08 f7       	brcc	.-62     	; 0x8fe <__stack+0x9f>
     93c:	20 e0       	ldi	r18, 0x00	; 0
     93e:	13 c0       	rjmp	.+38     	; 0x966 <__stack+0x107>
			
			//Compare The Entered Password And The PrePassword
			u8 isMatch = 1;
			for(u8 i =0; i<PASSWORD_SIZE; i++)
			{
				if(password[i] != prePass[i])
     940:	82 2f       	mov	r24, r18
     942:	90 e0       	ldi	r25, 0x00	; 0
     944:	e5 e0       	ldi	r30, 0x05	; 5
     946:	f0 e0       	ldi	r31, 0x00	; 0
     948:	ec 0f       	add	r30, r28
     94a:	fd 1f       	adc	r31, r29
     94c:	e8 0f       	add	r30, r24
     94e:	f9 1f       	adc	r31, r25
     950:	30 81       	ld	r19, Z
     952:	e1 e0       	ldi	r30, 0x01	; 1
     954:	f0 e0       	ldi	r31, 0x00	; 0
     956:	ec 0f       	add	r30, r28
     958:	fd 1f       	adc	r31, r29
     95a:	e8 0f       	add	r30, r24
     95c:	f9 1f       	adc	r31, r25
     95e:	80 81       	ld	r24, Z
     960:	38 13       	cpse	r19, r24
     962:	05 c0       	rjmp	.+10     	; 0x96e <__stack+0x10f>
				_delay_ms(200);
			}
			
			//Compare The Entered Password And The PrePassword
			u8 isMatch = 1;
			for(u8 i =0; i<PASSWORD_SIZE; i++)
     964:	2f 5f       	subi	r18, 0xFF	; 255
     966:	24 30       	cpi	r18, 0x04	; 4
     968:	58 f3       	brcs	.-42     	; 0x940 <__stack+0xe1>
				}
				_delay_ms(200);
			}
			
			//Compare The Entered Password And The PrePassword
			u8 isMatch = 1;
     96a:	81 e0       	ldi	r24, 0x01	; 1
     96c:	01 c0       	rjmp	.+2      	; 0x970 <__stack+0x111>
			for(u8 i =0; i<PASSWORD_SIZE; i++)
			{
				if(password[i] != prePass[i])
				{
					isMatch = 0;
     96e:	80 e0       	ldi	r24, 0x00	; 0
					break;
				}
			}
			
			//True Pass
			if (isMatch)
     970:	88 23       	and	r24, r24
     972:	31 f1       	breq	.+76     	; 0x9c0 <__stack+0x161>
			{
				LCD_voidClear();
     974:	0e 94 90 03 	call	0x720	; 0x720 <LCD_voidClear>
				LCD_voidGoToSpecificPosition(LCD_LINE_ONE,0);
     978:	60 e0       	ldi	r22, 0x00	; 0
     97a:	81 e0       	ldi	r24, 0x01	; 1
     97c:	0e 94 9a 03 	call	0x734	; 0x734 <LCD_voidGoToSpecificPosition>
				LCD_voidDisplayString((u8*)" Access Granted");
     980:	8d e8       	ldi	r24, 0x8D	; 141
     982:	90 e0       	ldi	r25, 0x00	; 0
     984:	0e 94 7a 03 	call	0x6f4	; 0x6f4 <LCD_voidDisplayString>
				
				LED_voidOn(DIO_PORTC, DIO_PIN1, LED_FORWARD_CONNECTION);//Green Led
     988:	41 e0       	ldi	r20, 0x01	; 1
     98a:	61 e0       	ldi	r22, 0x01	; 1
     98c:	82 e0       	ldi	r24, 0x02	; 2
     98e:	0e 94 11 04 	call	0x822	; 0x822 <LED_voidOn>
				
				SRVM_voidOn(180); //Open Door
     992:	84 eb       	ldi	r24, 0xB4	; 180
     994:	90 e0       	ldi	r25, 0x00	; 0
     996:	0e 94 ac 05 	call	0xb58	; 0xb58 <SRVM_voidOn>
     99a:	9f ef       	ldi	r25, 0xFF	; 255
     99c:	e3 e2       	ldi	r30, 0x23	; 35
     99e:	f4 ef       	ldi	r31, 0xF4	; 244
     9a0:	91 50       	subi	r25, 0x01	; 1
     9a2:	e0 40       	sbci	r30, 0x00	; 0
     9a4:	f0 40       	sbci	r31, 0x00	; 0
     9a6:	e1 f7       	brne	.-8      	; 0x9a0 <__stack+0x141>
     9a8:	00 c0       	rjmp	.+0      	; 0x9aa <__stack+0x14b>
     9aa:	00 00       	nop
				
				_delay_ms(5000);
				
				LED_voidOff(DIO_PORTC, DIO_PIN1, LED_FORWARD_CONNECTION);
     9ac:	41 e0       	ldi	r20, 0x01	; 1
     9ae:	61 e0       	ldi	r22, 0x01	; 1
     9b0:	82 e0       	ldi	r24, 0x02	; 2
     9b2:	0e 94 1c 04 	call	0x838	; 0x838 <LED_voidOff>
				
				SRVM_voidOn(90);
     9b6:	8a e5       	ldi	r24, 0x5A	; 90
     9b8:	90 e0       	ldi	r25, 0x00	; 0
     9ba:	0e 94 ac 05 	call	0xb58	; 0xb58 <SRVM_voidOn>
				
				Pass_index = 0;
				break;
     9be:	2a c0       	rjmp	.+84     	; 0xa14 <__stack+0x1b5>
			}
			
			//False Pass
			else
			{
				LCD_voidClear();
     9c0:	0e 94 90 03 	call	0x720	; 0x720 <LCD_voidClear>
				LCD_voidGoToSpecificPosition(LCD_LINE_ONE,0);
     9c4:	60 e0       	ldi	r22, 0x00	; 0
     9c6:	81 e0       	ldi	r24, 0x01	; 1
     9c8:	0e 94 9a 03 	call	0x734	; 0x734 <LCD_voidGoToSpecificPosition>
				LCD_voidDisplayNumber(NUMBER_OF_TRIALS - trial);
     9cc:	63 e0       	ldi	r22, 0x03	; 3
     9ce:	70 e0       	ldi	r23, 0x00	; 0
     9d0:	6e 19       	sub	r22, r14
     9d2:	71 09       	sbc	r23, r1
     9d4:	07 2e       	mov	r0, r23
     9d6:	00 0c       	add	r0, r0
     9d8:	88 0b       	sbc	r24, r24
     9da:	99 0b       	sbc	r25, r25
     9dc:	0e 94 af 03 	call	0x75e	; 0x75e <LCD_voidDisplayNumber>
				LCD_voidDisplayString((u8*)" Trials Left");
     9e0:	8d e9       	ldi	r24, 0x9D	; 157
     9e2:	90 e0       	ldi	r25, 0x00	; 0
     9e4:	0e 94 7a 03 	call	0x6f4	; 0x6f4 <LCD_voidDisplayString>
				
				LCD_voidGoToSpecificPosition(LCD_LINE_TWO, 0);
     9e8:	60 e0       	ldi	r22, 0x00	; 0
     9ea:	82 e0       	ldi	r24, 0x02	; 2
     9ec:	0e 94 9a 03 	call	0x734	; 0x734 <LCD_voidGoToSpecificPosition>
				
				Pass_index = 0;
				for(u8 reset = 0; reset<PASSWORD_SIZE; reset++)
     9f0:	80 e0       	ldi	r24, 0x00	; 0
     9f2:	09 c0       	rjmp	.+18     	; 0xa06 <__stack+0x1a7>
				{
					password[reset] = KPD_NOT_PRESSED;
     9f4:	e5 e0       	ldi	r30, 0x05	; 5
     9f6:	f0 e0       	ldi	r31, 0x00	; 0
     9f8:	ec 0f       	add	r30, r28
     9fa:	fd 1f       	adc	r31, r29
     9fc:	e8 0f       	add	r30, r24
     9fe:	f1 1d       	adc	r31, r1
     a00:	9f ef       	ldi	r25, 0xFF	; 255
     a02:	90 83       	st	Z, r25
				LCD_voidDisplayString((u8*)" Trials Left");
				
				LCD_voidGoToSpecificPosition(LCD_LINE_TWO, 0);
				
				Pass_index = 0;
				for(u8 reset = 0; reset<PASSWORD_SIZE; reset++)
     a04:	8f 5f       	subi	r24, 0xFF	; 255
     a06:	84 30       	cpi	r24, 0x04	; 4
     a08:	a8 f3       	brcs	.-22     	; 0x9f4 <__stack+0x195>
				{
					password[reset] = KPD_NOT_PRESSED;
				}
			}
			
			trial++;
     a0a:	e3 94       	inc	r14
		LCD_voidGoToSpecificPosition(LCD_LINE_ONE, 0);
		LCD_voidDisplayString((u8*)"Enter Password:");
		LCD_voidGoToSpecificPosition(LCD_LINE_TWO, 0);
		
		//3 trials
		while(trial <= NUMBER_OF_TRIALS)
     a0c:	23 e0       	ldi	r18, 0x03	; 3
     a0e:	2e 15       	cp	r18, r14
     a10:	08 f0       	brcs	.+2      	; 0xa14 <__stack+0x1b5>
     a12:	90 cf       	rjmp	.-224    	; 0x934 <__stack+0xd5>
			
			trial++;
		}
		
		//Security Alert
		if(trial > NUMBER_OF_TRIALS)
     a14:	33 e0       	ldi	r19, 0x03	; 3
     a16:	3e 15       	cp	r19, r14
     a18:	e8 f4       	brcc	.+58     	; 0xa54 <__stack+0x1f5>
		{
			LCD_voidClear();
     a1a:	0e 94 90 03 	call	0x720	; 0x720 <LCD_voidClear>
			LCD_voidGoToSpecificPosition(LCD_LINE_ONE,0);
     a1e:	60 e0       	ldi	r22, 0x00	; 0
     a20:	81 e0       	ldi	r24, 0x01	; 1
     a22:	0e 94 9a 03 	call	0x734	; 0x734 <LCD_voidGoToSpecificPosition>
			LCD_voidDisplayString((u8*)" SECURITY ALERT!");
     a26:	8a ea       	ldi	r24, 0xAA	; 170
     a28:	90 e0       	ldi	r25, 0x00	; 0
     a2a:	0e 94 7a 03 	call	0x6f4	; 0x6f4 <LCD_voidDisplayString>
			
			LED_voidOn(DIO_PORTC, DIO_PIN0, LED_FORWARD_CONNECTION);//Red Led
     a2e:	41 e0       	ldi	r20, 0x01	; 1
     a30:	60 e0       	ldi	r22, 0x00	; 0
     a32:	82 e0       	ldi	r24, 0x02	; 2
     a34:	0e 94 11 04 	call	0x822	; 0x822 <LED_voidOn>
     a38:	8f ef       	ldi	r24, 0xFF	; 255
     a3a:	93 e2       	ldi	r25, 0x23	; 35
     a3c:	e4 ef       	ldi	r30, 0xF4	; 244
     a3e:	81 50       	subi	r24, 0x01	; 1
     a40:	90 40       	sbci	r25, 0x00	; 0
     a42:	e0 40       	sbci	r30, 0x00	; 0
     a44:	e1 f7       	brne	.-8      	; 0xa3e <__stack+0x1df>
     a46:	00 c0       	rjmp	.+0      	; 0xa48 <__stack+0x1e9>
     a48:	00 00       	nop
			
			_delay_ms(5000);
			
			LED_voidOff(DIO_PORTC, DIO_PIN0, LED_FORWARD_CONNECTION);//Red Led
     a4a:	41 e0       	ldi	r20, 0x01	; 1
     a4c:	60 e0       	ldi	r22, 0x00	; 0
     a4e:	82 e0       	ldi	r24, 0x02	; 2
     a50:	0e 94 1c 04 	call	0x838	; 0x838 <LED_voidOff>
     a54:	fa ea       	ldi	r31, 0xAA	; 170
     a56:	26 ee       	ldi	r18, 0xE6	; 230
     a58:	36 e9       	ldi	r19, 0x96	; 150
     a5a:	81 e0       	ldi	r24, 0x01	; 1
     a5c:	f1 50       	subi	r31, 0x01	; 1
     a5e:	20 40       	sbci	r18, 0x00	; 0
     a60:	30 40       	sbci	r19, 0x00	; 0
     a62:	80 40       	sbci	r24, 0x00	; 0
     a64:	d9 f7       	brne	.-10     	; 0xa5c <__stack+0x1fd>
     a66:	00 00       	nop
     a68:	3a cf       	rjmp	.-396    	; 0x8de <__stack+0x7f>

00000a6a <PWM1_voidInit>:
void PWM1_voidInit()
{
	//PWM Mode
	#if PWM1_MODE == PWM1_FAST_MODE_14
	//Select PWM1 Mode 14
	SET_BIT(TCCR1B_REG, WGM13);
     a6a:	8e b5       	in	r24, 0x2e	; 46
     a6c:	80 61       	ori	r24, 0x10	; 16
     a6e:	8e bd       	out	0x2e, r24	; 46
	SET_BIT(TCCR1B_REG, WGM12);
     a70:	8e b5       	in	r24, 0x2e	; 46
     a72:	88 60       	ori	r24, 0x08	; 8
     a74:	8e bd       	out	0x2e, r24	; 46
	SET_BIT(TCCR1A_REG, WGM11);
     a76:	8f b5       	in	r24, 0x2f	; 47
     a78:	82 60       	ori	r24, 0x02	; 2
     a7a:	8f bd       	out	0x2f, r24	; 47
	CLR_BIT(TCCR1A_REG, WGM10);
     a7c:	8f b5       	in	r24, 0x2f	; 47
     a7e:	8e 7f       	andi	r24, 0xFE	; 254
     a80:	8f bd       	out	0x2f, r24	; 47
	
	#endif
	
	#if PWM1_COMPARE_MODE == PWM1_NON_INVERTING_MODE
	//Select PWM1 Non Inverting Mode
	SET_BIT(TCCR1A_REG, COM1A1);
     a82:	8f b5       	in	r24, 0x2f	; 47
     a84:	80 68       	ori	r24, 0x80	; 128
     a86:	8f bd       	out	0x2f, r24	; 47
	CLR_BIT(TCCR1A_REG, COM1A0);
     a88:	8f b5       	in	r24, 0x2f	; 47
     a8a:	8f 7b       	andi	r24, 0xBF	; 191
     a8c:	8f bd       	out	0x2f, r24	; 47
     a8e:	08 95       	ret

00000a90 <PWM1_voidGenerate>:
	#endif
}


void PWM1_voidGenerate(u8 copy_u8Frequency, f32 copy_f32Duty)
{
     a90:	cf 92       	push	r12
     a92:	df 92       	push	r13
     a94:	ef 92       	push	r14
     a96:	ff 92       	push	r15
     a98:	6a 01       	movw	r12, r20
     a9a:	7b 01       	movw	r14, r22
	//Set Frequency
	ICR1_U16 = ((1000000.0/copy_u8Frequency) / 4.0) - 1 ;
     a9c:	68 2f       	mov	r22, r24
     a9e:	70 e0       	ldi	r23, 0x00	; 0
     aa0:	80 e0       	ldi	r24, 0x00	; 0
     aa2:	90 e0       	ldi	r25, 0x00	; 0
     aa4:	0e 94 e4 06 	call	0xdc8	; 0xdc8 <__floatsisf>
     aa8:	9b 01       	movw	r18, r22
     aaa:	ac 01       	movw	r20, r24
     aac:	60 e0       	ldi	r22, 0x00	; 0
     aae:	74 e2       	ldi	r23, 0x24	; 36
     ab0:	84 e7       	ldi	r24, 0x74	; 116
     ab2:	99 e4       	ldi	r25, 0x49	; 73
     ab4:	0e 94 41 06 	call	0xc82	; 0xc82 <__divsf3>
     ab8:	20 e0       	ldi	r18, 0x00	; 0
     aba:	30 e0       	ldi	r19, 0x00	; 0
     abc:	40 e8       	ldi	r20, 0x80	; 128
     abe:	5e e3       	ldi	r21, 0x3E	; 62
     ac0:	0e 94 94 07 	call	0xf28	; 0xf28 <__mulsf3>
     ac4:	20 e0       	ldi	r18, 0x00	; 0
     ac6:	30 e0       	ldi	r19, 0x00	; 0
     ac8:	40 e8       	ldi	r20, 0x80	; 128
     aca:	5f e3       	ldi	r21, 0x3F	; 63
     acc:	0e 94 cf 05 	call	0xb9e	; 0xb9e <__subsf3>
     ad0:	0e 94 b3 06 	call	0xd66	; 0xd66 <__fixunssfsi>
     ad4:	77 bd       	out	0x27, r23	; 39
     ad6:	66 bd       	out	0x26, r22	; 38
	
	//Set Duty Ratio
	if(copy_f32Duty <= 100)
     ad8:	20 e0       	ldi	r18, 0x00	; 0
     ada:	30 e0       	ldi	r19, 0x00	; 0
     adc:	48 ec       	ldi	r20, 0xC8	; 200
     ade:	52 e4       	ldi	r21, 0x42	; 66
     ae0:	c7 01       	movw	r24, r14
     ae2:	b6 01       	movw	r22, r12
     ae4:	0e 94 3c 06 	call	0xc78	; 0xc78 <__cmpsf2>
     ae8:	18 16       	cp	r1, r24
     aea:	04 f1       	brlt	.+64     	; 0xb2c <PWM1_voidGenerate+0x9c>
	{
		OCR1A_U16 = ((copy_f32Duty/100.0)*(ICR1_U16 + 1)) - 1 ;
     aec:	20 e0       	ldi	r18, 0x00	; 0
     aee:	30 e0       	ldi	r19, 0x00	; 0
     af0:	48 ec       	ldi	r20, 0xC8	; 200
     af2:	52 e4       	ldi	r21, 0x42	; 66
     af4:	c7 01       	movw	r24, r14
     af6:	b6 01       	movw	r22, r12
     af8:	0e 94 41 06 	call	0xc82	; 0xc82 <__divsf3>
     afc:	6b 01       	movw	r12, r22
     afe:	7c 01       	movw	r14, r24
     b00:	66 b5       	in	r22, 0x26	; 38
     b02:	77 b5       	in	r23, 0x27	; 39
     b04:	6f 5f       	subi	r22, 0xFF	; 255
     b06:	7f 4f       	sbci	r23, 0xFF	; 255
     b08:	80 e0       	ldi	r24, 0x00	; 0
     b0a:	90 e0       	ldi	r25, 0x00	; 0
     b0c:	0e 94 e2 06 	call	0xdc4	; 0xdc4 <__floatunsisf>
     b10:	a7 01       	movw	r20, r14
     b12:	96 01       	movw	r18, r12
     b14:	0e 94 94 07 	call	0xf28	; 0xf28 <__mulsf3>
     b18:	20 e0       	ldi	r18, 0x00	; 0
     b1a:	30 e0       	ldi	r19, 0x00	; 0
     b1c:	40 e8       	ldi	r20, 0x80	; 128
     b1e:	5f e3       	ldi	r21, 0x3F	; 63
     b20:	0e 94 cf 05 	call	0xb9e	; 0xb9e <__subsf3>
     b24:	0e 94 b3 06 	call	0xd66	; 0xd66 <__fixunssfsi>
     b28:	7b bd       	out	0x2b, r23	; 43
     b2a:	6a bd       	out	0x2a, r22	; 42
	}
	
	//prescaler
	#if TMR1_PRESCALER == 64
	CLR_BIT(TCCR1B_REG, CS12);
     b2c:	8e b5       	in	r24, 0x2e	; 46
     b2e:	8b 7f       	andi	r24, 0xFB	; 251
     b30:	8e bd       	out	0x2e, r24	; 46
	SET_BIT(TCCR1B_REG, CS11);
     b32:	8e b5       	in	r24, 0x2e	; 46
     b34:	82 60       	ori	r24, 0x02	; 2
     b36:	8e bd       	out	0x2e, r24	; 46
	SET_BIT(TCCR1B_REG, CS10);
     b38:	8e b5       	in	r24, 0x2e	; 46
     b3a:	81 60       	ori	r24, 0x01	; 1
     b3c:	8e bd       	out	0x2e, r24	; 46
	#endif
}
     b3e:	ff 90       	pop	r15
     b40:	ef 90       	pop	r14
     b42:	df 90       	pop	r13
     b44:	cf 90       	pop	r12
     b46:	08 95       	ret

00000b48 <SRVM_voidInit>:

#include "SRVM_interface.h"

void SRVM_voidInit()
{
	DIO_voidSetPinDirection(DIO_PORTD, DIO_PIN5, DIO_PIN_OUTPUT);
     b48:	41 e0       	ldi	r20, 0x01	; 1
     b4a:	65 e0       	ldi	r22, 0x05	; 5
     b4c:	83 e0       	ldi	r24, 0x03	; 3
     b4e:	0e 94 41 00 	call	0x82	; 0x82 <DIO_voidSetPinDirection>
	
	PWM1_voidInit();
     b52:	0e 94 35 05 	call	0xa6a	; 0xa6a <PWM1_voidInit>
     b56:	08 95       	ret

00000b58 <SRVM_voidOn>:
}


void SRVM_voidOn(u16 copy_u16Angle)
{
	f32 tOn = (copy_u16Angle/180.0) + 1 ;
     b58:	bc 01       	movw	r22, r24
     b5a:	80 e0       	ldi	r24, 0x00	; 0
     b5c:	90 e0       	ldi	r25, 0x00	; 0
     b5e:	0e 94 e2 06 	call	0xdc4	; 0xdc4 <__floatunsisf>
     b62:	20 e0       	ldi	r18, 0x00	; 0
     b64:	30 e0       	ldi	r19, 0x00	; 0
     b66:	44 e3       	ldi	r20, 0x34	; 52
     b68:	53 e4       	ldi	r21, 0x43	; 67
     b6a:	0e 94 41 06 	call	0xc82	; 0xc82 <__divsf3>
     b6e:	20 e0       	ldi	r18, 0x00	; 0
     b70:	30 e0       	ldi	r19, 0x00	; 0
     b72:	40 e8       	ldi	r20, 0x80	; 128
     b74:	5f e3       	ldi	r21, 0x3F	; 63
     b76:	0e 94 d0 05 	call	0xba0	; 0xba0 <__addsf3>
	
	f32 duty = (tOn/20.0)*100 ;
     b7a:	20 e0       	ldi	r18, 0x00	; 0
     b7c:	30 e0       	ldi	r19, 0x00	; 0
     b7e:	40 ea       	ldi	r20, 0xA0	; 160
     b80:	51 e4       	ldi	r21, 0x41	; 65
     b82:	0e 94 41 06 	call	0xc82	; 0xc82 <__divsf3>
     b86:	20 e0       	ldi	r18, 0x00	; 0
     b88:	30 e0       	ldi	r19, 0x00	; 0
     b8a:	48 ec       	ldi	r20, 0xC8	; 200
     b8c:	52 e4       	ldi	r21, 0x42	; 66
     b8e:	0e 94 94 07 	call	0xf28	; 0xf28 <__mulsf3>
     b92:	ab 01       	movw	r20, r22
     b94:	bc 01       	movw	r22, r24
	
	PWM1_voidGenerate(50, duty);
     b96:	82 e3       	ldi	r24, 0x32	; 50
     b98:	0e 94 48 05 	call	0xa90	; 0xa90 <PWM1_voidGenerate>
     b9c:	08 95       	ret

00000b9e <__subsf3>:
     b9e:	50 58       	subi	r21, 0x80	; 128

00000ba0 <__addsf3>:
     ba0:	bb 27       	eor	r27, r27
     ba2:	aa 27       	eor	r26, r26
     ba4:	0e 94 e7 05 	call	0xbce	; 0xbce <__addsf3x>
     ba8:	0c 94 5a 07 	jmp	0xeb4	; 0xeb4 <__fp_round>
     bac:	0e 94 4c 07 	call	0xe98	; 0xe98 <__fp_pscA>
     bb0:	38 f0       	brcs	.+14     	; 0xbc0 <__addsf3+0x20>
     bb2:	0e 94 53 07 	call	0xea6	; 0xea6 <__fp_pscB>
     bb6:	20 f0       	brcs	.+8      	; 0xbc0 <__addsf3+0x20>
     bb8:	39 f4       	brne	.+14     	; 0xbc8 <__addsf3+0x28>
     bba:	9f 3f       	cpi	r25, 0xFF	; 255
     bbc:	19 f4       	brne	.+6      	; 0xbc4 <__addsf3+0x24>
     bbe:	26 f4       	brtc	.+8      	; 0xbc8 <__addsf3+0x28>
     bc0:	0c 94 49 07 	jmp	0xe92	; 0xe92 <__fp_nan>
     bc4:	0e f4       	brtc	.+2      	; 0xbc8 <__addsf3+0x28>
     bc6:	e0 95       	com	r30
     bc8:	e7 fb       	bst	r30, 7
     bca:	0c 94 43 07 	jmp	0xe86	; 0xe86 <__fp_inf>

00000bce <__addsf3x>:
     bce:	e9 2f       	mov	r30, r25
     bd0:	0e 94 6b 07 	call	0xed6	; 0xed6 <__fp_split3>
     bd4:	58 f3       	brcs	.-42     	; 0xbac <__addsf3+0xc>
     bd6:	ba 17       	cp	r27, r26
     bd8:	62 07       	cpc	r22, r18
     bda:	73 07       	cpc	r23, r19
     bdc:	84 07       	cpc	r24, r20
     bde:	95 07       	cpc	r25, r21
     be0:	20 f0       	brcs	.+8      	; 0xbea <__addsf3x+0x1c>
     be2:	79 f4       	brne	.+30     	; 0xc02 <__addsf3x+0x34>
     be4:	a6 f5       	brtc	.+104    	; 0xc4e <__addsf3x+0x80>
     be6:	0c 94 8d 07 	jmp	0xf1a	; 0xf1a <__fp_zero>
     bea:	0e f4       	brtc	.+2      	; 0xbee <__addsf3x+0x20>
     bec:	e0 95       	com	r30
     bee:	0b 2e       	mov	r0, r27
     bf0:	ba 2f       	mov	r27, r26
     bf2:	a0 2d       	mov	r26, r0
     bf4:	0b 01       	movw	r0, r22
     bf6:	b9 01       	movw	r22, r18
     bf8:	90 01       	movw	r18, r0
     bfa:	0c 01       	movw	r0, r24
     bfc:	ca 01       	movw	r24, r20
     bfe:	a0 01       	movw	r20, r0
     c00:	11 24       	eor	r1, r1
     c02:	ff 27       	eor	r31, r31
     c04:	59 1b       	sub	r21, r25
     c06:	99 f0       	breq	.+38     	; 0xc2e <__addsf3x+0x60>
     c08:	59 3f       	cpi	r21, 0xF9	; 249
     c0a:	50 f4       	brcc	.+20     	; 0xc20 <__addsf3x+0x52>
     c0c:	50 3e       	cpi	r21, 0xE0	; 224
     c0e:	68 f1       	brcs	.+90     	; 0xc6a <__addsf3x+0x9c>
     c10:	1a 16       	cp	r1, r26
     c12:	f0 40       	sbci	r31, 0x00	; 0
     c14:	a2 2f       	mov	r26, r18
     c16:	23 2f       	mov	r18, r19
     c18:	34 2f       	mov	r19, r20
     c1a:	44 27       	eor	r20, r20
     c1c:	58 5f       	subi	r21, 0xF8	; 248
     c1e:	f3 cf       	rjmp	.-26     	; 0xc06 <__addsf3x+0x38>
     c20:	46 95       	lsr	r20
     c22:	37 95       	ror	r19
     c24:	27 95       	ror	r18
     c26:	a7 95       	ror	r26
     c28:	f0 40       	sbci	r31, 0x00	; 0
     c2a:	53 95       	inc	r21
     c2c:	c9 f7       	brne	.-14     	; 0xc20 <__addsf3x+0x52>
     c2e:	7e f4       	brtc	.+30     	; 0xc4e <__addsf3x+0x80>
     c30:	1f 16       	cp	r1, r31
     c32:	ba 0b       	sbc	r27, r26
     c34:	62 0b       	sbc	r22, r18
     c36:	73 0b       	sbc	r23, r19
     c38:	84 0b       	sbc	r24, r20
     c3a:	ba f0       	brmi	.+46     	; 0xc6a <__addsf3x+0x9c>
     c3c:	91 50       	subi	r25, 0x01	; 1
     c3e:	a1 f0       	breq	.+40     	; 0xc68 <__addsf3x+0x9a>
     c40:	ff 0f       	add	r31, r31
     c42:	bb 1f       	adc	r27, r27
     c44:	66 1f       	adc	r22, r22
     c46:	77 1f       	adc	r23, r23
     c48:	88 1f       	adc	r24, r24
     c4a:	c2 f7       	brpl	.-16     	; 0xc3c <__addsf3x+0x6e>
     c4c:	0e c0       	rjmp	.+28     	; 0xc6a <__addsf3x+0x9c>
     c4e:	ba 0f       	add	r27, r26
     c50:	62 1f       	adc	r22, r18
     c52:	73 1f       	adc	r23, r19
     c54:	84 1f       	adc	r24, r20
     c56:	48 f4       	brcc	.+18     	; 0xc6a <__addsf3x+0x9c>
     c58:	87 95       	ror	r24
     c5a:	77 95       	ror	r23
     c5c:	67 95       	ror	r22
     c5e:	b7 95       	ror	r27
     c60:	f7 95       	ror	r31
     c62:	9e 3f       	cpi	r25, 0xFE	; 254
     c64:	08 f0       	brcs	.+2      	; 0xc68 <__addsf3x+0x9a>
     c66:	b0 cf       	rjmp	.-160    	; 0xbc8 <__addsf3+0x28>
     c68:	93 95       	inc	r25
     c6a:	88 0f       	add	r24, r24
     c6c:	08 f0       	brcs	.+2      	; 0xc70 <__addsf3x+0xa2>
     c6e:	99 27       	eor	r25, r25
     c70:	ee 0f       	add	r30, r30
     c72:	97 95       	ror	r25
     c74:	87 95       	ror	r24
     c76:	08 95       	ret

00000c78 <__cmpsf2>:
     c78:	0e 94 1f 07 	call	0xe3e	; 0xe3e <__fp_cmp>
     c7c:	08 f4       	brcc	.+2      	; 0xc80 <__cmpsf2+0x8>
     c7e:	81 e0       	ldi	r24, 0x01	; 1
     c80:	08 95       	ret

00000c82 <__divsf3>:
     c82:	0e 94 55 06 	call	0xcaa	; 0xcaa <__divsf3x>
     c86:	0c 94 5a 07 	jmp	0xeb4	; 0xeb4 <__fp_round>
     c8a:	0e 94 53 07 	call	0xea6	; 0xea6 <__fp_pscB>
     c8e:	58 f0       	brcs	.+22     	; 0xca6 <__divsf3+0x24>
     c90:	0e 94 4c 07 	call	0xe98	; 0xe98 <__fp_pscA>
     c94:	40 f0       	brcs	.+16     	; 0xca6 <__divsf3+0x24>
     c96:	29 f4       	brne	.+10     	; 0xca2 <__divsf3+0x20>
     c98:	5f 3f       	cpi	r21, 0xFF	; 255
     c9a:	29 f0       	breq	.+10     	; 0xca6 <__divsf3+0x24>
     c9c:	0c 94 43 07 	jmp	0xe86	; 0xe86 <__fp_inf>
     ca0:	51 11       	cpse	r21, r1
     ca2:	0c 94 8e 07 	jmp	0xf1c	; 0xf1c <__fp_szero>
     ca6:	0c 94 49 07 	jmp	0xe92	; 0xe92 <__fp_nan>

00000caa <__divsf3x>:
     caa:	0e 94 6b 07 	call	0xed6	; 0xed6 <__fp_split3>
     cae:	68 f3       	brcs	.-38     	; 0xc8a <__divsf3+0x8>

00000cb0 <__divsf3_pse>:
     cb0:	99 23       	and	r25, r25
     cb2:	b1 f3       	breq	.-20     	; 0xca0 <__divsf3+0x1e>
     cb4:	55 23       	and	r21, r21
     cb6:	91 f3       	breq	.-28     	; 0xc9c <__divsf3+0x1a>
     cb8:	95 1b       	sub	r25, r21
     cba:	55 0b       	sbc	r21, r21
     cbc:	bb 27       	eor	r27, r27
     cbe:	aa 27       	eor	r26, r26
     cc0:	62 17       	cp	r22, r18
     cc2:	73 07       	cpc	r23, r19
     cc4:	84 07       	cpc	r24, r20
     cc6:	38 f0       	brcs	.+14     	; 0xcd6 <__divsf3_pse+0x26>
     cc8:	9f 5f       	subi	r25, 0xFF	; 255
     cca:	5f 4f       	sbci	r21, 0xFF	; 255
     ccc:	22 0f       	add	r18, r18
     cce:	33 1f       	adc	r19, r19
     cd0:	44 1f       	adc	r20, r20
     cd2:	aa 1f       	adc	r26, r26
     cd4:	a9 f3       	breq	.-22     	; 0xcc0 <__divsf3_pse+0x10>
     cd6:	35 d0       	rcall	.+106    	; 0xd42 <__divsf3_pse+0x92>
     cd8:	0e 2e       	mov	r0, r30
     cda:	3a f0       	brmi	.+14     	; 0xcea <__divsf3_pse+0x3a>
     cdc:	e0 e8       	ldi	r30, 0x80	; 128
     cde:	32 d0       	rcall	.+100    	; 0xd44 <__divsf3_pse+0x94>
     ce0:	91 50       	subi	r25, 0x01	; 1
     ce2:	50 40       	sbci	r21, 0x00	; 0
     ce4:	e6 95       	lsr	r30
     ce6:	00 1c       	adc	r0, r0
     ce8:	ca f7       	brpl	.-14     	; 0xcdc <__divsf3_pse+0x2c>
     cea:	2b d0       	rcall	.+86     	; 0xd42 <__divsf3_pse+0x92>
     cec:	fe 2f       	mov	r31, r30
     cee:	29 d0       	rcall	.+82     	; 0xd42 <__divsf3_pse+0x92>
     cf0:	66 0f       	add	r22, r22
     cf2:	77 1f       	adc	r23, r23
     cf4:	88 1f       	adc	r24, r24
     cf6:	bb 1f       	adc	r27, r27
     cf8:	26 17       	cp	r18, r22
     cfa:	37 07       	cpc	r19, r23
     cfc:	48 07       	cpc	r20, r24
     cfe:	ab 07       	cpc	r26, r27
     d00:	b0 e8       	ldi	r27, 0x80	; 128
     d02:	09 f0       	breq	.+2      	; 0xd06 <__divsf3_pse+0x56>
     d04:	bb 0b       	sbc	r27, r27
     d06:	80 2d       	mov	r24, r0
     d08:	bf 01       	movw	r22, r30
     d0a:	ff 27       	eor	r31, r31
     d0c:	93 58       	subi	r25, 0x83	; 131
     d0e:	5f 4f       	sbci	r21, 0xFF	; 255
     d10:	3a f0       	brmi	.+14     	; 0xd20 <__divsf3_pse+0x70>
     d12:	9e 3f       	cpi	r25, 0xFE	; 254
     d14:	51 05       	cpc	r21, r1
     d16:	78 f0       	brcs	.+30     	; 0xd36 <__divsf3_pse+0x86>
     d18:	0c 94 43 07 	jmp	0xe86	; 0xe86 <__fp_inf>
     d1c:	0c 94 8e 07 	jmp	0xf1c	; 0xf1c <__fp_szero>
     d20:	5f 3f       	cpi	r21, 0xFF	; 255
     d22:	e4 f3       	brlt	.-8      	; 0xd1c <__divsf3_pse+0x6c>
     d24:	98 3e       	cpi	r25, 0xE8	; 232
     d26:	d4 f3       	brlt	.-12     	; 0xd1c <__divsf3_pse+0x6c>
     d28:	86 95       	lsr	r24
     d2a:	77 95       	ror	r23
     d2c:	67 95       	ror	r22
     d2e:	b7 95       	ror	r27
     d30:	f7 95       	ror	r31
     d32:	9f 5f       	subi	r25, 0xFF	; 255
     d34:	c9 f7       	brne	.-14     	; 0xd28 <__divsf3_pse+0x78>
     d36:	88 0f       	add	r24, r24
     d38:	91 1d       	adc	r25, r1
     d3a:	96 95       	lsr	r25
     d3c:	87 95       	ror	r24
     d3e:	97 f9       	bld	r25, 7
     d40:	08 95       	ret
     d42:	e1 e0       	ldi	r30, 0x01	; 1
     d44:	66 0f       	add	r22, r22
     d46:	77 1f       	adc	r23, r23
     d48:	88 1f       	adc	r24, r24
     d4a:	bb 1f       	adc	r27, r27
     d4c:	62 17       	cp	r22, r18
     d4e:	73 07       	cpc	r23, r19
     d50:	84 07       	cpc	r24, r20
     d52:	ba 07       	cpc	r27, r26
     d54:	20 f0       	brcs	.+8      	; 0xd5e <__divsf3_pse+0xae>
     d56:	62 1b       	sub	r22, r18
     d58:	73 0b       	sbc	r23, r19
     d5a:	84 0b       	sbc	r24, r20
     d5c:	ba 0b       	sbc	r27, r26
     d5e:	ee 1f       	adc	r30, r30
     d60:	88 f7       	brcc	.-30     	; 0xd44 <__divsf3_pse+0x94>
     d62:	e0 95       	com	r30
     d64:	08 95       	ret

00000d66 <__fixunssfsi>:
     d66:	0e 94 73 07 	call	0xee6	; 0xee6 <__fp_splitA>
     d6a:	88 f0       	brcs	.+34     	; 0xd8e <__fixunssfsi+0x28>
     d6c:	9f 57       	subi	r25, 0x7F	; 127
     d6e:	98 f0       	brcs	.+38     	; 0xd96 <__fixunssfsi+0x30>
     d70:	b9 2f       	mov	r27, r25
     d72:	99 27       	eor	r25, r25
     d74:	b7 51       	subi	r27, 0x17	; 23
     d76:	b0 f0       	brcs	.+44     	; 0xda4 <__fixunssfsi+0x3e>
     d78:	e1 f0       	breq	.+56     	; 0xdb2 <__fixunssfsi+0x4c>
     d7a:	66 0f       	add	r22, r22
     d7c:	77 1f       	adc	r23, r23
     d7e:	88 1f       	adc	r24, r24
     d80:	99 1f       	adc	r25, r25
     d82:	1a f0       	brmi	.+6      	; 0xd8a <__fixunssfsi+0x24>
     d84:	ba 95       	dec	r27
     d86:	c9 f7       	brne	.-14     	; 0xd7a <__fixunssfsi+0x14>
     d88:	14 c0       	rjmp	.+40     	; 0xdb2 <__fixunssfsi+0x4c>
     d8a:	b1 30       	cpi	r27, 0x01	; 1
     d8c:	91 f0       	breq	.+36     	; 0xdb2 <__fixunssfsi+0x4c>
     d8e:	0e 94 8d 07 	call	0xf1a	; 0xf1a <__fp_zero>
     d92:	b1 e0       	ldi	r27, 0x01	; 1
     d94:	08 95       	ret
     d96:	0c 94 8d 07 	jmp	0xf1a	; 0xf1a <__fp_zero>
     d9a:	67 2f       	mov	r22, r23
     d9c:	78 2f       	mov	r23, r24
     d9e:	88 27       	eor	r24, r24
     da0:	b8 5f       	subi	r27, 0xF8	; 248
     da2:	39 f0       	breq	.+14     	; 0xdb2 <__fixunssfsi+0x4c>
     da4:	b9 3f       	cpi	r27, 0xF9	; 249
     da6:	cc f3       	brlt	.-14     	; 0xd9a <__fixunssfsi+0x34>
     da8:	86 95       	lsr	r24
     daa:	77 95       	ror	r23
     dac:	67 95       	ror	r22
     dae:	b3 95       	inc	r27
     db0:	d9 f7       	brne	.-10     	; 0xda8 <__fixunssfsi+0x42>
     db2:	3e f4       	brtc	.+14     	; 0xdc2 <__fixunssfsi+0x5c>
     db4:	90 95       	com	r25
     db6:	80 95       	com	r24
     db8:	70 95       	com	r23
     dba:	61 95       	neg	r22
     dbc:	7f 4f       	sbci	r23, 0xFF	; 255
     dbe:	8f 4f       	sbci	r24, 0xFF	; 255
     dc0:	9f 4f       	sbci	r25, 0xFF	; 255
     dc2:	08 95       	ret

00000dc4 <__floatunsisf>:
     dc4:	e8 94       	clt
     dc6:	09 c0       	rjmp	.+18     	; 0xdda <__floatsisf+0x12>

00000dc8 <__floatsisf>:
     dc8:	97 fb       	bst	r25, 7
     dca:	3e f4       	brtc	.+14     	; 0xdda <__floatsisf+0x12>
     dcc:	90 95       	com	r25
     dce:	80 95       	com	r24
     dd0:	70 95       	com	r23
     dd2:	61 95       	neg	r22
     dd4:	7f 4f       	sbci	r23, 0xFF	; 255
     dd6:	8f 4f       	sbci	r24, 0xFF	; 255
     dd8:	9f 4f       	sbci	r25, 0xFF	; 255
     dda:	99 23       	and	r25, r25
     ddc:	a9 f0       	breq	.+42     	; 0xe08 <__floatsisf+0x40>
     dde:	f9 2f       	mov	r31, r25
     de0:	96 e9       	ldi	r25, 0x96	; 150
     de2:	bb 27       	eor	r27, r27
     de4:	93 95       	inc	r25
     de6:	f6 95       	lsr	r31
     de8:	87 95       	ror	r24
     dea:	77 95       	ror	r23
     dec:	67 95       	ror	r22
     dee:	b7 95       	ror	r27
     df0:	f1 11       	cpse	r31, r1
     df2:	f8 cf       	rjmp	.-16     	; 0xde4 <__floatsisf+0x1c>
     df4:	fa f4       	brpl	.+62     	; 0xe34 <__floatsisf+0x6c>
     df6:	bb 0f       	add	r27, r27
     df8:	11 f4       	brne	.+4      	; 0xdfe <__floatsisf+0x36>
     dfa:	60 ff       	sbrs	r22, 0
     dfc:	1b c0       	rjmp	.+54     	; 0xe34 <__floatsisf+0x6c>
     dfe:	6f 5f       	subi	r22, 0xFF	; 255
     e00:	7f 4f       	sbci	r23, 0xFF	; 255
     e02:	8f 4f       	sbci	r24, 0xFF	; 255
     e04:	9f 4f       	sbci	r25, 0xFF	; 255
     e06:	16 c0       	rjmp	.+44     	; 0xe34 <__floatsisf+0x6c>
     e08:	88 23       	and	r24, r24
     e0a:	11 f0       	breq	.+4      	; 0xe10 <__floatsisf+0x48>
     e0c:	96 e9       	ldi	r25, 0x96	; 150
     e0e:	11 c0       	rjmp	.+34     	; 0xe32 <__floatsisf+0x6a>
     e10:	77 23       	and	r23, r23
     e12:	21 f0       	breq	.+8      	; 0xe1c <__floatsisf+0x54>
     e14:	9e e8       	ldi	r25, 0x8E	; 142
     e16:	87 2f       	mov	r24, r23
     e18:	76 2f       	mov	r23, r22
     e1a:	05 c0       	rjmp	.+10     	; 0xe26 <__floatsisf+0x5e>
     e1c:	66 23       	and	r22, r22
     e1e:	71 f0       	breq	.+28     	; 0xe3c <__floatsisf+0x74>
     e20:	96 e8       	ldi	r25, 0x86	; 134
     e22:	86 2f       	mov	r24, r22
     e24:	70 e0       	ldi	r23, 0x00	; 0
     e26:	60 e0       	ldi	r22, 0x00	; 0
     e28:	2a f0       	brmi	.+10     	; 0xe34 <__floatsisf+0x6c>
     e2a:	9a 95       	dec	r25
     e2c:	66 0f       	add	r22, r22
     e2e:	77 1f       	adc	r23, r23
     e30:	88 1f       	adc	r24, r24
     e32:	da f7       	brpl	.-10     	; 0xe2a <__floatsisf+0x62>
     e34:	88 0f       	add	r24, r24
     e36:	96 95       	lsr	r25
     e38:	87 95       	ror	r24
     e3a:	97 f9       	bld	r25, 7
     e3c:	08 95       	ret

00000e3e <__fp_cmp>:
     e3e:	99 0f       	add	r25, r25
     e40:	00 08       	sbc	r0, r0
     e42:	55 0f       	add	r21, r21
     e44:	aa 0b       	sbc	r26, r26
     e46:	e0 e8       	ldi	r30, 0x80	; 128
     e48:	fe ef       	ldi	r31, 0xFE	; 254
     e4a:	16 16       	cp	r1, r22
     e4c:	17 06       	cpc	r1, r23
     e4e:	e8 07       	cpc	r30, r24
     e50:	f9 07       	cpc	r31, r25
     e52:	c0 f0       	brcs	.+48     	; 0xe84 <__fp_cmp+0x46>
     e54:	12 16       	cp	r1, r18
     e56:	13 06       	cpc	r1, r19
     e58:	e4 07       	cpc	r30, r20
     e5a:	f5 07       	cpc	r31, r21
     e5c:	98 f0       	brcs	.+38     	; 0xe84 <__fp_cmp+0x46>
     e5e:	62 1b       	sub	r22, r18
     e60:	73 0b       	sbc	r23, r19
     e62:	84 0b       	sbc	r24, r20
     e64:	95 0b       	sbc	r25, r21
     e66:	39 f4       	brne	.+14     	; 0xe76 <__fp_cmp+0x38>
     e68:	0a 26       	eor	r0, r26
     e6a:	61 f0       	breq	.+24     	; 0xe84 <__fp_cmp+0x46>
     e6c:	23 2b       	or	r18, r19
     e6e:	24 2b       	or	r18, r20
     e70:	25 2b       	or	r18, r21
     e72:	21 f4       	brne	.+8      	; 0xe7c <__fp_cmp+0x3e>
     e74:	08 95       	ret
     e76:	0a 26       	eor	r0, r26
     e78:	09 f4       	brne	.+2      	; 0xe7c <__fp_cmp+0x3e>
     e7a:	a1 40       	sbci	r26, 0x01	; 1
     e7c:	a6 95       	lsr	r26
     e7e:	8f ef       	ldi	r24, 0xFF	; 255
     e80:	81 1d       	adc	r24, r1
     e82:	81 1d       	adc	r24, r1
     e84:	08 95       	ret

00000e86 <__fp_inf>:
     e86:	97 f9       	bld	r25, 7
     e88:	9f 67       	ori	r25, 0x7F	; 127
     e8a:	80 e8       	ldi	r24, 0x80	; 128
     e8c:	70 e0       	ldi	r23, 0x00	; 0
     e8e:	60 e0       	ldi	r22, 0x00	; 0
     e90:	08 95       	ret

00000e92 <__fp_nan>:
     e92:	9f ef       	ldi	r25, 0xFF	; 255
     e94:	80 ec       	ldi	r24, 0xC0	; 192
     e96:	08 95       	ret

00000e98 <__fp_pscA>:
     e98:	00 24       	eor	r0, r0
     e9a:	0a 94       	dec	r0
     e9c:	16 16       	cp	r1, r22
     e9e:	17 06       	cpc	r1, r23
     ea0:	18 06       	cpc	r1, r24
     ea2:	09 06       	cpc	r0, r25
     ea4:	08 95       	ret

00000ea6 <__fp_pscB>:
     ea6:	00 24       	eor	r0, r0
     ea8:	0a 94       	dec	r0
     eaa:	12 16       	cp	r1, r18
     eac:	13 06       	cpc	r1, r19
     eae:	14 06       	cpc	r1, r20
     eb0:	05 06       	cpc	r0, r21
     eb2:	08 95       	ret

00000eb4 <__fp_round>:
     eb4:	09 2e       	mov	r0, r25
     eb6:	03 94       	inc	r0
     eb8:	00 0c       	add	r0, r0
     eba:	11 f4       	brne	.+4      	; 0xec0 <__fp_round+0xc>
     ebc:	88 23       	and	r24, r24
     ebe:	52 f0       	brmi	.+20     	; 0xed4 <__fp_round+0x20>
     ec0:	bb 0f       	add	r27, r27
     ec2:	40 f4       	brcc	.+16     	; 0xed4 <__fp_round+0x20>
     ec4:	bf 2b       	or	r27, r31
     ec6:	11 f4       	brne	.+4      	; 0xecc <__fp_round+0x18>
     ec8:	60 ff       	sbrs	r22, 0
     eca:	04 c0       	rjmp	.+8      	; 0xed4 <__fp_round+0x20>
     ecc:	6f 5f       	subi	r22, 0xFF	; 255
     ece:	7f 4f       	sbci	r23, 0xFF	; 255
     ed0:	8f 4f       	sbci	r24, 0xFF	; 255
     ed2:	9f 4f       	sbci	r25, 0xFF	; 255
     ed4:	08 95       	ret

00000ed6 <__fp_split3>:
     ed6:	57 fd       	sbrc	r21, 7
     ed8:	90 58       	subi	r25, 0x80	; 128
     eda:	44 0f       	add	r20, r20
     edc:	55 1f       	adc	r21, r21
     ede:	59 f0       	breq	.+22     	; 0xef6 <__fp_splitA+0x10>
     ee0:	5f 3f       	cpi	r21, 0xFF	; 255
     ee2:	71 f0       	breq	.+28     	; 0xf00 <__fp_splitA+0x1a>
     ee4:	47 95       	ror	r20

00000ee6 <__fp_splitA>:
     ee6:	88 0f       	add	r24, r24
     ee8:	97 fb       	bst	r25, 7
     eea:	99 1f       	adc	r25, r25
     eec:	61 f0       	breq	.+24     	; 0xf06 <__fp_splitA+0x20>
     eee:	9f 3f       	cpi	r25, 0xFF	; 255
     ef0:	79 f0       	breq	.+30     	; 0xf10 <__fp_splitA+0x2a>
     ef2:	87 95       	ror	r24
     ef4:	08 95       	ret
     ef6:	12 16       	cp	r1, r18
     ef8:	13 06       	cpc	r1, r19
     efa:	14 06       	cpc	r1, r20
     efc:	55 1f       	adc	r21, r21
     efe:	f2 cf       	rjmp	.-28     	; 0xee4 <__fp_split3+0xe>
     f00:	46 95       	lsr	r20
     f02:	f1 df       	rcall	.-30     	; 0xee6 <__fp_splitA>
     f04:	08 c0       	rjmp	.+16     	; 0xf16 <__fp_splitA+0x30>
     f06:	16 16       	cp	r1, r22
     f08:	17 06       	cpc	r1, r23
     f0a:	18 06       	cpc	r1, r24
     f0c:	99 1f       	adc	r25, r25
     f0e:	f1 cf       	rjmp	.-30     	; 0xef2 <__fp_splitA+0xc>
     f10:	86 95       	lsr	r24
     f12:	71 05       	cpc	r23, r1
     f14:	61 05       	cpc	r22, r1
     f16:	08 94       	sec
     f18:	08 95       	ret

00000f1a <__fp_zero>:
     f1a:	e8 94       	clt

00000f1c <__fp_szero>:
     f1c:	bb 27       	eor	r27, r27
     f1e:	66 27       	eor	r22, r22
     f20:	77 27       	eor	r23, r23
     f22:	cb 01       	movw	r24, r22
     f24:	97 f9       	bld	r25, 7
     f26:	08 95       	ret

00000f28 <__mulsf3>:
     f28:	0e 94 a7 07 	call	0xf4e	; 0xf4e <__mulsf3x>
     f2c:	0c 94 5a 07 	jmp	0xeb4	; 0xeb4 <__fp_round>
     f30:	0e 94 4c 07 	call	0xe98	; 0xe98 <__fp_pscA>
     f34:	38 f0       	brcs	.+14     	; 0xf44 <__mulsf3+0x1c>
     f36:	0e 94 53 07 	call	0xea6	; 0xea6 <__fp_pscB>
     f3a:	20 f0       	brcs	.+8      	; 0xf44 <__mulsf3+0x1c>
     f3c:	95 23       	and	r25, r21
     f3e:	11 f0       	breq	.+4      	; 0xf44 <__mulsf3+0x1c>
     f40:	0c 94 43 07 	jmp	0xe86	; 0xe86 <__fp_inf>
     f44:	0c 94 49 07 	jmp	0xe92	; 0xe92 <__fp_nan>
     f48:	11 24       	eor	r1, r1
     f4a:	0c 94 8e 07 	jmp	0xf1c	; 0xf1c <__fp_szero>

00000f4e <__mulsf3x>:
     f4e:	0e 94 6b 07 	call	0xed6	; 0xed6 <__fp_split3>
     f52:	70 f3       	brcs	.-36     	; 0xf30 <__mulsf3+0x8>

00000f54 <__mulsf3_pse>:
     f54:	95 9f       	mul	r25, r21
     f56:	c1 f3       	breq	.-16     	; 0xf48 <__mulsf3+0x20>
     f58:	95 0f       	add	r25, r21
     f5a:	50 e0       	ldi	r21, 0x00	; 0
     f5c:	55 1f       	adc	r21, r21
     f5e:	62 9f       	mul	r22, r18
     f60:	f0 01       	movw	r30, r0
     f62:	72 9f       	mul	r23, r18
     f64:	bb 27       	eor	r27, r27
     f66:	f0 0d       	add	r31, r0
     f68:	b1 1d       	adc	r27, r1
     f6a:	63 9f       	mul	r22, r19
     f6c:	aa 27       	eor	r26, r26
     f6e:	f0 0d       	add	r31, r0
     f70:	b1 1d       	adc	r27, r1
     f72:	aa 1f       	adc	r26, r26
     f74:	64 9f       	mul	r22, r20
     f76:	66 27       	eor	r22, r22
     f78:	b0 0d       	add	r27, r0
     f7a:	a1 1d       	adc	r26, r1
     f7c:	66 1f       	adc	r22, r22
     f7e:	82 9f       	mul	r24, r18
     f80:	22 27       	eor	r18, r18
     f82:	b0 0d       	add	r27, r0
     f84:	a1 1d       	adc	r26, r1
     f86:	62 1f       	adc	r22, r18
     f88:	73 9f       	mul	r23, r19
     f8a:	b0 0d       	add	r27, r0
     f8c:	a1 1d       	adc	r26, r1
     f8e:	62 1f       	adc	r22, r18
     f90:	83 9f       	mul	r24, r19
     f92:	a0 0d       	add	r26, r0
     f94:	61 1d       	adc	r22, r1
     f96:	22 1f       	adc	r18, r18
     f98:	74 9f       	mul	r23, r20
     f9a:	33 27       	eor	r19, r19
     f9c:	a0 0d       	add	r26, r0
     f9e:	61 1d       	adc	r22, r1
     fa0:	23 1f       	adc	r18, r19
     fa2:	84 9f       	mul	r24, r20
     fa4:	60 0d       	add	r22, r0
     fa6:	21 1d       	adc	r18, r1
     fa8:	82 2f       	mov	r24, r18
     faa:	76 2f       	mov	r23, r22
     fac:	6a 2f       	mov	r22, r26
     fae:	11 24       	eor	r1, r1
     fb0:	9f 57       	subi	r25, 0x7F	; 127
     fb2:	50 40       	sbci	r21, 0x00	; 0
     fb4:	9a f0       	brmi	.+38     	; 0xfdc <__mulsf3_pse+0x88>
     fb6:	f1 f0       	breq	.+60     	; 0xff4 <__mulsf3_pse+0xa0>
     fb8:	88 23       	and	r24, r24
     fba:	4a f0       	brmi	.+18     	; 0xfce <__mulsf3_pse+0x7a>
     fbc:	ee 0f       	add	r30, r30
     fbe:	ff 1f       	adc	r31, r31
     fc0:	bb 1f       	adc	r27, r27
     fc2:	66 1f       	adc	r22, r22
     fc4:	77 1f       	adc	r23, r23
     fc6:	88 1f       	adc	r24, r24
     fc8:	91 50       	subi	r25, 0x01	; 1
     fca:	50 40       	sbci	r21, 0x00	; 0
     fcc:	a9 f7       	brne	.-22     	; 0xfb8 <__mulsf3_pse+0x64>
     fce:	9e 3f       	cpi	r25, 0xFE	; 254
     fd0:	51 05       	cpc	r21, r1
     fd2:	80 f0       	brcs	.+32     	; 0xff4 <__mulsf3_pse+0xa0>
     fd4:	0c 94 43 07 	jmp	0xe86	; 0xe86 <__fp_inf>
     fd8:	0c 94 8e 07 	jmp	0xf1c	; 0xf1c <__fp_szero>
     fdc:	5f 3f       	cpi	r21, 0xFF	; 255
     fde:	e4 f3       	brlt	.-8      	; 0xfd8 <__mulsf3_pse+0x84>
     fe0:	98 3e       	cpi	r25, 0xE8	; 232
     fe2:	d4 f3       	brlt	.-12     	; 0xfd8 <__mulsf3_pse+0x84>
     fe4:	86 95       	lsr	r24
     fe6:	77 95       	ror	r23
     fe8:	67 95       	ror	r22
     fea:	b7 95       	ror	r27
     fec:	f7 95       	ror	r31
     fee:	e7 95       	ror	r30
     ff0:	9f 5f       	subi	r25, 0xFF	; 255
     ff2:	c1 f7       	brne	.-16     	; 0xfe4 <__mulsf3_pse+0x90>
     ff4:	fe 2b       	or	r31, r30
     ff6:	88 0f       	add	r24, r24
     ff8:	91 1d       	adc	r25, r1
     ffa:	96 95       	lsr	r25
     ffc:	87 95       	ror	r24
     ffe:	97 f9       	bld	r25, 7
    1000:	08 95       	ret

00001002 <__divmodsi4>:
    1002:	05 2e       	mov	r0, r21
    1004:	97 fb       	bst	r25, 7
    1006:	1e f4       	brtc	.+6      	; 0x100e <__divmodsi4+0xc>
    1008:	00 94       	com	r0
    100a:	0e 94 18 08 	call	0x1030	; 0x1030 <__negsi2>
    100e:	57 fd       	sbrc	r21, 7
    1010:	07 d0       	rcall	.+14     	; 0x1020 <__divmodsi4_neg2>
    1012:	0e 94 20 08 	call	0x1040	; 0x1040 <__udivmodsi4>
    1016:	07 fc       	sbrc	r0, 7
    1018:	03 d0       	rcall	.+6      	; 0x1020 <__divmodsi4_neg2>
    101a:	4e f4       	brtc	.+18     	; 0x102e <__divmodsi4_exit>
    101c:	0c 94 18 08 	jmp	0x1030	; 0x1030 <__negsi2>

00001020 <__divmodsi4_neg2>:
    1020:	50 95       	com	r21
    1022:	40 95       	com	r20
    1024:	30 95       	com	r19
    1026:	21 95       	neg	r18
    1028:	3f 4f       	sbci	r19, 0xFF	; 255
    102a:	4f 4f       	sbci	r20, 0xFF	; 255
    102c:	5f 4f       	sbci	r21, 0xFF	; 255

0000102e <__divmodsi4_exit>:
    102e:	08 95       	ret

00001030 <__negsi2>:
    1030:	90 95       	com	r25
    1032:	80 95       	com	r24
    1034:	70 95       	com	r23
    1036:	61 95       	neg	r22
    1038:	7f 4f       	sbci	r23, 0xFF	; 255
    103a:	8f 4f       	sbci	r24, 0xFF	; 255
    103c:	9f 4f       	sbci	r25, 0xFF	; 255
    103e:	08 95       	ret

00001040 <__udivmodsi4>:
    1040:	a1 e2       	ldi	r26, 0x21	; 33
    1042:	1a 2e       	mov	r1, r26
    1044:	aa 1b       	sub	r26, r26
    1046:	bb 1b       	sub	r27, r27
    1048:	fd 01       	movw	r30, r26
    104a:	0d c0       	rjmp	.+26     	; 0x1066 <__udivmodsi4_ep>

0000104c <__udivmodsi4_loop>:
    104c:	aa 1f       	adc	r26, r26
    104e:	bb 1f       	adc	r27, r27
    1050:	ee 1f       	adc	r30, r30
    1052:	ff 1f       	adc	r31, r31
    1054:	a2 17       	cp	r26, r18
    1056:	b3 07       	cpc	r27, r19
    1058:	e4 07       	cpc	r30, r20
    105a:	f5 07       	cpc	r31, r21
    105c:	20 f0       	brcs	.+8      	; 0x1066 <__udivmodsi4_ep>
    105e:	a2 1b       	sub	r26, r18
    1060:	b3 0b       	sbc	r27, r19
    1062:	e4 0b       	sbc	r30, r20
    1064:	f5 0b       	sbc	r31, r21

00001066 <__udivmodsi4_ep>:
    1066:	66 1f       	adc	r22, r22
    1068:	77 1f       	adc	r23, r23
    106a:	88 1f       	adc	r24, r24
    106c:	99 1f       	adc	r25, r25
    106e:	1a 94       	dec	r1
    1070:	69 f7       	brne	.-38     	; 0x104c <__udivmodsi4_loop>
    1072:	60 95       	com	r22
    1074:	70 95       	com	r23
    1076:	80 95       	com	r24
    1078:	90 95       	com	r25
    107a:	9b 01       	movw	r18, r22
    107c:	ac 01       	movw	r20, r24
    107e:	bd 01       	movw	r22, r26
    1080:	cf 01       	movw	r24, r30
    1082:	08 95       	ret

00001084 <_exit>:
    1084:	f8 94       	cli

00001086 <__stop_program>:
    1086:	ff cf       	rjmp	.-2      	; 0x1086 <__stop_program>
