
Graduation-Project.elf:     file format elf32-avr

Sections:
Idx Name          Size      VMA       LMA       File off  Algn
  0 .text         0000234e  00000000  00000000  00000094  2**1
                  CONTENTS, ALLOC, LOAD, READONLY, CODE
  1 .data         000004c4  00800060  0000234e  000023e2  2**0
                  CONTENTS, ALLOC, LOAD, DATA
  2 .bss          00000034  00800524  00800524  000028a6  2**0
                  ALLOC
  3 .comment      00000030  00000000  00000000  000028a6  2**0
                  CONTENTS, READONLY
  4 .note.gnu.avr.deviceinfo 0000003c  00000000  00000000  000028d8  2**2
                  CONTENTS, READONLY
  5 .debug_aranges 00000648  00000000  00000000  00002914  2**0
                  CONTENTS, READONLY, DEBUGGING
  6 .debug_info   00005f19  00000000  00000000  00002f5c  2**0
                  CONTENTS, READONLY, DEBUGGING
  7 .debug_abbrev 00001b93  00000000  00000000  00008e75  2**0
                  CONTENTS, READONLY, DEBUGGING
  8 .debug_line   00003895  00000000  00000000  0000aa08  2**0
                  CONTENTS, READONLY, DEBUGGING
  9 .debug_frame  00000e24  00000000  00000000  0000e2a0  2**2
                  CONTENTS, READONLY, DEBUGGING
 10 .debug_str    00001ab0  00000000  00000000  0000f0c4  2**0
                  CONTENTS, READONLY, DEBUGGING
 11 .debug_loc    0000345c  00000000  00000000  00010b74  2**0
                  CONTENTS, READONLY, DEBUGGING
 12 .debug_ranges 00000570  00000000  00000000  00013fd0  2**0
                  CONTENTS, READONLY, DEBUGGING

Disassembly of section .text:

00000000 <__vectors>:
       0:	0c 94 2a 00 	jmp	0x54	; 0x54 <__ctors_end>
       4:	0c 94 8a 0d 	jmp	0x1b14	; 0x1b14 <__vector_1>
       8:	0c 94 b3 0d 	jmp	0x1b66	; 0x1b66 <__vector_2>
       c:	0c 94 47 00 	jmp	0x8e	; 0x8e <__bad_interrupt>
      10:	0c 94 47 00 	jmp	0x8e	; 0x8e <__bad_interrupt>
      14:	0c 94 47 00 	jmp	0x8e	; 0x8e <__bad_interrupt>
      18:	0c 94 47 00 	jmp	0x8e	; 0x8e <__bad_interrupt>
      1c:	0c 94 47 00 	jmp	0x8e	; 0x8e <__bad_interrupt>
      20:	0c 94 47 00 	jmp	0x8e	; 0x8e <__bad_interrupt>
      24:	0c 94 7e 0e 	jmp	0x1cfc	; 0x1cfc <__vector_9>
      28:	0c 94 47 00 	jmp	0x8e	; 0x8e <__bad_interrupt>
      2c:	0c 94 55 0e 	jmp	0x1caa	; 0x1caa <__vector_11>
      30:	0c 94 47 00 	jmp	0x8e	; 0x8e <__bad_interrupt>
      34:	0c 94 47 00 	jmp	0x8e	; 0x8e <__bad_interrupt>
      38:	0c 94 47 00 	jmp	0x8e	; 0x8e <__bad_interrupt>
      3c:	0c 94 47 00 	jmp	0x8e	; 0x8e <__bad_interrupt>
      40:	0c 94 47 00 	jmp	0x8e	; 0x8e <__bad_interrupt>
      44:	0c 94 47 00 	jmp	0x8e	; 0x8e <__bad_interrupt>
      48:	0c 94 47 00 	jmp	0x8e	; 0x8e <__bad_interrupt>
      4c:	0c 94 47 00 	jmp	0x8e	; 0x8e <__bad_interrupt>
      50:	0c 94 47 00 	jmp	0x8e	; 0x8e <__bad_interrupt>

00000054 <__ctors_end>:
      54:	11 24       	eor	r1, r1
      56:	1f be       	out	0x3f, r1	; 63
      58:	cf e5       	ldi	r28, 0x5F	; 95
      5a:	d8 e0       	ldi	r29, 0x08	; 8
      5c:	de bf       	out	0x3e, r29	; 62
      5e:	cd bf       	out	0x3d, r28	; 61

00000060 <__do_copy_data>:
      60:	15 e0       	ldi	r17, 0x05	; 5
      62:	a0 e6       	ldi	r26, 0x60	; 96
      64:	b0 e0       	ldi	r27, 0x00	; 0
      66:	ee e4       	ldi	r30, 0x4E	; 78
      68:	f3 e2       	ldi	r31, 0x23	; 35
      6a:	02 c0       	rjmp	.+4      	; 0x70 <__do_copy_data+0x10>
      6c:	05 90       	lpm	r0, Z+
      6e:	0d 92       	st	X+, r0
      70:	a4 32       	cpi	r26, 0x24	; 36
      72:	b1 07       	cpc	r27, r17
      74:	d9 f7       	brne	.-10     	; 0x6c <__do_copy_data+0xc>

00000076 <__do_clear_bss>:
      76:	25 e0       	ldi	r18, 0x05	; 5
      78:	a4 e2       	ldi	r26, 0x24	; 36
      7a:	b5 e0       	ldi	r27, 0x05	; 5
      7c:	01 c0       	rjmp	.+2      	; 0x80 <.do_clear_bss_start>

0000007e <.do_clear_bss_loop>:
      7e:	1d 92       	st	X+, r1

00000080 <.do_clear_bss_start>:
      80:	a8 35       	cpi	r26, 0x58	; 88
      82:	b2 07       	cpc	r27, r18
      84:	e1 f7       	brne	.-8      	; 0x7e <.do_clear_bss_loop>
      86:	0e 94 66 0f 	call	0x1ecc	; 0x1ecc <main>
      8a:	0c 94 a5 11 	jmp	0x234a	; 0x234a <_exit>

0000008e <__bad_interrupt>:
      8e:	0c 94 00 00 	jmp	0	; 0x0 <__vectors>

00000092 <Alarm_voidInit>:
#include "../../HAL/LCD/LCD_interface.h"
#include "AlarmManager_interface.h"

void Alarm_voidInit(void)
{
    WDT_voidDisable();
      92:	0e 94 61 0f 	call	0x1ec2	; 0x1ec2 <WDT_voidDisable>
      96:	08 95       	ret

00000098 <Alarm_voidTrigger>:
}

void Alarm_voidTrigger(void)
{
    LCD_voidClear();
      98:	0e 94 83 0b 	call	0x1706	; 0x1706 <LCD_voidClear>
    LCD_voidGoToSpecificPosition(LCD_LINE_ONE, 0);
      9c:	60 e0       	ldi	r22, 0x00	; 0
      9e:	81 e0       	ldi	r24, 0x01	; 1
      a0:	0e 94 8d 0b 	call	0x171a	; 0x171a <LCD_voidGoToSpecificPosition>
    LCD_voidDisplayString((u8*)"ALARM SYSTEM");
      a4:	8e e6       	ldi	r24, 0x6E	; 110
      a6:	90 e0       	ldi	r25, 0x00	; 0
      a8:	0e 94 e9 0a 	call	0x15d2	; 0x15d2 <LCD_voidDisplayString>
    LCD_voidGoToSpecificPosition(LCD_LINE_TWO, 0);
      ac:	60 e0       	ldi	r22, 0x00	; 0
      ae:	82 e0       	ldi	r24, 0x02	; 2
      b0:	0e 94 8d 0b 	call	0x171a	; 0x171a <LCD_voidGoToSpecificPosition>
    LCD_voidDisplayString((u8*)"TRIGGERED!");
      b4:	8b e7       	ldi	r24, 0x7B	; 123
      b6:	90 e0       	ldi	r25, 0x00	; 0
      b8:	0e 94 e9 0a 	call	0x15d2	; 0x15d2 <LCD_voidDisplayString>

    /* Enable WDT to reset the system after 2 seconds causing a reboot */
    WDT_voidEnable(WDT_TIMEOUT_2S);
      bc:	87 e0       	ldi	r24, 0x07	; 7
      be:	0e 94 56 0f 	call	0x1eac	; 0x1eac <WDT_voidEnable>
      c2:	ff cf       	rjmp	.-2      	; 0xc2 <Alarm_voidTrigger+0x2a>

000000c4 <App_HandleWaitID>:
    }
}

static void App_HandleWaitID(u8 copy_u8Key)
{
    g_u8EnteredID = copy_u8Key;
      c4:	80 93 24 05 	sts	0x0524, r24	; 0x800524 <__data_end>
    LCD_voidDisplayChar(copy_u8Key);
      c8:	0e 94 a4 0a 	call	0x1548	; 0x1548 <LCD_voidDisplayChar>
	#else
		//round up by default
		__ticks_dc = (uint32_t)(ceil(fabs(__tmp)));
	#endif

	__builtin_avr_delay_cycles(__ticks_dc);
      cc:	2f ef       	ldi	r18, 0xFF	; 255
      ce:	85 ea       	ldi	r24, 0xA5	; 165
      d0:	9e e0       	ldi	r25, 0x0E	; 14
      d2:	21 50       	subi	r18, 0x01	; 1
      d4:	80 40       	sbci	r24, 0x00	; 0
      d6:	90 40       	sbci	r25, 0x00	; 0
      d8:	e1 f7       	brne	.-8      	; 0xd2 <App_HandleWaitID+0xe>
      da:	00 c0       	rjmp	.+0      	; 0xdc <App_HandleWaitID+0x18>
      dc:	00 00       	nop
    _delay_ms(300);

    LCD_voidGoToSpecificPosition(LCD_LINE_TWO, 0);
      de:	60 e0       	ldi	r22, 0x00	; 0
      e0:	82 e0       	ldi	r24, 0x02	; 2
      e2:	0e 94 8d 0b 	call	0x171a	; 0x171a <LCD_voidGoToSpecificPosition>
    LCD_voidDisplayString((u8*)"Pass: ");
      e6:	8e ef       	ldi	r24, 0xFE	; 254
      e8:	91 e0       	ldi	r25, 0x01	; 1
      ea:	0e 94 e9 0a 	call	0x15d2	; 0x15d2 <LCD_voidDisplayString>

    g_u8PassIdx = 0u;
      ee:	10 92 25 05 	sts	0x0525, r1	; 0x800525 <g_u8PassIdx>
    g_eAppState = APP_STATE_WAIT_PASS;
      f2:	82 e0       	ldi	r24, 0x02	; 2
      f4:	80 93 2b 05 	sts	0x052B, r24	; 0x80052b <g_eAppState>
      f8:	08 95       	ret

000000fa <App_HandleWaitPass>:
}

static void App_HandleWaitPass(u8 copy_u8Key)
{
    g_u8PassBuffer[g_u8PassIdx++] = copy_u8Key;
      fa:	e0 91 25 05 	lds	r30, 0x0525	; 0x800525 <g_u8PassIdx>
      fe:	91 e0       	ldi	r25, 0x01	; 1
     100:	9e 0f       	add	r25, r30
     102:	90 93 25 05 	sts	0x0525, r25	; 0x800525 <g_u8PassIdx>
     106:	f0 e0       	ldi	r31, 0x00	; 0
     108:	ea 5d       	subi	r30, 0xDA	; 218
     10a:	fa 4f       	sbci	r31, 0xFA	; 250
     10c:	80 83       	st	Z, r24
    LCD_voidDisplayChar('*');
     10e:	8a e2       	ldi	r24, 0x2A	; 42
     110:	0e 94 a4 0a 	call	0x1548	; 0x1548 <LCD_voidDisplayChar>
     114:	2f ef       	ldi	r18, 0xFF	; 255
     116:	85 ea       	ldi	r24, 0xA5	; 165
     118:	9e e0       	ldi	r25, 0x0E	; 14
     11a:	21 50       	subi	r18, 0x01	; 1
     11c:	80 40       	sbci	r24, 0x00	; 0
     11e:	90 40       	sbci	r25, 0x00	; 0
     120:	e1 f7       	brne	.-8      	; 0x11a <App_HandleWaitPass+0x20>
     122:	00 c0       	rjmp	.+0      	; 0x124 <App_HandleWaitPass+0x2a>
     124:	00 00       	nop
    _delay_ms(300);

    if (g_u8PassIdx == PASSWORD_LENGTH)
     126:	80 91 25 05 	lds	r24, 0x0525	; 0x800525 <g_u8PassIdx>
     12a:	84 30       	cpi	r24, 0x04	; 4
     12c:	39 f5       	brne	.+78     	; 0x17c <App_HandleWaitPass+0x82>
    {
        g_u8KpdRole = Login_u8Authenticate(
     12e:	46 e2       	ldi	r20, 0x26	; 38
     130:	55 e0       	ldi	r21, 0x05	; 5
     132:	60 91 24 05 	lds	r22, 0x0524	; 0x800524 <__data_end>
     136:	80 e0       	ldi	r24, 0x00	; 0
     138:	0e 94 a7 05 	call	0xb4e	; 0xb4e <Login_u8Authenticate>
            LOGIN_CH_KPD, g_u8EnteredID, g_u8PassBuffer);

        if (g_u8KpdRole != LOGIN_NO_ROLE)
     13c:	88 23       	and	r24, r24
     13e:	79 f0       	breq	.+30     	; 0x15e <App_HandleWaitPass+0x64>
        {
            Comm_voidSetKpdStatus(1);
     140:	81 e0       	ldi	r24, 0x01	; 1
     142:	0e 94 fe 04 	call	0x9fc	; 0x9fc <Comm_voidSetKpdStatus>
            UI_voidShowMessage((u8*)"Login Success!", MSG_SHORT_MS);
     146:	64 ef       	ldi	r22, 0xF4	; 244
     148:	71 e0       	ldi	r23, 0x01	; 1
     14a:	86 e8       	ldi	r24, 0x86	; 134
     14c:	90 e0       	ldi	r25, 0x00	; 0
     14e:	0e 94 6c 08 	call	0x10d8	; 0x10d8 <UI_voidShowMessage>
            g_eAppState = APP_STATE_MAIN_MENU;
     152:	83 e0       	ldi	r24, 0x03	; 3
     154:	80 93 2b 05 	sts	0x052B, r24	; 0x80052b <g_eAppState>
            UI_voidDisplayMainMenu();
     158:	0e 94 b3 07 	call	0xf66	; 0xf66 <UI_voidDisplayMainMenu>
     15c:	08 95       	ret
        }
        else
        {
            UI_voidShowMessage((u8*)"Login Failed!", MSG_LONG_MS);
     15e:	68 ee       	ldi	r22, 0xE8	; 232
     160:	73 e0       	ldi	r23, 0x03	; 3
     162:	85 e9       	ldi	r24, 0x95	; 149
     164:	90 e0       	ldi	r25, 0x00	; 0
     166:	0e 94 6c 08 	call	0x10d8	; 0x10d8 <UI_voidShowMessage>
            LCD_voidClear();
     16a:	0e 94 83 0b 	call	0x1706	; 0x1706 <LCD_voidClear>
            LCD_voidDisplayString((u8*)"ID: ");
     16e:	89 ee       	ldi	r24, 0xE9	; 233
     170:	92 e0       	ldi	r25, 0x02	; 2
     172:	0e 94 e9 0a 	call	0x15d2	; 0x15d2 <LCD_voidDisplayString>
            g_eAppState = APP_STATE_WAIT_ID;
     176:	81 e0       	ldi	r24, 0x01	; 1
     178:	80 93 2b 05 	sts	0x052B, r24	; 0x80052b <g_eAppState>
     17c:	08 95       	ret

0000017e <App_HandleStatus>:
    }
}

static void App_HandleStatus(u8 copy_u8Key)
{
    if (copy_u8Key == '3')
     17e:	83 33       	cpi	r24, 0x33	; 51
     180:	31 f4       	brne	.+12     	; 0x18e <App_HandleStatus+0x10>
    {
        g_eAppState = APP_STATE_MAIN_MENU;
     182:	83 e0       	ldi	r24, 0x03	; 3
     184:	80 93 2b 05 	sts	0x052B, r24	; 0x80052b <g_eAppState>
        UI_voidDisplayMainMenu();
     188:	0e 94 b3 07 	call	0xf66	; 0xf66 <UI_voidDisplayMainMenu>
     18c:	08 95       	ret
    }
    else if (copy_u8Key == '1')
     18e:	81 33       	cpi	r24, 0x31	; 49
     190:	11 f4       	brne	.+4      	; 0x196 <App_HandleStatus+0x18>
    {
        UI_voidDisplayStatus();
     192:	0e 94 c2 07 	call	0xf84	; 0xf84 <UI_voidDisplayStatus>
     196:	08 95       	ret

00000198 <App_HandleMainMenu>:
    }
}

static void App_HandleMainMenu(u8 copy_u8Key)
{
    if (copy_u8Key == '1')
     198:	81 33       	cpi	r24, 0x31	; 49
     19a:	31 f4       	brne	.+12     	; 0x1a8 <App_HandleMainMenu+0x10>
    {
        g_eAppState = APP_STATE_STATUS;
     19c:	84 e0       	ldi	r24, 0x04	; 4
     19e:	80 93 2b 05 	sts	0x052B, r24	; 0x80052b <g_eAppState>
        UI_voidDisplayStatus();
     1a2:	0e 94 c2 07 	call	0xf84	; 0xf84 <UI_voidDisplayStatus>
     1a6:	08 95       	ret
    }
    else if (copy_u8Key == '2')
     1a8:	82 33       	cpi	r24, 0x32	; 50
     1aa:	49 f4       	brne	.+18     	; 0x1be <App_HandleMainMenu+0x26>
    {
        g_u8CurrentOptIdx = 0u;
     1ac:	10 92 2a 05 	sts	0x052A, r1	; 0x80052a <g_u8CurrentOptIdx>
        g_eAppState = APP_STATE_OPTIONS;
     1b0:	85 e0       	ldi	r24, 0x05	; 5
     1b2:	80 93 2b 05 	sts	0x052B, r24	; 0x80052b <g_eAppState>
        UI_voidDisplayOptions(g_u8CurrentOptIdx);
     1b6:	80 e0       	ldi	r24, 0x00	; 0
     1b8:	0e 94 28 08 	call	0x1050	; 0x1050 <UI_voidDisplayOptions>
     1bc:	08 95       	ret
    }
    else if (copy_u8Key == '3')   /* Logout */
     1be:	83 33       	cpi	r24, 0x33	; 51
     1c0:	91 f4       	brne	.+36     	; 0x1e6 <App_HandleMainMenu+0x4e>
    {
        Comm_voidSetKpdStatus(0);
     1c2:	80 e0       	ldi	r24, 0x00	; 0
     1c4:	0e 94 fe 04 	call	0x9fc	; 0x9fc <Comm_voidSetKpdStatus>
        UI_voidShowMessage((u8*)"Logged Out", MSG_SHORT_MS);
     1c8:	64 ef       	ldi	r22, 0xF4	; 244
     1ca:	71 e0       	ldi	r23, 0x01	; 1
     1cc:	83 ea       	ldi	r24, 0xA3	; 163
     1ce:	90 e0       	ldi	r25, 0x00	; 0
     1d0:	0e 94 6c 08 	call	0x10d8	; 0x10d8 <UI_voidShowMessage>
        LCD_voidClear();
     1d4:	0e 94 83 0b 	call	0x1706	; 0x1706 <LCD_voidClear>
        LCD_voidDisplayString((u8*)"ID: ");
     1d8:	89 ee       	ldi	r24, 0xE9	; 233
     1da:	92 e0       	ldi	r25, 0x02	; 2
     1dc:	0e 94 e9 0a 	call	0x15d2	; 0x15d2 <LCD_voidDisplayString>
        g_eAppState = APP_STATE_WAIT_ID;
     1e0:	81 e0       	ldi	r24, 0x01	; 1
     1e2:	80 93 2b 05 	sts	0x052B, r24	; 0x80052b <g_eAppState>
     1e6:	08 95       	ret

000001e8 <App_HandleOptions>:
 *   '2' = On  (or enter dimmer sub-menu)
 *   '3' = Off
 *   '1' = back to main menu
 */
static void App_HandleOptions(u8 copy_u8Key)
{
     1e8:	cf 93       	push	r28
     1ea:	c8 2f       	mov	r28, r24
    if (copy_u8Key == '1')
     1ec:	81 33       	cpi	r24, 0x31	; 49
     1ee:	31 f4       	brne	.+12     	; 0x1fc <App_HandleOptions+0x14>
    {
        g_eAppState = APP_STATE_MAIN_MENU;
     1f0:	83 e0       	ldi	r24, 0x03	; 3
     1f2:	80 93 2b 05 	sts	0x052B, r24	; 0x80052b <g_eAppState>
        UI_voidDisplayMainMenu();
     1f6:	0e 94 b3 07 	call	0xf66	; 0xf66 <UI_voidDisplayMainMenu>
        return;
     1fa:	41 c0       	rjmp	.+130    	; 0x27e <App_HandleOptions+0x96>
    }

    if (copy_u8Key == '4' && g_u8CurrentOptIdx > 0u)
     1fc:	84 33       	cpi	r24, 0x34	; 52
     1fe:	51 f4       	brne	.+20     	; 0x214 <App_HandleOptions+0x2c>
     200:	80 91 2a 05 	lds	r24, 0x052A	; 0x80052a <g_u8CurrentOptIdx>
     204:	88 23       	and	r24, r24
     206:	31 f0       	breq	.+12     	; 0x214 <App_HandleOptions+0x2c>
    {
        g_u8CurrentOptIdx--;
     208:	81 50       	subi	r24, 0x01	; 1
     20a:	80 93 2a 05 	sts	0x052A, r24	; 0x80052a <g_u8CurrentOptIdx>
        UI_voidDisplayOptions(g_u8CurrentOptIdx);
     20e:	0e 94 28 08 	call	0x1050	; 0x1050 <UI_voidDisplayOptions>
        return;
     212:	35 c0       	rjmp	.+106    	; 0x27e <App_HandleOptions+0x96>
    }
    if (copy_u8Key == '6' && g_u8CurrentOptIdx < (MAX_OPTIONS - 1u))
     214:	c6 33       	cpi	r28, 0x36	; 54
     216:	51 f4       	brne	.+20     	; 0x22c <App_HandleOptions+0x44>
     218:	80 91 2a 05 	lds	r24, 0x052A	; 0x80052a <g_u8CurrentOptIdx>
     21c:	85 30       	cpi	r24, 0x05	; 5
     21e:	30 f4       	brcc	.+12     	; 0x22c <App_HandleOptions+0x44>
    {
        g_u8CurrentOptIdx++;
     220:	8f 5f       	subi	r24, 0xFF	; 255
     222:	80 93 2a 05 	sts	0x052A, r24	; 0x80052a <g_u8CurrentOptIdx>
        UI_voidDisplayOptions(g_u8CurrentOptIdx);
     226:	0e 94 28 08 	call	0x1050	; 0x1050 <UI_voidDisplayOptions>
        return;
     22a:	29 c0       	rjmp	.+82     	; 0x27e <App_HandleOptions+0x96>
    }

    if (g_u8CurrentOptIdx == (MAX_OPTIONS - 1u) && copy_u8Key == '2')
     22c:	80 91 2a 05 	lds	r24, 0x052A	; 0x80052a <g_u8CurrentOptIdx>
     230:	85 30       	cpi	r24, 0x05	; 5
     232:	41 f4       	brne	.+16     	; 0x244 <App_HandleOptions+0x5c>
     234:	c2 33       	cpi	r28, 0x32	; 50
     236:	31 f4       	brne	.+12     	; 0x244 <App_HandleOptions+0x5c>
    {
        g_eAppState = APP_STATE_DIMMER_CTRL;
     238:	86 e0       	ldi	r24, 0x06	; 6
     23a:	80 93 2b 05 	sts	0x052B, r24	; 0x80052b <g_eAppState>
        UI_voidDisplayDimmerCtrl();
     23e:	0e 94 5d 08 	call	0x10ba	; 0x10ba <UI_voidDisplayDimmerCtrl>
        return;
     242:	1d c0       	rjmp	.+58     	; 0x27e <App_HandleOptions+0x96>
    }

    if (copy_u8Key == '2' || copy_u8Key == '3')
     244:	8e ec       	ldi	r24, 0xCE	; 206
     246:	8c 0f       	add	r24, r28
     248:	82 30       	cpi	r24, 0x02	; 2
     24a:	c8 f4       	brcc	.+50     	; 0x27e <App_HandleOptions+0x96>
    {
        if (Comm_u8IsKpdUserPermitted() == 0u)
     24c:	0e 94 f5 04 	call	0x9ea	; 0x9ea <Comm_u8IsKpdUserPermitted>
     250:	81 11       	cpse	r24, r1
     252:	0b c0       	rjmp	.+22     	; 0x26a <App_HandleOptions+0x82>
        {
            UI_voidShowMessage((u8*)"Blocked By Admin", MSG_LONG_MS);
     254:	68 ee       	ldi	r22, 0xE8	; 232
     256:	73 e0       	ldi	r23, 0x03	; 3
     258:	8e ea       	ldi	r24, 0xAE	; 174
     25a:	90 e0       	ldi	r25, 0x00	; 0
     25c:	0e 94 6c 08 	call	0x10d8	; 0x10d8 <UI_voidShowMessage>
            UI_voidDisplayOptions(g_u8CurrentOptIdx);
     260:	80 91 2a 05 	lds	r24, 0x052A	; 0x80052a <g_u8CurrentOptIdx>
     264:	0e 94 28 08 	call	0x1050	; 0x1050 <UI_voidDisplayOptions>
            return;
     268:	0a c0       	rjmp	.+20     	; 0x27e <App_HandleOptions+0x96>
        }

        u8 lampState = (copy_u8Key == '2') ? LAMP_ON : LAMP_OFF;
     26a:	61 e0       	ldi	r22, 0x01	; 1
     26c:	c2 33       	cpi	r28, 0x32	; 50
     26e:	09 f0       	breq	.+2      	; 0x272 <App_HandleOptions+0x8a>
     270:	60 e0       	ldi	r22, 0x00	; 0
        Device_voidSetLamp((u8)(g_u8CurrentOptIdx + 1u), lampState, 0u);
     272:	80 91 2a 05 	lds	r24, 0x052A	; 0x80052a <g_u8CurrentOptIdx>
     276:	40 e0       	ldi	r20, 0x00	; 0
     278:	8f 5f       	subi	r24, 0xFF	; 255
     27a:	0e 94 28 05 	call	0xa50	; 0xa50 <Device_voidSetLamp>
    }
}
     27e:	cf 91       	pop	r28
     280:	08 95       	ret

00000282 <App_HandleDimmerCtrl>:

static void App_HandleDimmerCtrl(u8 copy_u8Key)
{
     282:	cf 93       	push	r28
    if (copy_u8Key == '1')
     284:	81 33       	cpi	r24, 0x31	; 49
     286:	41 f4       	brne	.+16     	; 0x298 <App_HandleDimmerCtrl+0x16>
    {
        g_eAppState = APP_STATE_OPTIONS;
     288:	85 e0       	ldi	r24, 0x05	; 5
     28a:	80 93 2b 05 	sts	0x052B, r24	; 0x80052b <g_eAppState>
        UI_voidDisplayOptions(g_u8CurrentOptIdx);
     28e:	80 91 2a 05 	lds	r24, 0x052A	; 0x80052a <g_u8CurrentOptIdx>
     292:	0e 94 28 08 	call	0x1050	; 0x1050 <UI_voidDisplayOptions>
        return;
     296:	29 c0       	rjmp	.+82     	; 0x2ea <App_HandleDimmerCtrl+0x68>
    }

    u8 brightness = 0xFFu; // invalid key
    switch (copy_u8Key)
     298:	83 33       	cpi	r24, 0x33	; 51
     29a:	51 f0       	breq	.+20     	; 0x2b0 <App_HandleDimmerCtrl+0x2e>
     29c:	18 f4       	brcc	.+6      	; 0x2a4 <App_HandleDimmerCtrl+0x22>
     29e:	82 33       	cpi	r24, 0x32	; 50
     2a0:	69 f0       	breq	.+26     	; 0x2bc <App_HandleDimmerCtrl+0x3a>
     2a2:	04 c0       	rjmp	.+8      	; 0x2ac <App_HandleDimmerCtrl+0x2a>
     2a4:	84 33       	cpi	r24, 0x34	; 52
     2a6:	31 f0       	breq	.+12     	; 0x2b4 <App_HandleDimmerCtrl+0x32>
     2a8:	85 33       	cpi	r24, 0x35	; 53
     2aa:	31 f0       	breq	.+12     	; 0x2b8 <App_HandleDimmerCtrl+0x36>
        g_eAppState = APP_STATE_OPTIONS;
        UI_voidDisplayOptions(g_u8CurrentOptIdx);
        return;
    }

    u8 brightness = 0xFFu; // invalid key
     2ac:	cf ef       	ldi	r28, 0xFF	; 255
     2ae:	07 c0       	rjmp	.+14     	; 0x2be <App_HandleDimmerCtrl+0x3c>
    switch (copy_u8Key)
    {
        case '2': brightness = 0u;   break;   // 0%
        case '3': brightness = 64u;  break;   // 25%
     2b0:	c0 e4       	ldi	r28, 0x40	; 64
     2b2:	05 c0       	rjmp	.+10     	; 0x2be <App_HandleDimmerCtrl+0x3c>
        case '4': brightness = 128u; break;   // 50%
     2b4:	c0 e8       	ldi	r28, 0x80	; 128
     2b6:	03 c0       	rjmp	.+6      	; 0x2be <App_HandleDimmerCtrl+0x3c>
        case '5': brightness = 192u; break;   // 75%
     2b8:	c0 ec       	ldi	r28, 0xC0	; 192
     2ba:	01 c0       	rjmp	.+2      	; 0x2be <App_HandleDimmerCtrl+0x3c>
    }

    u8 brightness = 0xFFu; // invalid key
    switch (copy_u8Key)
    {
        case '2': brightness = 0u;   break;   // 0%
     2bc:	c0 e0       	ldi	r28, 0x00	; 0
        case '5': brightness = 192u; break;   // 75%
        case '6': brightness = 255u; break;   // 100%
        default:                     break;
    }

    if (brightness == 0xFFu) return;  // ignore unrecognised key
     2be:	cf 3f       	cpi	r28, 0xFF	; 255
     2c0:	a1 f0       	breq	.+40     	; 0x2ea <App_HandleDimmerCtrl+0x68>

    if (Comm_u8IsKpdUserPermitted() == 0u)
     2c2:	0e 94 f5 04 	call	0x9ea	; 0x9ea <Comm_u8IsKpdUserPermitted>
     2c6:	81 11       	cpse	r24, r1
     2c8:	09 c0       	rjmp	.+18     	; 0x2dc <App_HandleDimmerCtrl+0x5a>
    {
        UI_voidShowMessage((u8*)"Blocked By Admin", MSG_LONG_MS);
     2ca:	68 ee       	ldi	r22, 0xE8	; 232
     2cc:	73 e0       	ldi	r23, 0x03	; 3
     2ce:	8e ea       	ldi	r24, 0xAE	; 174
     2d0:	90 e0       	ldi	r25, 0x00	; 0
     2d2:	0e 94 6c 08 	call	0x10d8	; 0x10d8 <UI_voidShowMessage>
        UI_voidDisplayDimmerCtrl();
     2d6:	0e 94 5d 08 	call	0x10ba	; 0x10ba <UI_voidDisplayDimmerCtrl>
        return;
     2da:	07 c0       	rjmp	.+14     	; 0x2ea <App_HandleDimmerCtrl+0x68>
    }

    Device_voidSetLamp(DIMMER_LAMP, LAMP_ON, brightness);
     2dc:	4c 2f       	mov	r20, r28
     2de:	61 e0       	ldi	r22, 0x01	; 1
     2e0:	86 e0       	ldi	r24, 0x06	; 6
     2e2:	0e 94 28 05 	call	0xa50	; 0xa50 <Device_voidSetLamp>
    UI_voidDisplayDimmerCtrl();   // Redisplay after applying brightness
     2e6:	0e 94 5d 08 	call	0x10ba	; 0x10ba <UI_voidDisplayDimmerCtrl>
}
     2ea:	cf 91       	pop	r28
     2ec:	08 95       	ret

000002ee <App_DispatchKeypad>:
    }
}

static void App_DispatchKeypad(u8 copy_u8Key)
{
    switch (g_eAppState)
     2ee:	90 91 2b 05 	lds	r25, 0x052B	; 0x80052b <g_eAppState>
     2f2:	93 30       	cpi	r25, 0x03	; 3
     2f4:	91 f0       	breq	.+36     	; 0x31a <App_DispatchKeypad+0x2c>
     2f6:	28 f4       	brcc	.+10     	; 0x302 <App_DispatchKeypad+0x14>
     2f8:	91 30       	cpi	r25, 0x01	; 1
     2fa:	49 f0       	breq	.+18     	; 0x30e <App_DispatchKeypad+0x20>
     2fc:	92 30       	cpi	r25, 0x02	; 2
     2fe:	51 f0       	breq	.+20     	; 0x314 <App_DispatchKeypad+0x26>
     300:	08 95       	ret
     302:	95 30       	cpi	r25, 0x05	; 5
     304:	81 f0       	breq	.+32     	; 0x326 <App_DispatchKeypad+0x38>
     306:	60 f0       	brcs	.+24     	; 0x320 <App_DispatchKeypad+0x32>
     308:	96 30       	cpi	r25, 0x06	; 6
     30a:	81 f0       	breq	.+32     	; 0x32c <App_DispatchKeypad+0x3e>
     30c:	08 95       	ret
    {
        case APP_STATE_WAIT_ID:      App_HandleWaitID(copy_u8Key);      break;
     30e:	0e 94 62 00 	call	0xc4	; 0xc4 <App_HandleWaitID>
     312:	08 95       	ret
        case APP_STATE_WAIT_PASS:    App_HandleWaitPass(copy_u8Key);    break;
     314:	0e 94 7d 00 	call	0xfa	; 0xfa <App_HandleWaitPass>
     318:	08 95       	ret
        case APP_STATE_MAIN_MENU:    App_HandleMainMenu(copy_u8Key);    break;
     31a:	0e 94 cc 00 	call	0x198	; 0x198 <App_HandleMainMenu>
     31e:	08 95       	ret
        case APP_STATE_STATUS:       App_HandleStatus(copy_u8Key);      break;
     320:	0e 94 bf 00 	call	0x17e	; 0x17e <App_HandleStatus>
     324:	08 95       	ret
        case APP_STATE_OPTIONS:      App_HandleOptions(copy_u8Key);     break;
     326:	0e 94 f4 00 	call	0x1e8	; 0x1e8 <App_HandleOptions>
     32a:	08 95       	ret
        case APP_STATE_DIMMER_CTRL:  App_HandleDimmerCtrl(copy_u8Key);  break;
     32c:	0e 94 41 01 	call	0x282	; 0x282 <App_HandleDimmerCtrl>
     330:	08 95       	ret

00000332 <App_voidInit>:


void App_voidInit(void)
{
    // Hardware init
    LCD_voidInit();
     332:	0e 94 43 0a 	call	0x1486	; 0x1486 <LCD_voidInit>
    KPD_voidInit();
     336:	0e 94 16 09 	call	0x122c	; 0x122c <KPD_voidInit>

    // Application module init
    Login_voidInit();       // TWI + EEPROM + default admin 
     33a:	0e 94 74 05 	call	0xae8	; 0xae8 <Login_voidInit>
    Device_voidInit();      // LEDs + PWM + Servo + DCM     
     33e:	0e 94 07 05 	call	0xa0e	; 0xa0e <Device_voidInit>
    Temp_voidInit();        // ADC                          
     342:	0e 94 7d 07 	call	0xefa	; 0xefa <Temp_voidInit>
    Comm_voidInit();        // UART + terminal prompt       
     346:	0e 94 ac 04 	call	0x958	; 0x958 <Comm_voidInit>
    Alarm_voidInit();       // WDT disable                  
     34a:	0e 94 49 00 	call	0x92	; 0x92 <Alarm_voidInit>

    /* Notify CommHandler: no keypad user is logged in yet */
    Comm_voidSetKpdStatus(0);
     34e:	80 e0       	ldi	r24, 0x00	; 0
     350:	0e 94 fe 04 	call	0x9fc	; 0x9fc <Comm_voidSetKpdStatus>

    /* Startup banner */
    LCD_voidDisplayString((u8*)"Smart Home System");
     354:	8f eb       	ldi	r24, 0xBF	; 191
     356:	90 e0       	ldi	r25, 0x00	; 0
     358:	0e 94 e9 0a 	call	0x15d2	; 0x15d2 <LCD_voidDisplayString>
     35c:	2f ef       	ldi	r18, 0xFF	; 255
     35e:	89 e6       	ldi	r24, 0x69	; 105
     360:	98 e1       	ldi	r25, 0x18	; 24
     362:	21 50       	subi	r18, 0x01	; 1
     364:	80 40       	sbci	r24, 0x00	; 0
     366:	90 40       	sbci	r25, 0x00	; 0
     368:	e1 f7       	brne	.-8      	; 0x362 <App_voidInit+0x30>
     36a:	00 c0       	rjmp	.+0      	; 0x36c <App_voidInit+0x3a>
     36c:	00 00       	nop
    _delay_ms(STARTUP_BANNER_MS);
    LCD_voidClear();
     36e:	0e 94 83 0b 	call	0x1706	; 0x1706 <LCD_voidClear>

    /* Transition to first real state */
    g_eAppState = APP_STATE_WAIT_ID;
     372:	81 e0       	ldi	r24, 0x01	; 1
     374:	80 93 2b 05 	sts	0x052B, r24	; 0x80052b <g_eAppState>
    LCD_voidDisplayString((u8*)"ID: ");
     378:	89 ee       	ldi	r24, 0xE9	; 233
     37a:	92 e0       	ldi	r25, 0x02	; 2
     37c:	0e 94 e9 0a 	call	0x15d2	; 0x15d2 <LCD_voidDisplayString>
     380:	08 95       	ret

00000382 <App_voidRun>:
}

void App_voidRun(void)
{
     382:	cf 93       	push	r28
     384:	df 93       	push	r29
     386:	1f 92       	push	r1
     388:	cd b7       	in	r28, 0x3d	; 61
     38a:	de b7       	in	r29, 0x3e	; 62
    Temp_voidManage();
     38c:	0e 94 a4 07 	call	0xf48	; 0xf48 <Temp_voidManage>
    Comm_voidManage();
     390:	0e 94 ba 04 	call	0x974	; 0x974 <Comm_voidManage>


    if (g_eAppState == APP_STATE_STATUS)
     394:	80 91 2b 05 	lds	r24, 0x052B	; 0x80052b <g_eAppState>
     398:	84 30       	cpi	r24, 0x04	; 4
     39a:	11 f4       	brne	.+4      	; 0x3a0 <App_voidRun+0x1e>
    {
        UI_voidRefreshStatus();
     39c:	0e 94 f0 07 	call	0xfe0	; 0xfe0 <UI_voidRefreshStatus>
    }

    u8 local_u8Key = KPD_NOT_PRESSED;
     3a0:	8f ef       	ldi	r24, 0xFF	; 255
     3a2:	89 83       	std	Y+1, r24	; 0x01
    KPD_voidGetValue(&local_u8Key);
     3a4:	ce 01       	movw	r24, r28
     3a6:	01 96       	adiw	r24, 0x01	; 1
     3a8:	0e 94 44 09 	call	0x1288	; 0x1288 <KPD_voidGetValue>

    if (local_u8Key != KPD_NOT_PRESSED)
     3ac:	89 81       	ldd	r24, Y+1	; 0x01
     3ae:	8f 3f       	cpi	r24, 0xFF	; 255
     3b0:	59 f0       	breq	.+22     	; 0x3c8 <App_voidRun+0x46>
    {
        App_DispatchKeypad(local_u8Key);
     3b2:	0e 94 77 01 	call	0x2ee	; 0x2ee <App_DispatchKeypad>
     3b6:	2f ef       	ldi	r18, 0xFF	; 255
     3b8:	84 e3       	ldi	r24, 0x34	; 52
     3ba:	9c e0       	ldi	r25, 0x0C	; 12
     3bc:	21 50       	subi	r18, 0x01	; 1
     3be:	80 40       	sbci	r24, 0x00	; 0
     3c0:	90 40       	sbci	r25, 0x00	; 0
     3c2:	e1 f7       	brne	.-8      	; 0x3bc <App_voidRun+0x3a>
     3c4:	00 c0       	rjmp	.+0      	; 0x3c6 <App_voidRun+0x44>
     3c6:	00 00       	nop
        _delay_ms(DEBOUNCE_MS);  // Software debounce
    }
}
     3c8:	0f 90       	pop	r0
     3ca:	df 91       	pop	r29
     3cc:	cf 91       	pop	r28
     3ce:	08 95       	ret

000003d0 <str_cmp>:
}

u8 Comm_u8GetTerminalRole(void)
{
    return g_u8TermRole;
}
     3d0:	dc 01       	movw	r26, r24
     3d2:	fb 01       	movw	r30, r22
     3d4:	02 c0       	rjmp	.+4      	; 0x3da <str_cmp+0xa>
     3d6:	11 96       	adiw	r26, 0x01	; 1
     3d8:	31 96       	adiw	r30, 0x01	; 1
     3da:	9c 91       	ld	r25, X
     3dc:	99 23       	and	r25, r25
     3de:	19 f0       	breq	.+6      	; 0x3e6 <str_cmp+0x16>
     3e0:	80 81       	ld	r24, Z
     3e2:	98 17       	cp	r25, r24
     3e4:	c1 f3       	breq	.-16     	; 0x3d6 <str_cmp+0x6>
     3e6:	20 81       	ld	r18, Z
     3e8:	81 e0       	ldi	r24, 0x01	; 1
     3ea:	92 13       	cpse	r25, r18
     3ec:	01 c0       	rjmp	.+2      	; 0x3f0 <str_cmp+0x20>
     3ee:	80 e0       	ldi	r24, 0x00	; 0
     3f0:	08 95       	ret

000003f2 <starts_with>:
     3f2:	fc 01       	movw	r30, r24
     3f4:	06 c0       	rjmp	.+12     	; 0x402 <__EEPROM_REGION_LENGTH__+0x2>
     3f6:	90 81       	ld	r25, Z
     3f8:	89 13       	cpse	r24, r25
     3fa:	08 c0       	rjmp	.+16     	; 0x40c <__EEPROM_REGION_LENGTH__+0xc>
     3fc:	31 96       	adiw	r30, 0x01	; 1
     3fe:	6f 5f       	subi	r22, 0xFF	; 255
     400:	7f 4f       	sbci	r23, 0xFF	; 255
     402:	db 01       	movw	r26, r22
     404:	8c 91       	ld	r24, X
     406:	81 11       	cpse	r24, r1
     408:	f6 cf       	rjmp	.-20     	; 0x3f6 <starts_with+0x4>
     40a:	08 95       	ret
     40c:	81 e0       	ldi	r24, 0x01	; 1
     40e:	08 95       	ret

00000410 <PrintHelp>:
     410:	81 ed       	ldi	r24, 0xD1	; 209
     412:	90 e0       	ldi	r25, 0x00	; 0
     414:	0e 94 38 0f 	call	0x1e70	; 0x1e70 <UART_voidTxString>
     418:	89 ee       	ldi	r24, 0xE9	; 233
     41a:	90 e0       	ldi	r25, 0x00	; 0
     41c:	0e 94 38 0f 	call	0x1e70	; 0x1e70 <UART_voidTxString>
     420:	87 e1       	ldi	r24, 0x17	; 23
     422:	91 e0       	ldi	r25, 0x01	; 1
     424:	0e 94 38 0f 	call	0x1e70	; 0x1e70 <UART_voidTxString>
     428:	80 91 32 05 	lds	r24, 0x0532	; 0x800532 <g_u8TermRole>
     42c:	81 30       	cpi	r24, 0x01	; 1
     42e:	21 f4       	brne	.+8      	; 0x438 <PrintHelp+0x28>
     430:	86 e3       	ldi	r24, 0x36	; 54
     432:	91 e0       	ldi	r25, 0x01	; 1
     434:	0e 94 38 0f 	call	0x1e70	; 0x1e70 <UART_voidTxString>
     438:	8b e5       	ldi	r24, 0x5B	; 91
     43a:	91 e0       	ldi	r25, 0x01	; 1
     43c:	0e 94 38 0f 	call	0x1e70	; 0x1e70 <UART_voidTxString>
     440:	08 95       	ret

00000442 <ShowMenu>:
     442:	8d e6       	ldi	r24, 0x6D	; 109
     444:	91 e0       	ldi	r25, 0x01	; 1
     446:	0e 94 38 0f 	call	0x1e70	; 0x1e70 <UART_voidTxString>
     44a:	87 e8       	ldi	r24, 0x87	; 135
     44c:	91 e0       	ldi	r25, 0x01	; 1
     44e:	0e 94 38 0f 	call	0x1e70	; 0x1e70 <UART_voidTxString>
     452:	80 91 32 05 	lds	r24, 0x0532	; 0x800532 <g_u8TermRole>
     456:	81 30       	cpi	r24, 0x01	; 1
     458:	c1 f4       	brne	.+48     	; 0x48a <ShowMenu+0x48>
     45a:	8a e9       	ldi	r24, 0x9A	; 154
     45c:	91 e0       	ldi	r25, 0x01	; 1
     45e:	0e 94 38 0f 	call	0x1e70	; 0x1e70 <UART_voidTxString>
     462:	88 ea       	ldi	r24, 0xA8	; 168
     464:	91 e0       	ldi	r25, 0x01	; 1
     466:	0e 94 38 0f 	call	0x1e70	; 0x1e70 <UART_voidTxString>
     46a:	80 91 31 05 	lds	r24, 0x0531	; 0x800531 <g_u8KpdLoggedIn>
     46e:	88 23       	and	r24, r24
     470:	41 f0       	breq	.+16     	; 0x482 <ShowMenu+0x40>
     472:	89 eb       	ldi	r24, 0xB9	; 185
     474:	91 e0       	ldi	r25, 0x01	; 1
     476:	0e 94 38 0f 	call	0x1e70	; 0x1e70 <UART_voidTxString>
     47a:	8a ec       	ldi	r24, 0xCA	; 202
     47c:	91 e0       	ldi	r25, 0x01	; 1
     47e:	0e 94 38 0f 	call	0x1e70	; 0x1e70 <UART_voidTxString>
     482:	8a ed       	ldi	r24, 0xDA	; 218
     484:	91 e0       	ldi	r25, 0x01	; 1
     486:	0e 94 38 0f 	call	0x1e70	; 0x1e70 <UART_voidTxString>
     48a:	8a ee       	ldi	r24, 0xEA	; 234
     48c:	91 e0       	ldi	r25, 0x01	; 1
     48e:	0e 94 38 0f 	call	0x1e70	; 0x1e70 <UART_voidTxString>
     492:	86 ef       	ldi	r24, 0xF6	; 246
     494:	91 e0       	ldi	r25, 0x01	; 1
     496:	0e 94 38 0f 	call	0x1e70	; 0x1e70 <UART_voidTxString>
     49a:	08 95       	ret

0000049c <HandleDimmer>:
     49c:	94 e0       	ldi	r25, 0x04	; 4
     49e:	40 e0       	ldi	r20, 0x00	; 0
     4a0:	08 c0       	rjmp	.+16     	; 0x4b2 <HandleDimmer+0x16>
     4a2:	44 0f       	add	r20, r20
     4a4:	24 2f       	mov	r18, r20
     4a6:	22 0f       	add	r18, r18
     4a8:	22 0f       	add	r18, r18
     4aa:	42 0f       	add	r20, r18
     4ac:	48 0f       	add	r20, r24
     4ae:	40 53       	subi	r20, 0x30	; 48
     4b0:	9f 5f       	subi	r25, 0xFF	; 255
     4b2:	e9 2f       	mov	r30, r25
     4b4:	f0 e0       	ldi	r31, 0x00	; 0
     4b6:	e6 5c       	subi	r30, 0xC6	; 198
     4b8:	fa 4f       	sbci	r31, 0xFA	; 250
     4ba:	80 81       	ld	r24, Z
     4bc:	20 ed       	ldi	r18, 0xD0	; 208
     4be:	28 0f       	add	r18, r24
     4c0:	2a 30       	cpi	r18, 0x0A	; 10
     4c2:	78 f3       	brcs	.-34     	; 0x4a2 <HandleDimmer+0x6>
     4c4:	45 36       	cpi	r20, 0x65	; 101
     4c6:	08 f0       	brcs	.+2      	; 0x4ca <HandleDimmer+0x2e>
     4c8:	44 e6       	ldi	r20, 0x64	; 100
     4ca:	61 e0       	ldi	r22, 0x01	; 1
     4cc:	86 e0       	ldi	r24, 0x06	; 6
     4ce:	0e 94 28 05 	call	0xa50	; 0xa50 <Device_voidSetLamp>
     4d2:	08 95       	ret

000004d4 <ParseCommand>:
     4d4:	0f 93       	push	r16
     4d6:	1f 93       	push	r17
     4d8:	cf 93       	push	r28
     4da:	df 93       	push	r29
     4dc:	1f 92       	push	r1
     4de:	cd b7       	in	r28, 0x3d	; 61
     4e0:	de b7       	in	r29, 0x3e	; 62
     4e2:	80 91 38 05 	lds	r24, 0x0538	; 0x800538 <g_TerminalState>
     4e6:	81 30       	cpi	r24, 0x01	; 1
     4e8:	61 f4       	brne	.+24     	; 0x502 <ParseCommand+0x2e>
     4ea:	80 91 3a 05 	lds	r24, 0x053A	; 0x80053a <cmdBuffer>
     4ee:	80 93 37 05 	sts	0x0537, r24	; 0x800537 <g_u8TermUserID>
     4f2:	8c ef       	ldi	r24, 0xFC	; 252
     4f4:	91 e0       	ldi	r25, 0x01	; 1
     4f6:	0e 94 38 0f 	call	0x1e70	; 0x1e70 <UART_voidTxString>
     4fa:	82 e0       	ldi	r24, 0x02	; 2
     4fc:	80 93 38 05 	sts	0x0538, r24	; 0x800538 <g_TerminalState>
     500:	25 c2       	rjmp	.+1098   	; 0x94c <__stack+0xed>
     502:	82 30       	cpi	r24, 0x02	; 2
     504:	e1 f5       	brne	.+120    	; 0x57e <ParseCommand+0xaa>
     506:	0c c0       	rjmp	.+24     	; 0x520 <ParseCommand+0x4c>
     508:	82 2f       	mov	r24, r18
     50a:	90 e0       	ldi	r25, 0x00	; 0
     50c:	fc 01       	movw	r30, r24
     50e:	e6 5c       	subi	r30, 0xC6	; 198
     510:	fa 4f       	sbci	r31, 0xFA	; 250
     512:	30 81       	ld	r19, Z
     514:	fc 01       	movw	r30, r24
     516:	ed 5c       	subi	r30, 0xCD	; 205
     518:	fa 4f       	sbci	r31, 0xFA	; 250
     51a:	30 83       	st	Z, r19
     51c:	2f 5f       	subi	r18, 0xFF	; 255
     51e:	01 c0       	rjmp	.+2      	; 0x522 <ParseCommand+0x4e>
     520:	20 e0       	ldi	r18, 0x00	; 0
     522:	24 30       	cpi	r18, 0x04	; 4
     524:	88 f3       	brcs	.-30     	; 0x508 <ParseCommand+0x34>
     526:	43 e3       	ldi	r20, 0x33	; 51
     528:	55 e0       	ldi	r21, 0x05	; 5
     52a:	60 91 37 05 	lds	r22, 0x0537	; 0x800537 <g_u8TermUserID>
     52e:	81 e0       	ldi	r24, 0x01	; 1
     530:	0e 94 a7 05 	call	0xb4e	; 0xb4e <Login_u8Authenticate>
     534:	80 93 32 05 	sts	0x0532, r24	; 0x800532 <g_u8TermRole>
     538:	88 23       	and	r24, r24
     53a:	c9 f0       	breq	.+50     	; 0x56e <ParseCommand+0x9a>
     53c:	85 e0       	ldi	r24, 0x05	; 5
     53e:	92 e0       	ldi	r25, 0x02	; 2
     540:	0e 94 38 0f 	call	0x1e70	; 0x1e70 <UART_voidTxString>
     544:	80 91 32 05 	lds	r24, 0x0532	; 0x800532 <g_u8TermRole>
     548:	81 30       	cpi	r24, 0x01	; 1
     54a:	39 f4       	brne	.+14     	; 0x55a <ParseCommand+0x86>
     54c:	87 e1       	ldi	r24, 0x17	; 23
     54e:	92 e0       	ldi	r25, 0x02	; 2
     550:	0e 94 38 0f 	call	0x1e70	; 0x1e70 <UART_voidTxString>
     554:	10 92 60 00 	sts	0x0060, r1	; 0x800060 <__DATA_REGION_ORIGIN__>
     558:	04 c0       	rjmp	.+8      	; 0x562 <ParseCommand+0x8e>
     55a:	85 e2       	ldi	r24, 0x25	; 37
     55c:	92 e0       	ldi	r25, 0x02	; 2
     55e:	0e 94 38 0f 	call	0x1e70	; 0x1e70 <UART_voidTxString>
     562:	83 e0       	ldi	r24, 0x03	; 3
     564:	80 93 38 05 	sts	0x0538, r24	; 0x800538 <g_TerminalState>
     568:	0e 94 21 02 	call	0x442	; 0x442 <ShowMenu>
     56c:	ef c1       	rjmp	.+990    	; 0x94c <__stack+0xed>
     56e:	82 e3       	ldi	r24, 0x32	; 50
     570:	92 e0       	ldi	r25, 0x02	; 2
     572:	0e 94 38 0f 	call	0x1e70	; 0x1e70 <UART_voidTxString>
     576:	81 e0       	ldi	r24, 0x01	; 1
     578:	80 93 38 05 	sts	0x0538, r24	; 0x800538 <g_TerminalState>
     57c:	e7 c1       	rjmp	.+974    	; 0x94c <__stack+0xed>
     57e:	84 30       	cpi	r24, 0x04	; 4
     580:	d1 f4       	brne	.+52     	; 0x5b6 <ParseCommand+0xe2>
     582:	80 91 3a 05 	lds	r24, 0x053A	; 0x80053a <cmdBuffer>
     586:	80 93 30 05 	sts	0x0530, r24	; 0x800530 <g_u8NewUserID>
     58a:	0e 94 2c 07 	call	0xe58	; 0xe58 <Login_u8CheckID>
     58e:	88 23       	and	r24, r24
     590:	51 f0       	breq	.+20     	; 0x5a6 <ParseCommand+0xd2>
     592:	87 e4       	ldi	r24, 0x47	; 71
     594:	92 e0       	ldi	r25, 0x02	; 2
     596:	0e 94 38 0f 	call	0x1e70	; 0x1e70 <UART_voidTxString>
     59a:	83 e0       	ldi	r24, 0x03	; 3
     59c:	80 93 38 05 	sts	0x0538, r24	; 0x800538 <g_TerminalState>
     5a0:	0e 94 21 02 	call	0x442	; 0x442 <ShowMenu>
     5a4:	d3 c1       	rjmp	.+934    	; 0x94c <__stack+0xed>
     5a6:	85 e6       	ldi	r24, 0x65	; 101
     5a8:	92 e0       	ldi	r25, 0x02	; 2
     5aa:	0e 94 38 0f 	call	0x1e70	; 0x1e70 <UART_voidTxString>
     5ae:	85 e0       	ldi	r24, 0x05	; 5
     5b0:	80 93 38 05 	sts	0x0538, r24	; 0x800538 <g_TerminalState>
     5b4:	cb c1       	rjmp	.+918    	; 0x94c <__stack+0xed>
     5b6:	85 30       	cpi	r24, 0x05	; 5
     5b8:	01 f5       	brne	.+64     	; 0x5fa <ParseCommand+0x126>
     5ba:	0c c0       	rjmp	.+24     	; 0x5d4 <ParseCommand+0x100>
     5bc:	82 2f       	mov	r24, r18
     5be:	90 e0       	ldi	r25, 0x00	; 0
     5c0:	fc 01       	movw	r30, r24
     5c2:	e6 5c       	subi	r30, 0xC6	; 198
     5c4:	fa 4f       	sbci	r31, 0xFA	; 250
     5c6:	30 81       	ld	r19, Z
     5c8:	fc 01       	movw	r30, r24
     5ca:	e4 5d       	subi	r30, 0xD4	; 212
     5cc:	fa 4f       	sbci	r31, 0xFA	; 250
     5ce:	30 83       	st	Z, r19
     5d0:	2f 5f       	subi	r18, 0xFF	; 255
     5d2:	01 c0       	rjmp	.+2      	; 0x5d6 <ParseCommand+0x102>
     5d4:	20 e0       	ldi	r18, 0x00	; 0
     5d6:	24 30       	cpi	r18, 0x04	; 4
     5d8:	88 f3       	brcs	.-30     	; 0x5bc <ParseCommand+0xe8>
     5da:	6c e2       	ldi	r22, 0x2C	; 44
     5dc:	75 e0       	ldi	r23, 0x05	; 5
     5de:	80 91 30 05 	lds	r24, 0x0530	; 0x800530 <g_u8NewUserID>
     5e2:	0e 94 68 06 	call	0xcd0	; 0xcd0 <Login_voidRegisterUser>
     5e6:	87 e8       	ldi	r24, 0x87	; 135
     5e8:	92 e0       	ldi	r25, 0x02	; 2
     5ea:	0e 94 38 0f 	call	0x1e70	; 0x1e70 <UART_voidTxString>
     5ee:	83 e0       	ldi	r24, 0x03	; 3
     5f0:	80 93 38 05 	sts	0x0538, r24	; 0x800538 <g_TerminalState>
     5f4:	0e 94 21 02 	call	0x442	; 0x442 <ShowMenu>
     5f8:	a9 c1       	rjmp	.+850    	; 0x94c <__stack+0xed>
     5fa:	86 30       	cpi	r24, 0x06	; 6
     5fc:	71 f4       	brne	.+28     	; 0x61a <ParseCommand+0x146>
     5fe:	80 91 3a 05 	lds	r24, 0x053A	; 0x80053a <cmdBuffer>
     602:	0e 94 b7 06 	call	0xd6e	; 0xd6e <Login_voidRemoveUser>
     606:	84 ea       	ldi	r24, 0xA4	; 164
     608:	92 e0       	ldi	r25, 0x02	; 2
     60a:	0e 94 38 0f 	call	0x1e70	; 0x1e70 <UART_voidTxString>
     60e:	83 e0       	ldi	r24, 0x03	; 3
     610:	80 93 38 05 	sts	0x0538, r24	; 0x800538 <g_TerminalState>
     614:	0e 94 21 02 	call	0x442	; 0x442 <ShowMenu>
     618:	99 c1       	rjmp	.+818    	; 0x94c <__stack+0xed>
     61a:	83 30       	cpi	r24, 0x03	; 3
     61c:	09 f0       	breq	.+2      	; 0x620 <ParseCommand+0x14c>
     61e:	96 c1       	rjmp	.+812    	; 0x94c <__stack+0xed>
     620:	63 ec       	ldi	r22, 0xC3	; 195
     622:	72 e0       	ldi	r23, 0x02	; 2
     624:	8a e3       	ldi	r24, 0x3A	; 58
     626:	95 e0       	ldi	r25, 0x05	; 5
     628:	0e 94 e8 01 	call	0x3d0	; 0x3d0 <str_cmp>
     62c:	88 23       	and	r24, r24
     62e:	41 f0       	breq	.+16     	; 0x640 <ParseCommand+0x16c>
     630:	65 e0       	ldi	r22, 0x05	; 5
     632:	75 e0       	ldi	r23, 0x05	; 5
     634:	8a e3       	ldi	r24, 0x3A	; 58
     636:	95 e0       	ldi	r25, 0x05	; 5
     638:	0e 94 e8 01 	call	0x3d0	; 0x3d0 <str_cmp>
     63c:	81 11       	cpse	r24, r1
     63e:	03 c0       	rjmp	.+6      	; 0x646 <ParseCommand+0x172>
     640:	0e 94 08 02 	call	0x410	; 0x410 <PrintHelp>
     644:	be c0       	rjmp	.+380    	; 0x7c2 <ParseCommand+0x2ee>
     646:	61 ed       	ldi	r22, 0xD1	; 209
     648:	72 e0       	ldi	r23, 0x02	; 2
     64a:	8a e3       	ldi	r24, 0x3A	; 58
     64c:	95 e0       	ldi	r25, 0x05	; 5
     64e:	0e 94 e8 01 	call	0x3d0	; 0x3d0 <str_cmp>
     652:	88 23       	and	r24, r24
     654:	41 f0       	breq	.+16     	; 0x666 <ParseCommand+0x192>
     656:	68 ed       	ldi	r22, 0xD8	; 216
     658:	72 e0       	ldi	r23, 0x02	; 2
     65a:	8a e3       	ldi	r24, 0x3A	; 58
     65c:	95 e0       	ldi	r25, 0x05	; 5
     65e:	0e 94 e8 01 	call	0x3d0	; 0x3d0 <str_cmp>
     662:	81 11       	cpse	r24, r1
     664:	0a c0       	rjmp	.+20     	; 0x67a <ParseCommand+0x1a6>
     666:	10 92 32 05 	sts	0x0532, r1	; 0x800532 <g_u8TermRole>
     66a:	81 e0       	ldi	r24, 0x01	; 1
     66c:	80 93 38 05 	sts	0x0538, r24	; 0x800538 <g_TerminalState>
     670:	8a ed       	ldi	r24, 0xDA	; 218
     672:	92 e0       	ldi	r25, 0x02	; 2
     674:	0e 94 38 0f 	call	0x1e70	; 0x1e70 <UART_voidTxString>
     678:	69 c1       	rjmp	.+722    	; 0x94c <__stack+0xed>
     67a:	80 91 32 05 	lds	r24, 0x0532	; 0x800532 <g_u8TermRole>
     67e:	81 30       	cpi	r24, 0x01	; 1
     680:	09 f0       	breq	.+2      	; 0x684 <ParseCommand+0x1b0>
     682:	9f c0       	rjmp	.+318    	; 0x7c2 <ParseCommand+0x2ee>
     684:	6e ee       	ldi	r22, 0xEE	; 238
     686:	72 e0       	ldi	r23, 0x02	; 2
     688:	8a e3       	ldi	r24, 0x3A	; 58
     68a:	95 e0       	ldi	r25, 0x05	; 5
     68c:	0e 94 e8 01 	call	0x3d0	; 0x3d0 <str_cmp>
     690:	88 23       	and	r24, r24
     692:	41 f0       	breq	.+16     	; 0x6a4 <ParseCommand+0x1d0>
     694:	68 e0       	ldi	r22, 0x08	; 8
     696:	75 e0       	ldi	r23, 0x05	; 5
     698:	8a e3       	ldi	r24, 0x3A	; 58
     69a:	95 e0       	ldi	r25, 0x05	; 5
     69c:	0e 94 e8 01 	call	0x3d0	; 0x3d0 <str_cmp>
     6a0:	81 11       	cpse	r24, r1
     6a2:	08 c0       	rjmp	.+16     	; 0x6b4 <ParseCommand+0x1e0>
     6a4:	87 ef       	ldi	r24, 0xF7	; 247
     6a6:	92 e0       	ldi	r25, 0x02	; 2
     6a8:	0e 94 38 0f 	call	0x1e70	; 0x1e70 <UART_voidTxString>
     6ac:	84 e0       	ldi	r24, 0x04	; 4
     6ae:	80 93 38 05 	sts	0x0538, r24	; 0x800538 <g_TerminalState>
     6b2:	4c c1       	rjmp	.+664    	; 0x94c <__stack+0xed>
     6b4:	6d e0       	ldi	r22, 0x0D	; 13
     6b6:	73 e0       	ldi	r23, 0x03	; 3
     6b8:	8a e3       	ldi	r24, 0x3A	; 58
     6ba:	95 e0       	ldi	r25, 0x05	; 5
     6bc:	0e 94 e8 01 	call	0x3d0	; 0x3d0 <str_cmp>
     6c0:	88 23       	and	r24, r24
     6c2:	41 f0       	breq	.+16     	; 0x6d4 <ParseCommand+0x200>
     6c4:	6b e0       	ldi	r22, 0x0B	; 11
     6c6:	75 e0       	ldi	r23, 0x05	; 5
     6c8:	8a e3       	ldi	r24, 0x3A	; 58
     6ca:	95 e0       	ldi	r25, 0x05	; 5
     6cc:	0e 94 e8 01 	call	0x3d0	; 0x3d0 <str_cmp>
     6d0:	81 11       	cpse	r24, r1
     6d2:	08 c0       	rjmp	.+16     	; 0x6e4 <ParseCommand+0x210>
     6d4:	89 e1       	ldi	r24, 0x19	; 25
     6d6:	93 e0       	ldi	r25, 0x03	; 3
     6d8:	0e 94 38 0f 	call	0x1e70	; 0x1e70 <UART_voidTxString>
     6dc:	86 e0       	ldi	r24, 0x06	; 6
     6de:	80 93 38 05 	sts	0x0538, r24	; 0x800538 <g_TerminalState>
     6e2:	34 c1       	rjmp	.+616    	; 0x94c <__stack+0xed>
     6e4:	65 e3       	ldi	r22, 0x35	; 53
     6e6:	73 e0       	ldi	r23, 0x03	; 3
     6e8:	8a e3       	ldi	r24, 0x3A	; 58
     6ea:	95 e0       	ldi	r25, 0x05	; 5
     6ec:	0e 94 e8 01 	call	0x3d0	; 0x3d0 <str_cmp>
     6f0:	88 23       	and	r24, r24
     6f2:	41 f0       	breq	.+16     	; 0x704 <ParseCommand+0x230>
     6f4:	6e e0       	ldi	r22, 0x0E	; 14
     6f6:	75 e0       	ldi	r23, 0x05	; 5
     6f8:	8a e3       	ldi	r24, 0x3A	; 58
     6fa:	95 e0       	ldi	r25, 0x05	; 5
     6fc:	0e 94 e8 01 	call	0x3d0	; 0x3d0 <str_cmp>
     700:	81 11       	cpse	r24, r1
     702:	0c c0       	rjmp	.+24     	; 0x71c <ParseCommand+0x248>
     704:	80 91 31 05 	lds	r24, 0x0531	; 0x800531 <g_u8KpdLoggedIn>
     708:	88 23       	and	r24, r24
     70a:	41 f0       	breq	.+16     	; 0x71c <ParseCommand+0x248>
     70c:	81 e0       	ldi	r24, 0x01	; 1
     70e:	80 93 60 00 	sts	0x0060, r24	; 0x800060 <__DATA_REGION_ORIGIN__>
     712:	81 e4       	ldi	r24, 0x41	; 65
     714:	93 e0       	ldi	r25, 0x03	; 3
     716:	0e 94 38 0f 	call	0x1e70	; 0x1e70 <UART_voidTxString>
     71a:	53 c0       	rjmp	.+166    	; 0x7c2 <ParseCommand+0x2ee>
     71c:	6c e5       	ldi	r22, 0x5C	; 92
     71e:	73 e0       	ldi	r23, 0x03	; 3
     720:	8a e3       	ldi	r24, 0x3A	; 58
     722:	95 e0       	ldi	r25, 0x05	; 5
     724:	0e 94 e8 01 	call	0x3d0	; 0x3d0 <str_cmp>
     728:	88 23       	and	r24, r24
     72a:	41 f0       	breq	.+16     	; 0x73c <ParseCommand+0x268>
     72c:	61 e1       	ldi	r22, 0x11	; 17
     72e:	75 e0       	ldi	r23, 0x05	; 5
     730:	8a e3       	ldi	r24, 0x3A	; 58
     732:	95 e0       	ldi	r25, 0x05	; 5
     734:	0e 94 e8 01 	call	0x3d0	; 0x3d0 <str_cmp>
     738:	81 11       	cpse	r24, r1
     73a:	0b c0       	rjmp	.+22     	; 0x752 <ParseCommand+0x27e>
     73c:	80 91 31 05 	lds	r24, 0x0531	; 0x800531 <g_u8KpdLoggedIn>
     740:	88 23       	and	r24, r24
     742:	39 f0       	breq	.+14     	; 0x752 <ParseCommand+0x27e>
     744:	10 92 60 00 	sts	0x0060, r1	; 0x800060 <__DATA_REGION_ORIGIN__>
     748:	87 e6       	ldi	r24, 0x67	; 103
     74a:	93 e0       	ldi	r25, 0x03	; 3
     74c:	0e 94 38 0f 	call	0x1e70	; 0x1e70 <UART_voidTxString>
     750:	38 c0       	rjmp	.+112    	; 0x7c2 <ParseCommand+0x2ee>
     752:	60 e8       	ldi	r22, 0x80	; 128
     754:	73 e0       	ldi	r23, 0x03	; 3
     756:	8a e3       	ldi	r24, 0x3A	; 58
     758:	95 e0       	ldi	r25, 0x05	; 5
     75a:	0e 94 e8 01 	call	0x3d0	; 0x3d0 <str_cmp>
     75e:	88 23       	and	r24, r24
     760:	41 f0       	breq	.+16     	; 0x772 <ParseCommand+0x29e>
     762:	6b e8       	ldi	r22, 0x8B	; 139
     764:	73 e0       	ldi	r23, 0x03	; 3
     766:	8a e3       	ldi	r24, 0x3A	; 58
     768:	95 e0       	ldi	r25, 0x05	; 5
     76a:	0e 94 e8 01 	call	0x3d0	; 0x3d0 <str_cmp>
     76e:	81 11       	cpse	r24, r1
     770:	28 c0       	rjmp	.+80     	; 0x7c2 <ParseCommand+0x2ee>
     772:	8d e8       	ldi	r24, 0x8D	; 141
     774:	93 e0       	ldi	r25, 0x03	; 3
     776:	0e 94 38 0f 	call	0x1e70	; 0x1e70 <UART_voidTxString>
     77a:	10 e0       	ldi	r17, 0x00	; 0
     77c:	00 e0       	ldi	r16, 0x00	; 0
     77e:	15 c0       	rjmp	.+42     	; 0x7aa <ParseCommand+0x2d6>
     780:	be 01       	movw	r22, r28
     782:	6f 5f       	subi	r22, 0xFF	; 255
     784:	7f 4f       	sbci	r23, 0xFF	; 255
     786:	81 2f       	mov	r24, r17
     788:	0e 94 f8 06 	call	0xdf0	; 0xdf0 <Login_u8GetUser>
     78c:	88 23       	and	r24, r24
     78e:	61 f0       	breq	.+24     	; 0x7a8 <ParseCommand+0x2d4>
     790:	8a ea       	ldi	r24, 0xAA	; 170
     792:	93 e0       	ldi	r25, 0x03	; 3
     794:	0e 94 38 0f 	call	0x1e70	; 0x1e70 <UART_voidTxString>
     798:	89 81       	ldd	r24, Y+1	; 0x01
     79a:	0e 94 34 0f 	call	0x1e68	; 0x1e68 <UART_voidTxChar>
     79e:	82 e6       	ldi	r24, 0x62	; 98
     7a0:	92 e0       	ldi	r25, 0x02	; 2
     7a2:	0e 94 38 0f 	call	0x1e70	; 0x1e70 <UART_voidTxString>
     7a6:	01 e0       	ldi	r16, 0x01	; 1
     7a8:	1f 5f       	subi	r17, 0xFF	; 255
     7aa:	15 30       	cpi	r17, 0x05	; 5
     7ac:	48 f3       	brcs	.-46     	; 0x780 <ParseCommand+0x2ac>
     7ae:	01 11       	cpse	r16, r1
     7b0:	04 c0       	rjmp	.+8      	; 0x7ba <ParseCommand+0x2e6>
     7b2:	81 eb       	ldi	r24, 0xB1	; 177
     7b4:	93 e0       	ldi	r25, 0x03	; 3
     7b6:	0e 94 38 0f 	call	0x1e70	; 0x1e70 <UART_voidTxString>
     7ba:	83 ec       	ldi	r24, 0xC3	; 195
     7bc:	93 e0       	ldi	r25, 0x03	; 3
     7be:	0e 94 38 0f 	call	0x1e70	; 0x1e70 <UART_voidTxString>
     7c2:	6e ed       	ldi	r22, 0xDE	; 222
     7c4:	73 e0       	ldi	r23, 0x03	; 3
     7c6:	8a e3       	ldi	r24, 0x3A	; 58
     7c8:	95 e0       	ldi	r25, 0x05	; 5
     7ca:	0e 94 e8 01 	call	0x3d0	; 0x3d0 <str_cmp>
     7ce:	81 11       	cpse	r24, r1
     7d0:	06 c0       	rjmp	.+12     	; 0x7de <ParseCommand+0x30a>
     7d2:	40 e0       	ldi	r20, 0x00	; 0
     7d4:	61 e0       	ldi	r22, 0x01	; 1
     7d6:	81 e0       	ldi	r24, 0x01	; 1
     7d8:	0e 94 28 05 	call	0xa50	; 0xa50 <Device_voidSetLamp>
     7dc:	b1 c0       	rjmp	.+354    	; 0x940 <__stack+0xe1>
     7de:	64 ee       	ldi	r22, 0xE4	; 228
     7e0:	73 e0       	ldi	r23, 0x03	; 3
     7e2:	8a e3       	ldi	r24, 0x3A	; 58
     7e4:	95 e0       	ldi	r25, 0x05	; 5
     7e6:	0e 94 e8 01 	call	0x3d0	; 0x3d0 <str_cmp>
     7ea:	81 11       	cpse	r24, r1
     7ec:	06 c0       	rjmp	.+12     	; 0x7fa <ParseCommand+0x326>
     7ee:	40 e0       	ldi	r20, 0x00	; 0
     7f0:	60 e0       	ldi	r22, 0x00	; 0
     7f2:	81 e0       	ldi	r24, 0x01	; 1
     7f4:	0e 94 28 05 	call	0xa50	; 0xa50 <Device_voidSetLamp>
     7f8:	a3 c0       	rjmp	.+326    	; 0x940 <__stack+0xe1>
     7fa:	6b ee       	ldi	r22, 0xEB	; 235
     7fc:	73 e0       	ldi	r23, 0x03	; 3
     7fe:	8a e3       	ldi	r24, 0x3A	; 58
     800:	95 e0       	ldi	r25, 0x05	; 5
     802:	0e 94 e8 01 	call	0x3d0	; 0x3d0 <str_cmp>
     806:	81 11       	cpse	r24, r1
     808:	06 c0       	rjmp	.+12     	; 0x816 <__DATA_REGION_LENGTH__+0x16>
     80a:	40 e0       	ldi	r20, 0x00	; 0
     80c:	61 e0       	ldi	r22, 0x01	; 1
     80e:	82 e0       	ldi	r24, 0x02	; 2
     810:	0e 94 28 05 	call	0xa50	; 0xa50 <Device_voidSetLamp>
     814:	95 c0       	rjmp	.+298    	; 0x940 <__stack+0xe1>
     816:	61 ef       	ldi	r22, 0xF1	; 241
     818:	73 e0       	ldi	r23, 0x03	; 3
     81a:	8a e3       	ldi	r24, 0x3A	; 58
     81c:	95 e0       	ldi	r25, 0x05	; 5
     81e:	0e 94 e8 01 	call	0x3d0	; 0x3d0 <str_cmp>
     822:	81 11       	cpse	r24, r1
     824:	06 c0       	rjmp	.+12     	; 0x832 <__DATA_REGION_LENGTH__+0x32>
     826:	40 e0       	ldi	r20, 0x00	; 0
     828:	60 e0       	ldi	r22, 0x00	; 0
     82a:	82 e0       	ldi	r24, 0x02	; 2
     82c:	0e 94 28 05 	call	0xa50	; 0xa50 <Device_voidSetLamp>
     830:	87 c0       	rjmp	.+270    	; 0x940 <__stack+0xe1>
     832:	68 ef       	ldi	r22, 0xF8	; 248
     834:	73 e0       	ldi	r23, 0x03	; 3
     836:	8a e3       	ldi	r24, 0x3A	; 58
     838:	95 e0       	ldi	r25, 0x05	; 5
     83a:	0e 94 e8 01 	call	0x3d0	; 0x3d0 <str_cmp>
     83e:	81 11       	cpse	r24, r1
     840:	06 c0       	rjmp	.+12     	; 0x84e <__DATA_REGION_LENGTH__+0x4e>
     842:	40 e0       	ldi	r20, 0x00	; 0
     844:	61 e0       	ldi	r22, 0x01	; 1
     846:	83 e0       	ldi	r24, 0x03	; 3
     848:	0e 94 28 05 	call	0xa50	; 0xa50 <Device_voidSetLamp>
     84c:	79 c0       	rjmp	.+242    	; 0x940 <__stack+0xe1>
     84e:	6e ef       	ldi	r22, 0xFE	; 254
     850:	73 e0       	ldi	r23, 0x03	; 3
     852:	8a e3       	ldi	r24, 0x3A	; 58
     854:	95 e0       	ldi	r25, 0x05	; 5
     856:	0e 94 e8 01 	call	0x3d0	; 0x3d0 <str_cmp>
     85a:	81 11       	cpse	r24, r1
     85c:	06 c0       	rjmp	.+12     	; 0x86a <__stack+0xb>
     85e:	40 e0       	ldi	r20, 0x00	; 0
     860:	60 e0       	ldi	r22, 0x00	; 0
     862:	83 e0       	ldi	r24, 0x03	; 3
     864:	0e 94 28 05 	call	0xa50	; 0xa50 <Device_voidSetLamp>
     868:	6b c0       	rjmp	.+214    	; 0x940 <__stack+0xe1>
     86a:	65 e0       	ldi	r22, 0x05	; 5
     86c:	74 e0       	ldi	r23, 0x04	; 4
     86e:	8a e3       	ldi	r24, 0x3A	; 58
     870:	95 e0       	ldi	r25, 0x05	; 5
     872:	0e 94 e8 01 	call	0x3d0	; 0x3d0 <str_cmp>
     876:	81 11       	cpse	r24, r1
     878:	06 c0       	rjmp	.+12     	; 0x886 <__stack+0x27>
     87a:	40 e0       	ldi	r20, 0x00	; 0
     87c:	61 e0       	ldi	r22, 0x01	; 1
     87e:	84 e0       	ldi	r24, 0x04	; 4
     880:	0e 94 28 05 	call	0xa50	; 0xa50 <Device_voidSetLamp>
     884:	5d c0       	rjmp	.+186    	; 0x940 <__stack+0xe1>
     886:	6b e0       	ldi	r22, 0x0B	; 11
     888:	74 e0       	ldi	r23, 0x04	; 4
     88a:	8a e3       	ldi	r24, 0x3A	; 58
     88c:	95 e0       	ldi	r25, 0x05	; 5
     88e:	0e 94 e8 01 	call	0x3d0	; 0x3d0 <str_cmp>
     892:	81 11       	cpse	r24, r1
     894:	06 c0       	rjmp	.+12     	; 0x8a2 <__stack+0x43>
     896:	40 e0       	ldi	r20, 0x00	; 0
     898:	60 e0       	ldi	r22, 0x00	; 0
     89a:	84 e0       	ldi	r24, 0x04	; 4
     89c:	0e 94 28 05 	call	0xa50	; 0xa50 <Device_voidSetLamp>
     8a0:	4f c0       	rjmp	.+158    	; 0x940 <__stack+0xe1>
     8a2:	62 e1       	ldi	r22, 0x12	; 18
     8a4:	74 e0       	ldi	r23, 0x04	; 4
     8a6:	8a e3       	ldi	r24, 0x3A	; 58
     8a8:	95 e0       	ldi	r25, 0x05	; 5
     8aa:	0e 94 e8 01 	call	0x3d0	; 0x3d0 <str_cmp>
     8ae:	81 11       	cpse	r24, r1
     8b0:	06 c0       	rjmp	.+12     	; 0x8be <__stack+0x5f>
     8b2:	40 e0       	ldi	r20, 0x00	; 0
     8b4:	61 e0       	ldi	r22, 0x01	; 1
     8b6:	85 e0       	ldi	r24, 0x05	; 5
     8b8:	0e 94 28 05 	call	0xa50	; 0xa50 <Device_voidSetLamp>
     8bc:	41 c0       	rjmp	.+130    	; 0x940 <__stack+0xe1>
     8be:	68 e1       	ldi	r22, 0x18	; 24
     8c0:	74 e0       	ldi	r23, 0x04	; 4
     8c2:	8a e3       	ldi	r24, 0x3A	; 58
     8c4:	95 e0       	ldi	r25, 0x05	; 5
     8c6:	0e 94 e8 01 	call	0x3d0	; 0x3d0 <str_cmp>
     8ca:	81 11       	cpse	r24, r1
     8cc:	06 c0       	rjmp	.+12     	; 0x8da <__stack+0x7b>
     8ce:	40 e0       	ldi	r20, 0x00	; 0
     8d0:	60 e0       	ldi	r22, 0x00	; 0
     8d2:	85 e0       	ldi	r24, 0x05	; 5
     8d4:	0e 94 28 05 	call	0xa50	; 0xa50 <Device_voidSetLamp>
     8d8:	33 c0       	rjmp	.+102    	; 0x940 <__stack+0xe1>
     8da:	6f e1       	ldi	r22, 0x1F	; 31
     8dc:	74 e0       	ldi	r23, 0x04	; 4
     8de:	8a e3       	ldi	r24, 0x3A	; 58
     8e0:	95 e0       	ldi	r25, 0x05	; 5
     8e2:	0e 94 e8 01 	call	0x3d0	; 0x3d0 <str_cmp>
     8e6:	81 11       	cpse	r24, r1
     8e8:	0c c0       	rjmp	.+24     	; 0x902 <__stack+0xa3>
     8ea:	80 91 32 05 	lds	r24, 0x0532	; 0x800532 <g_u8TermRole>
     8ee:	81 30       	cpi	r24, 0x01	; 1
     8f0:	19 f4       	brne	.+6      	; 0x8f8 <__stack+0x99>
     8f2:	0e 94 5a 05 	call	0xab4	; 0xab4 <Device_voidSetDoor>
     8f6:	24 c0       	rjmp	.+72     	; 0x940 <__stack+0xe1>
     8f8:	89 e2       	ldi	r24, 0x29	; 41
     8fa:	94 e0       	ldi	r25, 0x04	; 4
     8fc:	0e 94 38 0f 	call	0x1e70	; 0x1e70 <UART_voidTxString>
     900:	1f c0       	rjmp	.+62     	; 0x940 <__stack+0xe1>
     902:	68 e4       	ldi	r22, 0x48	; 72
     904:	74 e0       	ldi	r23, 0x04	; 4
     906:	8a e3       	ldi	r24, 0x3A	; 58
     908:	95 e0       	ldi	r25, 0x05	; 5
     90a:	0e 94 e8 01 	call	0x3d0	; 0x3d0 <str_cmp>
     90e:	81 11       	cpse	r24, r1
     910:	0d c0       	rjmp	.+26     	; 0x92c <__stack+0xcd>
     912:	80 91 32 05 	lds	r24, 0x0532	; 0x800532 <g_u8TermRole>
     916:	81 30       	cpi	r24, 0x01	; 1
     918:	21 f4       	brne	.+8      	; 0x922 <__stack+0xc3>
     91a:	80 e0       	ldi	r24, 0x00	; 0
     91c:	0e 94 5a 05 	call	0xab4	; 0xab4 <Device_voidSetDoor>
     920:	0f c0       	rjmp	.+30     	; 0x940 <__stack+0xe1>
     922:	89 e2       	ldi	r24, 0x29	; 41
     924:	94 e0       	ldi	r25, 0x04	; 4
     926:	0e 94 38 0f 	call	0x1e70	; 0x1e70 <UART_voidTxString>
     92a:	0a c0       	rjmp	.+20     	; 0x940 <__stack+0xe1>
     92c:	63 e5       	ldi	r22, 0x53	; 83
     92e:	74 e0       	ldi	r23, 0x04	; 4
     930:	8a e3       	ldi	r24, 0x3A	; 58
     932:	95 e0       	ldi	r25, 0x05	; 5
     934:	0e 94 f9 01 	call	0x3f2	; 0x3f2 <starts_with>
     938:	81 11       	cpse	r24, r1
     93a:	02 c0       	rjmp	.+4      	; 0x940 <__stack+0xe1>
     93c:	0e 94 4e 02 	call	0x49c	; 0x49c <HandleDimmer>
     940:	80 91 38 05 	lds	r24, 0x0538	; 0x800538 <g_TerminalState>
     944:	83 30       	cpi	r24, 0x03	; 3
     946:	11 f4       	brne	.+4      	; 0x94c <__stack+0xed>
     948:	0e 94 21 02 	call	0x442	; 0x442 <ShowMenu>
     94c:	0f 90       	pop	r0
     94e:	df 91       	pop	r29
     950:	cf 91       	pop	r28
     952:	1f 91       	pop	r17
     954:	0f 91       	pop	r16
     956:	08 95       	ret

00000958 <Comm_voidInit>:
     958:	0e 94 22 0f 	call	0x1e44	; 0x1e44 <UART_voidInit>
     95c:	88 e5       	ldi	r24, 0x58	; 88
     95e:	94 e0       	ldi	r25, 0x04	; 4
     960:	0e 94 38 0f 	call	0x1e70	; 0x1e70 <UART_voidTxString>
     964:	85 e7       	ldi	r24, 0x75	; 117
     966:	94 e0       	ldi	r25, 0x04	; 4
     968:	0e 94 38 0f 	call	0x1e70	; 0x1e70 <UART_voidTxString>
     96c:	81 e0       	ldi	r24, 0x01	; 1
     96e:	80 93 38 05 	sts	0x0538, r24	; 0x800538 <g_TerminalState>
     972:	08 95       	ret

00000974 <Comm_voidManage>:
     974:	cf 93       	push	r28
     976:	df 93       	push	r29
     978:	1f 92       	push	r1
     97a:	cd b7       	in	r28, 0x3d	; 61
     97c:	de b7       	in	r29, 0x3e	; 62
     97e:	2b c0       	rjmp	.+86     	; 0x9d6 <Comm_voidManage+0x62>
     980:	89 81       	ldd	r24, Y+1	; 0x01
     982:	88 30       	cpi	r24, 0x08	; 8
     984:	41 f4       	brne	.+16     	; 0x996 <Comm_voidManage+0x22>
     986:	90 91 39 05 	lds	r25, 0x0539	; 0x800539 <cmdIndex>
     98a:	99 23       	and	r25, r25
     98c:	21 f0       	breq	.+8      	; 0x996 <Comm_voidManage+0x22>
     98e:	91 50       	subi	r25, 0x01	; 1
     990:	90 93 39 05 	sts	0x0539, r25	; 0x800539 <cmdIndex>
     994:	1d c0       	rjmp	.+58     	; 0x9d0 <Comm_voidManage+0x5c>
     996:	8d 30       	cpi	r24, 0x0D	; 13
     998:	11 f0       	breq	.+4      	; 0x99e <Comm_voidManage+0x2a>
     99a:	8a 30       	cpi	r24, 0x0A	; 10
     99c:	69 f4       	brne	.+26     	; 0x9b8 <Comm_voidManage+0x44>
     99e:	80 91 39 05 	lds	r24, 0x0539	; 0x800539 <cmdIndex>
     9a2:	e8 2f       	mov	r30, r24
     9a4:	f0 e0       	ldi	r31, 0x00	; 0
     9a6:	e6 5c       	subi	r30, 0xC6	; 198
     9a8:	fa 4f       	sbci	r31, 0xFA	; 250
     9aa:	10 82       	st	Z, r1
     9ac:	81 11       	cpse	r24, r1
     9ae:	0e 94 6a 02 	call	0x4d4	; 0x4d4 <ParseCommand>
     9b2:	10 92 39 05 	sts	0x0539, r1	; 0x800539 <cmdIndex>
     9b6:	0c c0       	rjmp	.+24     	; 0x9d0 <Comm_voidManage+0x5c>
     9b8:	90 91 39 05 	lds	r25, 0x0539	; 0x800539 <cmdIndex>
     9bc:	93 31       	cpi	r25, 0x13	; 19
     9be:	40 f4       	brcc	.+16     	; 0x9d0 <Comm_voidManage+0x5c>
     9c0:	e9 2f       	mov	r30, r25
     9c2:	f0 e0       	ldi	r31, 0x00	; 0
     9c4:	e6 5c       	subi	r30, 0xC6	; 198
     9c6:	fa 4f       	sbci	r31, 0xFA	; 250
     9c8:	80 83       	st	Z, r24
     9ca:	9f 5f       	subi	r25, 0xFF	; 255
     9cc:	90 93 39 05 	sts	0x0539, r25	; 0x800539 <cmdIndex>
     9d0:	89 81       	ldd	r24, Y+1	; 0x01
     9d2:	0e 94 34 0f 	call	0x1e68	; 0x1e68 <UART_voidTxChar>
     9d6:	ce 01       	movw	r24, r28
     9d8:	01 96       	adiw	r24, 0x01	; 1
     9da:	0e 94 4b 0f 	call	0x1e96	; 0x1e96 <UART_u8RecieveByteNonBlocking>
     9de:	81 11       	cpse	r24, r1
     9e0:	cf cf       	rjmp	.-98     	; 0x980 <Comm_voidManage+0xc>
     9e2:	0f 90       	pop	r0
     9e4:	df 91       	pop	r29
     9e6:	cf 91       	pop	r28
     9e8:	08 95       	ret

000009ea <Comm_u8IsKpdUserPermitted>:
     9ea:	80 91 32 05 	lds	r24, 0x0532	; 0x800532 <g_u8TermRole>
     9ee:	81 30       	cpi	r24, 0x01	; 1
     9f0:	19 f4       	brne	.+6      	; 0x9f8 <Comm_u8IsKpdUserPermitted+0xe>
     9f2:	80 91 60 00 	lds	r24, 0x0060	; 0x800060 <__DATA_REGION_ORIGIN__>
     9f6:	08 95       	ret
     9f8:	81 e0       	ldi	r24, 0x01	; 1
     9fa:	08 95       	ret

000009fc <Comm_voidSetKpdStatus>:

void Comm_voidSetKpdStatus(u8 copy_u8Status)
{
    g_u8KpdLoggedIn = copy_u8Status;
     9fc:	80 93 31 05 	sts	0x0531, r24	; 0x800531 <g_u8KpdLoggedIn>
    /* If admin is logged in, refresh menu to show/hide permit/block options */
    if (g_TerminalState == TERM_AUTHENTICATED)
     a00:	80 91 38 05 	lds	r24, 0x0538	; 0x800538 <g_TerminalState>
     a04:	83 30       	cpi	r24, 0x03	; 3
     a06:	11 f4       	brne	.+4      	; 0xa0c <Comm_voidSetKpdStatus+0x10>
    {
        ShowMenu();
     a08:	0e 94 21 02 	call	0x442	; 0x442 <ShowMenu>
     a0c:	08 95       	ret

00000a0e <Device_voidInit>:


void Device_voidInit(void)
{
    // Init Lamps
    LED_voidInit(L1_PORT, L1_PIN);
     a0e:	60 e0       	ldi	r22, 0x00	; 0
     a10:	81 e0       	ldi	r24, 0x01	; 1
     a12:	0e 94 a2 0b 	call	0x1744	; 0x1744 <LED_voidInit>
    LED_voidInit(L2_PORT, L2_PIN);
     a16:	64 e0       	ldi	r22, 0x04	; 4
     a18:	81 e0       	ldi	r24, 0x01	; 1
     a1a:	0e 94 a2 0b 	call	0x1744	; 0x1744 <LED_voidInit>
    LED_voidInit(L3_PORT, L3_PIN);
     a1e:	65 e0       	ldi	r22, 0x05	; 5
     a20:	81 e0       	ldi	r24, 0x01	; 1
     a22:	0e 94 a2 0b 	call	0x1744	; 0x1744 <LED_voidInit>
    LED_voidInit(L4_PORT, L4_PIN);
     a26:	66 e0       	ldi	r22, 0x06	; 6
     a28:	81 e0       	ldi	r24, 0x01	; 1
     a2a:	0e 94 a2 0b 	call	0x1744	; 0x1744 <LED_voidInit>
    LED_voidInit(L5_PORT, L5_PIN);
     a2e:	67 e0       	ldi	r22, 0x07	; 7
     a30:	81 e0       	ldi	r24, 0x01	; 1
     a32:	0e 94 a2 0b 	call	0x1744	; 0x1744 <LED_voidInit>

    // Init Dimmer (PWM TMR0)
    DIO_voidSetPinDirection(DIO_PORTB, DIO_PIN3, DIO_PIN_OUTPUT); // OC0
     a36:	41 e0       	ldi	r20, 0x01	; 1
     a38:	63 e0       	ldi	r22, 0x03	; 3
     a3a:	81 e0       	ldi	r24, 0x01	; 1
     a3c:	0e 94 29 0c 	call	0x1852	; 0x1852 <DIO_voidSetPinDirection>
    TMR0PWM_voidInit();
     a40:	0e 94 dc 0d 	call	0x1bb8	; 0x1bb8 <TMR0PWM_voidInit>

    // Init Door (Servo)
    SRV_voidInit();
     a44:	0e 94 c0 0b 	call	0x1780	; 0x1780 <SRV_voidInit>

    // Init AC (DCM)
    DCM_voidInit(DCM_CHANNEL_A); 
     a48:	80 e0       	ldi	r24, 0x00	; 0
     a4a:	0e 94 89 08 	call	0x1112	; 0x1112 <DCM_voidInit>
     a4e:	08 95       	ret

00000a50 <Device_voidSetLamp>:
}

void Device_voidSetLamp(u8 copy_u8LampID, u8 copy_u8State, u8 copy_u8Brightness)
{
    if(copy_u8LampID == DIMMER_LAMP)
     a50:	86 30       	cpi	r24, 0x06	; 6
     a52:	61 f4       	brne	.+24     	; 0xa6c <Device_voidSetLamp+0x1c>
    {
         if(copy_u8State == LAMP_ON)
     a54:	61 30       	cpi	r22, 0x01	; 1
     a56:	29 f4       	brne	.+10     	; 0xa62 <Device_voidSetLamp+0x12>
             TMR0PWM_voidGenerate(copy_u8Brightness, _64FROM_PRESCALER);
     a58:	63 e0       	ldi	r22, 0x03	; 3
     a5a:	84 2f       	mov	r24, r20
     a5c:	0e 94 e9 0d 	call	0x1bd2	; 0x1bd2 <TMR0PWM_voidGenerate>
     a60:	08 95       	ret
         else
             TMR0PWM_voidGenerate(0, _64FROM_PRESCALER);
     a62:	63 e0       	ldi	r22, 0x03	; 3
     a64:	80 e0       	ldi	r24, 0x00	; 0
     a66:	0e 94 e9 0d 	call	0x1bd2	; 0x1bd2 <TMR0PWM_voidGenerate>
     a6a:	08 95       	ret
         return;
    }
    
    u8 port = 0, pin = 0;
    switch(copy_u8LampID)
     a6c:	83 30       	cpi	r24, 0x03	; 3
     a6e:	69 f0       	breq	.+26     	; 0xa8a <Device_voidSetLamp+0x3a>
     a70:	28 f4       	brcc	.+10     	; 0xa7c <Device_voidSetLamp+0x2c>
     a72:	81 30       	cpi	r24, 0x01	; 1
     a74:	41 f0       	breq	.+16     	; 0xa86 <Device_voidSetLamp+0x36>
     a76:	82 30       	cpi	r24, 0x02	; 2
     a78:	71 f0       	breq	.+28     	; 0xa96 <Device_voidSetLamp+0x46>
     a7a:	08 95       	ret
     a7c:	84 30       	cpi	r24, 0x04	; 4
     a7e:	39 f0       	breq	.+14     	; 0xa8e <Device_voidSetLamp+0x3e>
     a80:	85 30       	cpi	r24, 0x05	; 5
     a82:	39 f0       	breq	.+14     	; 0xa92 <Device_voidSetLamp+0x42>
     a84:	08 95       	ret
    {
        case LAMP1: port = L1_PORT; pin = L1_PIN; break;
     a86:	80 e0       	ldi	r24, 0x00	; 0
     a88:	07 c0       	rjmp	.+14     	; 0xa98 <Device_voidSetLamp+0x48>
        case LAMP2: port = L2_PORT; pin = L2_PIN; break;
        case LAMP3: port = L3_PORT; pin = L3_PIN; break;
     a8a:	85 e0       	ldi	r24, 0x05	; 5
     a8c:	05 c0       	rjmp	.+10     	; 0xa98 <Device_voidSetLamp+0x48>
        case LAMP4: port = L4_PORT; pin = L4_PIN; break;
     a8e:	86 e0       	ldi	r24, 0x06	; 6
     a90:	03 c0       	rjmp	.+6      	; 0xa98 <Device_voidSetLamp+0x48>
        case LAMP5: port = L5_PORT; pin = L5_PIN; break;
     a92:	87 e0       	ldi	r24, 0x07	; 7
     a94:	01 c0       	rjmp	.+2      	; 0xa98 <Device_voidSetLamp+0x48>
    
    u8 port = 0, pin = 0;
    switch(copy_u8LampID)
    {
        case LAMP1: port = L1_PORT; pin = L1_PIN; break;
        case LAMP2: port = L2_PORT; pin = L2_PIN; break;
     a96:	84 e0       	ldi	r24, 0x04	; 4
        case LAMP4: port = L4_PORT; pin = L4_PIN; break;
        case LAMP5: port = L5_PORT; pin = L5_PIN; break;
        default: return; 
    }
    
    if(copy_u8State == LAMP_ON)
     a98:	61 30       	cpi	r22, 0x01	; 1
     a9a:	31 f4       	brne	.+12     	; 0xaa8 <Device_voidSetLamp+0x58>
		LED_voidOn(port, pin, LED_FORWARD_CONNECTION);
     a9c:	40 e0       	ldi	r20, 0x00	; 0
     a9e:	68 2f       	mov	r22, r24
     aa0:	81 e0       	ldi	r24, 0x01	; 1
     aa2:	0e 94 a6 0b 	call	0x174c	; 0x174c <LED_voidOn>
     aa6:	08 95       	ret
    else
		LED_voidOff(port, pin, LED_FORWARD_CONNECTION);
     aa8:	40 e0       	ldi	r20, 0x00	; 0
     aaa:	68 2f       	mov	r22, r24
     aac:	81 e0       	ldi	r24, 0x01	; 1
     aae:	0e 94 b3 0b 	call	0x1766	; 0x1766 <LED_voidOff>
     ab2:	08 95       	ret

00000ab4 <Device_voidSetDoor>:
}

void Device_voidSetDoor(u8 copy_u8State)
{
    if(copy_u8State == DOOR_OPEN) 
     ab4:	81 30       	cpi	r24, 0x01	; 1
     ab6:	21 f4       	brne	.+8      	; 0xac0 <Device_voidSetDoor+0xc>
		SRV_voidOn(180); 
     ab8:	84 eb       	ldi	r24, 0xB4	; 180
     aba:	0e 94 d8 0b 	call	0x17b0	; 0x17b0 <SRV_voidOn>
     abe:	08 95       	ret
    else 
		SRV_voidOn(90);
     ac0:	8a e5       	ldi	r24, 0x5A	; 90
     ac2:	0e 94 d8 0b 	call	0x17b0	; 0x17b0 <SRV_voidOn>
     ac6:	08 95       	ret

00000ac8 <Device_voidSetAC>:

static u8 g_u8ACState = AC_OFF;

void Device_voidSetAC(u8 copy_u8State)
{
    g_u8ACState = copy_u8State;
     ac8:	80 93 4e 05 	sts	0x054E, r24	; 0x80054e <g_u8ACState>
    if(copy_u8State == AC_ON) 
     acc:	81 30       	cpi	r24, 0x01	; 1
     ace:	29 f4       	brne	.+10     	; 0xada <Device_voidSetAC+0x12>
		DCM_voidOn(DCM_CW, DCM_CHANNEL_A);
     ad0:	60 e0       	ldi	r22, 0x00	; 0
     ad2:	80 e0       	ldi	r24, 0x00	; 0
     ad4:	0e 94 ae 08 	call	0x115c	; 0x115c <DCM_voidOn>
     ad8:	08 95       	ret
    else
		DCM_voidOff(DCM_CHANNEL_A);
     ada:	80 e0       	ldi	r24, 0x00	; 0
     adc:	0e 94 f1 08 	call	0x11e2	; 0x11e2 <DCM_voidOff>
     ae0:	08 95       	ret

00000ae2 <Device_u8GetACStatus>:
}

u8 Device_u8GetACStatus(void)
{
    return g_u8ACState;
}
     ae2:	80 91 4e 05 	lds	r24, 0x054E	; 0x80054e <g_u8ACState>
     ae6:	08 95       	ret

00000ae8 <Login_voidInit>:
}

u8 Login_u8GetFailedAttempts(void)
{
    return Login_u8FailedAttempts;
}
     ae8:	cf 93       	push	r28
     aea:	df 93       	push	r29
     aec:	1f 92       	push	r1
     aee:	cd b7       	in	r28, 0x3d	; 61
     af0:	de b7       	in	r29, 0x3e	; 62
     af2:	0e 94 a7 0e 	call	0x1d4e	; 0x1d4e <TWI_voidInitMaster>
     af6:	be 01       	movw	r22, r28
     af8:	6f 5f       	subi	r22, 0xFF	; 255
     afa:	7f 4f       	sbci	r23, 0xFF	; 255
     afc:	80 e0       	ldi	r24, 0x00	; 0
     afe:	90 e0       	ldi	r25, 0x00	; 0
     b00:	0e 94 64 0d 	call	0x1ac8	; 0x1ac8 <EEPROM_voidReadByte>
     b04:	89 81       	ldd	r24, Y+1	; 0x01
     b06:	81 30       	cpi	r24, 0x01	; 1
     b08:	f1 f0       	breq	.+60     	; 0xb46 <Login_voidInit+0x5e>
     b0a:	61 e0       	ldi	r22, 0x01	; 1
     b0c:	80 e0       	ldi	r24, 0x00	; 0
     b0e:	90 e0       	ldi	r25, 0x00	; 0
     b10:	0e 94 46 0d 	call	0x1a8c	; 0x1a8c <EEPROM_voidWriteByte>
     b14:	61 e3       	ldi	r22, 0x31	; 49
     b16:	81 e0       	ldi	r24, 0x01	; 1
     b18:	90 e0       	ldi	r25, 0x00	; 0
     b1a:	0e 94 46 0d 	call	0x1a8c	; 0x1a8c <EEPROM_voidWriteByte>
     b1e:	61 e3       	ldi	r22, 0x31	; 49
     b20:	82 e0       	ldi	r24, 0x02	; 2
     b22:	90 e0       	ldi	r25, 0x00	; 0
     b24:	0e 94 46 0d 	call	0x1a8c	; 0x1a8c <EEPROM_voidWriteByte>
     b28:	62 e3       	ldi	r22, 0x32	; 50
     b2a:	83 e0       	ldi	r24, 0x03	; 3
     b2c:	90 e0       	ldi	r25, 0x00	; 0
     b2e:	0e 94 46 0d 	call	0x1a8c	; 0x1a8c <EEPROM_voidWriteByte>
     b32:	63 e3       	ldi	r22, 0x33	; 51
     b34:	84 e0       	ldi	r24, 0x04	; 4
     b36:	90 e0       	ldi	r25, 0x00	; 0
     b38:	0e 94 46 0d 	call	0x1a8c	; 0x1a8c <EEPROM_voidWriteByte>
     b3c:	64 e3       	ldi	r22, 0x34	; 52
     b3e:	85 e0       	ldi	r24, 0x05	; 5
     b40:	90 e0       	ldi	r25, 0x00	; 0
     b42:	0e 94 46 0d 	call	0x1a8c	; 0x1a8c <EEPROM_voidWriteByte>
     b46:	0f 90       	pop	r0
     b48:	df 91       	pop	r29
     b4a:	cf 91       	pop	r28
     b4c:	08 95       	ret

00000b4e <Login_u8Authenticate>:
     b4e:	7f 92       	push	r7
     b50:	8f 92       	push	r8
     b52:	9f 92       	push	r9
     b54:	af 92       	push	r10
     b56:	bf 92       	push	r11
     b58:	cf 92       	push	r12
     b5a:	df 92       	push	r13
     b5c:	ef 92       	push	r14
     b5e:	ff 92       	push	r15
     b60:	0f 93       	push	r16
     b62:	1f 93       	push	r17
     b64:	cf 93       	push	r28
     b66:	df 93       	push	r29
     b68:	00 d0       	rcall	.+0      	; 0xb6a <Login_u8Authenticate+0x1c>
     b6a:	00 d0       	rcall	.+0      	; 0xb6c <Login_u8Authenticate+0x1e>
     b6c:	00 d0       	rcall	.+0      	; 0xb6e <Login_u8Authenticate+0x20>
     b6e:	cd b7       	in	r28, 0x3d	; 61
     b70:	de b7       	in	r29, 0x3e	; 62
     b72:	c6 2e       	mov	r12, r22
     b74:	7a 01       	movw	r14, r20
     b76:	81 30       	cpi	r24, 0x01	; 1
     b78:	51 f4       	brne	.+20     	; 0xb8e <Login_u8Authenticate+0x40>
     b7a:	be 01       	movw	r22, r28
     b7c:	6f 5f       	subi	r22, 0xFF	; 255
     b7e:	7f 4f       	sbci	r23, 0xFF	; 255
     b80:	80 e0       	ldi	r24, 0x00	; 0
     b82:	90 e0       	ldi	r25, 0x00	; 0
     b84:	0e 94 64 0d 	call	0x1ac8	; 0x1ac8 <EEPROM_voidReadByte>
     b88:	19 81       	ldd	r17, Y+1	; 0x01
     b8a:	11 30       	cpi	r17, 0x01	; 1
     b8c:	11 f0       	breq	.+4      	; 0xb92 <Login_u8Authenticate+0x44>
     b8e:	d1 2c       	mov	r13, r1
     b90:	7a c0       	rjmp	.+244    	; 0xc86 <Login_u8Authenticate+0x138>
     b92:	be 01       	movw	r22, r28
     b94:	6e 5f       	subi	r22, 0xFE	; 254
     b96:	7f 4f       	sbci	r23, 0xFF	; 255
     b98:	81 e0       	ldi	r24, 0x01	; 1
     b9a:	90 e0       	ldi	r25, 0x00	; 0
     b9c:	0e 94 64 0d 	call	0x1ac8	; 0x1ac8 <EEPROM_voidReadByte>
     ba0:	8a 81       	ldd	r24, Y+2	; 0x02
     ba2:	8c 11       	cpse	r24, r12
     ba4:	f4 cf       	rjmp	.-24     	; 0xb8e <Login_u8Authenticate+0x40>
     ba6:	1a c0       	rjmp	.+52     	; 0xbdc <Login_u8Authenticate+0x8e>
     ba8:	a0 2e       	mov	r10, r16
     baa:	b1 2c       	mov	r11, r1
     bac:	0f 2e       	mov	r0, r31
     bae:	f3 e0       	ldi	r31, 0x03	; 3
     bb0:	8f 2e       	mov	r8, r31
     bb2:	91 2c       	mov	r9, r1
     bb4:	f0 2d       	mov	r31, r0
     bb6:	8c 0e       	add	r8, r28
     bb8:	9d 1e       	adc	r9, r29
     bba:	8a 0c       	add	r8, r10
     bbc:	9b 1c       	adc	r9, r11
     bbe:	b4 01       	movw	r22, r8
     bc0:	c5 01       	movw	r24, r10
     bc2:	02 96       	adiw	r24, 0x02	; 2
     bc4:	0e 94 64 0d 	call	0x1ac8	; 0x1ac8 <EEPROM_voidReadByte>
     bc8:	f4 01       	movw	r30, r8
     bca:	90 81       	ld	r25, Z
     bcc:	f7 01       	movw	r30, r14
     bce:	ea 0d       	add	r30, r10
     bd0:	fb 1d       	adc	r31, r11
     bd2:	80 81       	ld	r24, Z
     bd4:	98 13       	cpse	r25, r24
     bd6:	07 c0       	rjmp	.+14     	; 0xbe6 <Login_u8Authenticate+0x98>
     bd8:	0f 5f       	subi	r16, 0xFF	; 255
     bda:	01 c0       	rjmp	.+2      	; 0xbde <Login_u8Authenticate+0x90>
     bdc:	00 e0       	ldi	r16, 0x00	; 0
     bde:	04 30       	cpi	r16, 0x04	; 4
     be0:	18 f3       	brcs	.-58     	; 0xba8 <Login_u8Authenticate+0x5a>
     be2:	81 e0       	ldi	r24, 0x01	; 1
     be4:	01 c0       	rjmp	.+2      	; 0xbe8 <Login_u8Authenticate+0x9a>
     be6:	80 e0       	ldi	r24, 0x00	; 0
     be8:	88 23       	and	r24, r24
     bea:	89 f2       	breq	.-94     	; 0xb8e <Login_u8Authenticate+0x40>
     bec:	10 92 4f 05 	sts	0x054F, r1	; 0x80054f <Login_u8FailedAttempts>
     bf0:	5a c0       	rjmp	.+180    	; 0xca6 <Login_u8Authenticate+0x158>
     bf2:	0d 2d       	mov	r16, r13
     bf4:	10 e0       	ldi	r17, 0x00	; 0
     bf6:	c8 01       	movw	r24, r16
     bf8:	88 0f       	add	r24, r24
     bfa:	99 1f       	adc	r25, r25
     bfc:	08 0f       	add	r16, r24
     bfe:	19 1f       	adc	r17, r25
     c00:	00 0f       	add	r16, r16
     c02:	11 1f       	adc	r17, r17
     c04:	00 5f       	subi	r16, 0xF0	; 240
     c06:	1f 4f       	sbci	r17, 0xFF	; 255
     c08:	58 01       	movw	r10, r16
     c0a:	be 01       	movw	r22, r28
     c0c:	6f 5f       	subi	r22, 0xFF	; 255
     c0e:	7f 4f       	sbci	r23, 0xFF	; 255
     c10:	c8 01       	movw	r24, r16
     c12:	0e 94 64 0d 	call	0x1ac8	; 0x1ac8 <EEPROM_voidReadByte>
     c16:	89 81       	ldd	r24, Y+1	; 0x01
     c18:	81 30       	cpi	r24, 0x01	; 1
     c1a:	a1 f5       	brne	.+104    	; 0xc84 <Login_u8Authenticate+0x136>
     c1c:	be 01       	movw	r22, r28
     c1e:	6e 5f       	subi	r22, 0xFE	; 254
     c20:	7f 4f       	sbci	r23, 0xFF	; 255
     c22:	c8 01       	movw	r24, r16
     c24:	01 96       	adiw	r24, 0x01	; 1
     c26:	0e 94 64 0d 	call	0x1ac8	; 0x1ac8 <EEPROM_voidReadByte>
     c2a:	8a 81       	ldd	r24, Y+2	; 0x02
     c2c:	c8 12       	cpse	r12, r24
     c2e:	2a c0       	rjmp	.+84     	; 0xc84 <Login_u8Authenticate+0x136>
     c30:	1c c0       	rjmp	.+56     	; 0xc6a <Login_u8Authenticate+0x11c>
     c32:	07 2d       	mov	r16, r7
     c34:	10 e0       	ldi	r17, 0x00	; 0
     c36:	c5 01       	movw	r24, r10
     c38:	80 0f       	add	r24, r16
     c3a:	91 1f       	adc	r25, r17
     c3c:	0f 2e       	mov	r0, r31
     c3e:	f3 e0       	ldi	r31, 0x03	; 3
     c40:	8f 2e       	mov	r8, r31
     c42:	91 2c       	mov	r9, r1
     c44:	f0 2d       	mov	r31, r0
     c46:	8c 0e       	add	r8, r28
     c48:	9d 1e       	adc	r9, r29
     c4a:	80 0e       	add	r8, r16
     c4c:	91 1e       	adc	r9, r17
     c4e:	b4 01       	movw	r22, r8
     c50:	02 96       	adiw	r24, 0x02	; 2
     c52:	0e 94 64 0d 	call	0x1ac8	; 0x1ac8 <EEPROM_voidReadByte>
     c56:	f4 01       	movw	r30, r8
     c58:	90 81       	ld	r25, Z
     c5a:	f7 01       	movw	r30, r14
     c5c:	e0 0f       	add	r30, r16
     c5e:	f1 1f       	adc	r31, r17
     c60:	80 81       	ld	r24, Z
     c62:	98 13       	cpse	r25, r24
     c64:	08 c0       	rjmp	.+16     	; 0xc76 <Login_u8Authenticate+0x128>
     c66:	73 94       	inc	r7
     c68:	01 c0       	rjmp	.+2      	; 0xc6c <Login_u8Authenticate+0x11e>
     c6a:	71 2c       	mov	r7, r1
     c6c:	f3 e0       	ldi	r31, 0x03	; 3
     c6e:	f7 15       	cp	r31, r7
     c70:	00 f7       	brcc	.-64     	; 0xc32 <Login_u8Authenticate+0xe4>
     c72:	81 e0       	ldi	r24, 0x01	; 1
     c74:	01 c0       	rjmp	.+2      	; 0xc78 <Login_u8Authenticate+0x12a>
     c76:	80 e0       	ldi	r24, 0x00	; 0
     c78:	88 23       	and	r24, r24
     c7a:	21 f0       	breq	.+8      	; 0xc84 <Login_u8Authenticate+0x136>
     c7c:	10 92 4f 05 	sts	0x054F, r1	; 0x80054f <Login_u8FailedAttempts>
     c80:	12 e0       	ldi	r17, 0x02	; 2
     c82:	11 c0       	rjmp	.+34     	; 0xca6 <Login_u8Authenticate+0x158>
     c84:	d3 94       	inc	r13
     c86:	84 e0       	ldi	r24, 0x04	; 4
     c88:	8d 15       	cp	r24, r13
     c8a:	08 f0       	brcs	.+2      	; 0xc8e <Login_u8Authenticate+0x140>
     c8c:	b2 cf       	rjmp	.-156    	; 0xbf2 <Login_u8Authenticate+0xa4>
     c8e:	80 91 4f 05 	lds	r24, 0x054F	; 0x80054f <Login_u8FailedAttempts>
     c92:	8f 5f       	subi	r24, 0xFF	; 255
     c94:	80 93 4f 05 	sts	0x054F, r24	; 0x80054f <Login_u8FailedAttempts>
     c98:	83 30       	cpi	r24, 0x03	; 3
     c9a:	20 f0       	brcs	.+8      	; 0xca4 <Login_u8Authenticate+0x156>
     c9c:	0e 94 4c 00 	call	0x98	; 0x98 <Alarm_voidTrigger>
     ca0:	10 e0       	ldi	r17, 0x00	; 0
     ca2:	01 c0       	rjmp	.+2      	; 0xca6 <Login_u8Authenticate+0x158>
     ca4:	10 e0       	ldi	r17, 0x00	; 0
     ca6:	81 2f       	mov	r24, r17
     ca8:	26 96       	adiw	r28, 0x06	; 6
     caa:	0f b6       	in	r0, 0x3f	; 63
     cac:	f8 94       	cli
     cae:	de bf       	out	0x3e, r29	; 62
     cb0:	0f be       	out	0x3f, r0	; 63
     cb2:	cd bf       	out	0x3d, r28	; 61
     cb4:	df 91       	pop	r29
     cb6:	cf 91       	pop	r28
     cb8:	1f 91       	pop	r17
     cba:	0f 91       	pop	r16
     cbc:	ff 90       	pop	r15
     cbe:	ef 90       	pop	r14
     cc0:	df 90       	pop	r13
     cc2:	cf 90       	pop	r12
     cc4:	bf 90       	pop	r11
     cc6:	af 90       	pop	r10
     cc8:	9f 90       	pop	r9
     cca:	8f 90       	pop	r8
     ccc:	7f 90       	pop	r7
     cce:	08 95       	ret

00000cd0 <Login_voidRegisterUser>:
     cd0:	af 92       	push	r10
     cd2:	bf 92       	push	r11
     cd4:	cf 92       	push	r12
     cd6:	df 92       	push	r13
     cd8:	ef 92       	push	r14
     cda:	ff 92       	push	r15
     cdc:	1f 93       	push	r17
     cde:	cf 93       	push	r28
     ce0:	df 93       	push	r29
     ce2:	1f 92       	push	r1
     ce4:	cd b7       	in	r28, 0x3d	; 61
     ce6:	de b7       	in	r29, 0x3e	; 62
     ce8:	e8 2e       	mov	r14, r24
     cea:	5b 01       	movw	r10, r22
     cec:	10 e0       	ldi	r17, 0x00	; 0
     cee:	32 c0       	rjmp	.+100    	; 0xd54 <Login_voidRegisterUser+0x84>
     cf0:	81 2f       	mov	r24, r17
     cf2:	90 e0       	ldi	r25, 0x00	; 0
     cf4:	9c 01       	movw	r18, r24
     cf6:	22 0f       	add	r18, r18
     cf8:	33 1f       	adc	r19, r19
     cfa:	82 0f       	add	r24, r18
     cfc:	93 1f       	adc	r25, r19
     cfe:	88 0f       	add	r24, r24
     d00:	99 1f       	adc	r25, r25
     d02:	40 96       	adiw	r24, 0x10	; 16
     d04:	6c 01       	movw	r12, r24
     d06:	be 01       	movw	r22, r28
     d08:	6f 5f       	subi	r22, 0xFF	; 255
     d0a:	7f 4f       	sbci	r23, 0xFF	; 255
     d0c:	0e 94 64 0d 	call	0x1ac8	; 0x1ac8 <EEPROM_voidReadByte>
     d10:	89 81       	ldd	r24, Y+1	; 0x01
     d12:	81 30       	cpi	r24, 0x01	; 1
     d14:	f1 f0       	breq	.+60     	; 0xd52 <Login_voidRegisterUser+0x82>
     d16:	61 e0       	ldi	r22, 0x01	; 1
     d18:	c6 01       	movw	r24, r12
     d1a:	0e 94 46 0d 	call	0x1a8c	; 0x1a8c <EEPROM_voidWriteByte>
     d1e:	6e 2d       	mov	r22, r14
     d20:	c6 01       	movw	r24, r12
     d22:	01 96       	adiw	r24, 0x01	; 1
     d24:	0e 94 46 0d 	call	0x1a8c	; 0x1a8c <EEPROM_voidWriteByte>
     d28:	e1 2c       	mov	r14, r1
     d2a:	f1 2c       	mov	r15, r1
     d2c:	0d c0       	rjmp	.+26     	; 0xd48 <Login_voidRegisterUser+0x78>
     d2e:	f5 01       	movw	r30, r10
     d30:	ee 0d       	add	r30, r14
     d32:	ff 1d       	adc	r31, r15
     d34:	c6 01       	movw	r24, r12
     d36:	8e 0d       	add	r24, r14
     d38:	9f 1d       	adc	r25, r15
     d3a:	60 81       	ld	r22, Z
     d3c:	02 96       	adiw	r24, 0x02	; 2
     d3e:	0e 94 46 0d 	call	0x1a8c	; 0x1a8c <EEPROM_voidWriteByte>
     d42:	8f ef       	ldi	r24, 0xFF	; 255
     d44:	e8 1a       	sub	r14, r24
     d46:	f8 0a       	sbc	r15, r24
     d48:	84 e0       	ldi	r24, 0x04	; 4
     d4a:	e8 16       	cp	r14, r24
     d4c:	f1 04       	cpc	r15, r1
     d4e:	7c f3       	brlt	.-34     	; 0xd2e <Login_voidRegisterUser+0x5e>
     d50:	03 c0       	rjmp	.+6      	; 0xd58 <Login_voidRegisterUser+0x88>
     d52:	1f 5f       	subi	r17, 0xFF	; 255
     d54:	15 30       	cpi	r17, 0x05	; 5
     d56:	60 f2       	brcs	.-104    	; 0xcf0 <Login_voidRegisterUser+0x20>
     d58:	0f 90       	pop	r0
     d5a:	df 91       	pop	r29
     d5c:	cf 91       	pop	r28
     d5e:	1f 91       	pop	r17
     d60:	ff 90       	pop	r15
     d62:	ef 90       	pop	r14
     d64:	df 90       	pop	r13
     d66:	cf 90       	pop	r12
     d68:	bf 90       	pop	r11
     d6a:	af 90       	pop	r10
     d6c:	08 95       	ret

00000d6e <Login_voidRemoveUser>:
     d6e:	cf 92       	push	r12
     d70:	df 92       	push	r13
     d72:	ef 92       	push	r14
     d74:	ff 92       	push	r15
     d76:	0f 93       	push	r16
     d78:	1f 93       	push	r17
     d7a:	cf 93       	push	r28
     d7c:	df 93       	push	r29
     d7e:	00 d0       	rcall	.+0      	; 0xd80 <Login_voidRemoveUser+0x12>
     d80:	cd b7       	in	r28, 0x3d	; 61
     d82:	de b7       	in	r29, 0x3e	; 62
     d84:	c8 2e       	mov	r12, r24
     d86:	f1 2c       	mov	r15, r1
     d88:	25 c0       	rjmp	.+74     	; 0xdd4 <Login_voidRemoveUser+0x66>
     d8a:	0f 2d       	mov	r16, r15
     d8c:	10 e0       	ldi	r17, 0x00	; 0
     d8e:	c8 01       	movw	r24, r16
     d90:	88 0f       	add	r24, r24
     d92:	99 1f       	adc	r25, r25
     d94:	08 0f       	add	r16, r24
     d96:	19 1f       	adc	r17, r25
     d98:	00 0f       	add	r16, r16
     d9a:	11 1f       	adc	r17, r17
     d9c:	00 5f       	subi	r16, 0xF0	; 240
     d9e:	1f 4f       	sbci	r17, 0xFF	; 255
     da0:	be 01       	movw	r22, r28
     da2:	6f 5f       	subi	r22, 0xFF	; 255
     da4:	7f 4f       	sbci	r23, 0xFF	; 255
     da6:	c8 01       	movw	r24, r16
     da8:	0e 94 64 0d 	call	0x1ac8	; 0x1ac8 <EEPROM_voidReadByte>
     dac:	89 81       	ldd	r24, Y+1	; 0x01
     dae:	81 30       	cpi	r24, 0x01	; 1
     db0:	81 f4       	brne	.+32     	; 0xdd2 <Login_voidRemoveUser+0x64>
     db2:	be 01       	movw	r22, r28
     db4:	6e 5f       	subi	r22, 0xFE	; 254
     db6:	7f 4f       	sbci	r23, 0xFF	; 255
     db8:	c8 01       	movw	r24, r16
     dba:	01 96       	adiw	r24, 0x01	; 1
     dbc:	0e 94 64 0d 	call	0x1ac8	; 0x1ac8 <EEPROM_voidReadByte>
     dc0:	8a 81       	ldd	r24, Y+2	; 0x02
     dc2:	8c 11       	cpse	r24, r12
     dc4:	06 c0       	rjmp	.+12     	; 0xdd2 <Login_voidRemoveUser+0x64>
     dc6:	60 e0       	ldi	r22, 0x00	; 0
     dc8:	80 2f       	mov	r24, r16
     dca:	91 2f       	mov	r25, r17
     dcc:	0e 94 46 0d 	call	0x1a8c	; 0x1a8c <EEPROM_voidWriteByte>
     dd0:	04 c0       	rjmp	.+8      	; 0xdda <Login_voidRemoveUser+0x6c>
     dd2:	f3 94       	inc	r15
     dd4:	84 e0       	ldi	r24, 0x04	; 4
     dd6:	8f 15       	cp	r24, r15
     dd8:	c0 f6       	brcc	.-80     	; 0xd8a <Login_voidRemoveUser+0x1c>
     dda:	0f 90       	pop	r0
     ddc:	0f 90       	pop	r0
     dde:	df 91       	pop	r29
     de0:	cf 91       	pop	r28
     de2:	1f 91       	pop	r17
     de4:	0f 91       	pop	r16
     de6:	ff 90       	pop	r15
     de8:	ef 90       	pop	r14
     dea:	df 90       	pop	r13
     dec:	cf 90       	pop	r12
     dee:	08 95       	ret

00000df0 <Login_u8GetUser>:

u8 Login_u8GetUser(u8 copy_u8Index, u8* copy_pu8ID)
{
     df0:	df 92       	push	r13
     df2:	ef 92       	push	r14
     df4:	ff 92       	push	r15
     df6:	0f 93       	push	r16
     df8:	1f 93       	push	r17
     dfa:	cf 93       	push	r28
     dfc:	df 93       	push	r29
     dfe:	1f 92       	push	r1
     e00:	cd b7       	in	r28, 0x3d	; 61
     e02:	de b7       	in	r29, 0x3e	; 62
    u8 local_u8Status;
    if (copy_u8Index >= MAX_USERS) return 0;
     e04:	85 30       	cpi	r24, 0x05	; 5
     e06:	d8 f4       	brcc	.+54     	; 0xe3e <Login_u8GetUser+0x4e>
     e08:	7b 01       	movw	r14, r22
    
    u16 addr = USERS_START_ADDR + (copy_u8Index * USER_ENTRY_SIZE);
     e0a:	90 e0       	ldi	r25, 0x00	; 0
     e0c:	8c 01       	movw	r16, r24
     e0e:	00 0f       	add	r16, r16
     e10:	11 1f       	adc	r17, r17
     e12:	08 0f       	add	r16, r24
     e14:	19 1f       	adc	r17, r25
     e16:	00 0f       	add	r16, r16
     e18:	11 1f       	adc	r17, r17
     e1a:	00 5f       	subi	r16, 0xF0	; 240
     e1c:	1f 4f       	sbci	r17, 0xFF	; 255
    EEPROM_voidReadByte(addr, &local_u8Status);
     e1e:	be 01       	movw	r22, r28
     e20:	6f 5f       	subi	r22, 0xFF	; 255
     e22:	7f 4f       	sbci	r23, 0xFF	; 255
     e24:	c8 01       	movw	r24, r16
     e26:	0e 94 64 0d 	call	0x1ac8	; 0x1ac8 <EEPROM_voidReadByte>
    
    if (local_u8Status == 1)
     e2a:	d9 80       	ldd	r13, Y+1	; 0x01
     e2c:	81 e0       	ldi	r24, 0x01	; 1
     e2e:	d8 12       	cpse	r13, r24
     e30:	08 c0       	rjmp	.+16     	; 0xe42 <Login_u8GetUser+0x52>
    {
        EEPROM_voidReadByte(addr + 1, copy_pu8ID);
     e32:	b7 01       	movw	r22, r14
     e34:	c8 01       	movw	r24, r16
     e36:	01 96       	adiw	r24, 0x01	; 1
     e38:	0e 94 64 0d 	call	0x1ac8	; 0x1ac8 <EEPROM_voidReadByte>
        return 1;
     e3c:	03 c0       	rjmp	.+6      	; 0xe44 <Login_u8GetUser+0x54>
}

u8 Login_u8GetUser(u8 copy_u8Index, u8* copy_pu8ID)
{
    u8 local_u8Status;
    if (copy_u8Index >= MAX_USERS) return 0;
     e3e:	d1 2c       	mov	r13, r1
     e40:	01 c0       	rjmp	.+2      	; 0xe44 <Login_u8GetUser+0x54>
    if (local_u8Status == 1)
    {
        EEPROM_voidReadByte(addr + 1, copy_pu8ID);
        return 1;
    }
    return 0;
     e42:	d1 2c       	mov	r13, r1
}
     e44:	8d 2d       	mov	r24, r13
     e46:	0f 90       	pop	r0
     e48:	df 91       	pop	r29
     e4a:	cf 91       	pop	r28
     e4c:	1f 91       	pop	r17
     e4e:	0f 91       	pop	r16
     e50:	ff 90       	pop	r15
     e52:	ef 90       	pop	r14
     e54:	df 90       	pop	r13
     e56:	08 95       	ret

00000e58 <Login_u8CheckID>:
u8 Login_u8CheckID(u8 copy_u8ID)
{
     e58:	df 92       	push	r13
     e5a:	ef 92       	push	r14
     e5c:	ff 92       	push	r15
     e5e:	0f 93       	push	r16
     e60:	1f 93       	push	r17
     e62:	cf 93       	push	r28
     e64:	df 93       	push	r29
     e66:	00 d0       	rcall	.+0      	; 0xe68 <Login_u8CheckID+0x10>
     e68:	cd b7       	in	r28, 0x3d	; 61
     e6a:	de b7       	in	r29, 0x3e	; 62
     e6c:	d8 2e       	mov	r13, r24
    u8 local_u8Status, local_u8ID;
    
    // Check Admin ID
    EEPROM_voidReadByte(ADMIN_START_ADDR, &local_u8Status);
     e6e:	be 01       	movw	r22, r28
     e70:	6f 5f       	subi	r22, 0xFF	; 255
     e72:	7f 4f       	sbci	r23, 0xFF	; 255
     e74:	80 e0       	ldi	r24, 0x00	; 0
     e76:	90 e0       	ldi	r25, 0x00	; 0
     e78:	0e 94 64 0d 	call	0x1ac8	; 0x1ac8 <EEPROM_voidReadByte>
    if(local_u8Status == 1)
     e7c:	e9 80       	ldd	r14, Y+1	; 0x01
     e7e:	81 e0       	ldi	r24, 0x01	; 1
     e80:	e8 12       	cpse	r14, r24
     e82:	0a c0       	rjmp	.+20     	; 0xe98 <Login_u8CheckID+0x40>
    {
        EEPROM_voidReadByte(ADMIN_START_ADDR + 1, &local_u8ID);
     e84:	be 01       	movw	r22, r28
     e86:	6e 5f       	subi	r22, 0xFE	; 254
     e88:	7f 4f       	sbci	r23, 0xFF	; 255
     e8a:	81 e0       	ldi	r24, 0x01	; 1
     e8c:	90 e0       	ldi	r25, 0x00	; 0
     e8e:	0e 94 64 0d 	call	0x1ac8	; 0x1ac8 <EEPROM_voidReadByte>
        if(local_u8ID == copy_u8ID) return 1;
     e92:	8a 81       	ldd	r24, Y+2	; 0x02
     e94:	8d 15       	cp	r24, r13
     e96:	31 f1       	breq	.+76     	; 0xee4 <Login_u8CheckID+0x8c>
        return 1;
    }
    return 0;
}
u8 Login_u8CheckID(u8 copy_u8ID)
{
     e98:	f1 2c       	mov	r15, r1
     e9a:	20 c0       	rjmp	.+64     	; 0xedc <Login_u8CheckID+0x84>
    }

    // Check Users
    for(u8 u=0; u<MAX_USERS; u++)
    {
        u16 addr = USERS_START_ADDR + (u * USER_ENTRY_SIZE);
     e9c:	8f 2d       	mov	r24, r15
     e9e:	90 e0       	ldi	r25, 0x00	; 0
     ea0:	8c 01       	movw	r16, r24
     ea2:	00 0f       	add	r16, r16
     ea4:	11 1f       	adc	r17, r17
     ea6:	08 0f       	add	r16, r24
     ea8:	19 1f       	adc	r17, r25
     eaa:	00 0f       	add	r16, r16
     eac:	11 1f       	adc	r17, r17
     eae:	00 5f       	subi	r16, 0xF0	; 240
     eb0:	1f 4f       	sbci	r17, 0xFF	; 255
        EEPROM_voidReadByte(addr, &local_u8Status);
     eb2:	be 01       	movw	r22, r28
     eb4:	6f 5f       	subi	r22, 0xFF	; 255
     eb6:	7f 4f       	sbci	r23, 0xFF	; 255
     eb8:	c8 01       	movw	r24, r16
     eba:	0e 94 64 0d 	call	0x1ac8	; 0x1ac8 <EEPROM_voidReadByte>
        if(local_u8Status == 1)
     ebe:	e9 80       	ldd	r14, Y+1	; 0x01
     ec0:	81 e0       	ldi	r24, 0x01	; 1
     ec2:	e8 12       	cpse	r14, r24
     ec4:	0a c0       	rjmp	.+20     	; 0xeda <Login_u8CheckID+0x82>
        {
            EEPROM_voidReadByte(addr + 1, &local_u8ID);
     ec6:	be 01       	movw	r22, r28
     ec8:	6e 5f       	subi	r22, 0xFE	; 254
     eca:	7f 4f       	sbci	r23, 0xFF	; 255
     ecc:	c8 01       	movw	r24, r16
     ece:	01 96       	adiw	r24, 0x01	; 1
     ed0:	0e 94 64 0d 	call	0x1ac8	; 0x1ac8 <EEPROM_voidReadByte>
            if(local_u8ID == copy_u8ID) return 1;
     ed4:	8a 81       	ldd	r24, Y+2	; 0x02
     ed6:	d8 16       	cp	r13, r24
     ed8:	29 f0       	breq	.+10     	; 0xee4 <Login_u8CheckID+0x8c>
        EEPROM_voidReadByte(ADMIN_START_ADDR + 1, &local_u8ID);
        if(local_u8ID == copy_u8ID) return 1;
    }

    // Check Users
    for(u8 u=0; u<MAX_USERS; u++)
     eda:	f3 94       	inc	r15
     edc:	84 e0       	ldi	r24, 0x04	; 4
     ede:	8f 15       	cp	r24, r15
     ee0:	e8 f6       	brcc	.-70     	; 0xe9c <Login_u8CheckID+0x44>
        {
            EEPROM_voidReadByte(addr + 1, &local_u8ID);
            if(local_u8ID == copy_u8ID) return 1;
        }
    }
    return 0;
     ee2:	e1 2c       	mov	r14, r1
}
     ee4:	8e 2d       	mov	r24, r14
     ee6:	0f 90       	pop	r0
     ee8:	0f 90       	pop	r0
     eea:	df 91       	pop	r29
     eec:	cf 91       	pop	r28
     eee:	1f 91       	pop	r17
     ef0:	0f 91       	pop	r16
     ef2:	ff 90       	pop	r15
     ef4:	ef 90       	pop	r14
     ef6:	df 90       	pop	r13
     ef8:	08 95       	ret

00000efa <Temp_voidInit>:
#define TEMP_THRESHOLD_ON  28
#define TEMP_THRESHOLD_OFF 21

void Temp_voidInit(void)
{
    ADC_voidInit(ADC_REFERENCE_AVCC);
     efa:	81 e0       	ldi	r24, 0x01	; 1
     efc:	0e 94 05 0c 	call	0x180a	; 0x180a <ADC_voidInit>
     f00:	08 95       	ret

00000f02 <Temp_u16GetCurrentTemp>:
}

u16 Temp_u16GetCurrentTemp(void)
{
     f02:	cf 93       	push	r28
     f04:	df 93       	push	r29
     f06:	00 d0       	rcall	.+0      	; 0xf08 <Temp_u16GetCurrentTemp+0x6>
     f08:	cd b7       	in	r28, 0x3d	; 61
     f0a:	de b7       	in	r29, 0x3e	; 62
    u16 analogVal = 0;
     f0c:	1a 82       	std	Y+2, r1	; 0x02
     f0e:	19 82       	std	Y+1, r1	; 0x01
    ADC_voidGetDigitalValue(ADC_CHANNEL_0, &analogVal); // Ch0 for LM35
     f10:	be 01       	movw	r22, r28
     f12:	6f 5f       	subi	r22, 0xFF	; 255
     f14:	7f 4f       	sbci	r23, 0xFF	; 255
     f16:	80 e0       	ldi	r24, 0x00	; 0
     f18:	0e 94 12 0c 	call	0x1824	; 0x1824 <ADC_voidGetDigitalValue>
       LM35 Scale = 10 mV/C
       Temp = (Analog * 5000 / 1024) / 10
            = (Analog * 500) / 1024
    */
    
    u32 tempCalc = (u32)analogVal * 500;
     f1c:	29 81       	ldd	r18, Y+1	; 0x01
     f1e:	3a 81       	ldd	r19, Y+2	; 0x02
     f20:	a4 ef       	ldi	r26, 0xF4	; 244
     f22:	b1 e0       	ldi	r27, 0x01	; 1
     f24:	0e 94 96 11 	call	0x232c	; 0x232c <__umulhisi3>
    u16 temp = tempCalc / 1024;
     f28:	dc 01       	movw	r26, r24
     f2a:	cb 01       	movw	r24, r22
     f2c:	07 2e       	mov	r0, r23
     f2e:	7a e0       	ldi	r23, 0x0A	; 10
     f30:	b6 95       	lsr	r27
     f32:	a7 95       	ror	r26
     f34:	97 95       	ror	r25
     f36:	87 95       	ror	r24
     f38:	7a 95       	dec	r23
     f3a:	d1 f7       	brne	.-12     	; 0xf30 <Temp_u16GetCurrentTemp+0x2e>
     f3c:	70 2d       	mov	r23, r0
    return temp;
}
     f3e:	0f 90       	pop	r0
     f40:	0f 90       	pop	r0
     f42:	df 91       	pop	r29
     f44:	cf 91       	pop	r28
     f46:	08 95       	ret

00000f48 <Temp_voidManage>:

void Temp_voidManage(void)
{
    u16 temp = Temp_u16GetCurrentTemp();
     f48:	0e 94 81 07 	call	0xf02	; 0xf02 <Temp_u16GetCurrentTemp>
    if(temp > TEMP_THRESHOLD_ON)
     f4c:	8d 31       	cpi	r24, 0x1D	; 29
     f4e:	91 05       	cpc	r25, r1
     f50:	20 f0       	brcs	.+8      	; 0xf5a <Temp_voidManage+0x12>
    {
        Device_voidSetAC(AC_ON);
     f52:	81 e0       	ldi	r24, 0x01	; 1
     f54:	0e 94 64 05 	call	0xac8	; 0xac8 <Device_voidSetAC>
     f58:	08 95       	ret
    }
    else if(temp < TEMP_THRESHOLD_OFF)
     f5a:	45 97       	sbiw	r24, 0x15	; 21
     f5c:	18 f4       	brcc	.+6      	; 0xf64 <Temp_voidManage+0x1c>
    {
        Device_voidSetAC(AC_OFF);
     f5e:	80 e0       	ldi	r24, 0x00	; 0
     f60:	0e 94 64 05 	call	0xac8	; 0xac8 <Device_voidSetAC>
     f64:	08 95       	ret

00000f66 <UI_voidDisplayMainMenu>:
static u16 g_u16LastTemp   = 0xFFFFu;
static u8  g_u8LastACState = 0xFFu;

void UI_voidDisplayMainMenu(void)
{
    LCD_voidClear();
     f66:	0e 94 83 0b 	call	0x1706	; 0x1706 <LCD_voidClear>
    LCD_voidDisplayString((u8*)"1-Status");
     f6a:	87 e8       	ldi	r24, 0x87	; 135
     f6c:	94 e0       	ldi	r25, 0x04	; 4
     f6e:	0e 94 e9 0a 	call	0x15d2	; 0x15d2 <LCD_voidDisplayString>
    LCD_voidGoToSpecificPosition(LCD_LINE_TWO, 0);
     f72:	60 e0       	ldi	r22, 0x00	; 0
     f74:	82 e0       	ldi	r24, 0x02	; 2
     f76:	0e 94 8d 0b 	call	0x171a	; 0x171a <LCD_voidGoToSpecificPosition>
    LCD_voidDisplayString((u8*)"2-Opt   3-Logout");
     f7a:	80 e9       	ldi	r24, 0x90	; 144
     f7c:	94 e0       	ldi	r25, 0x04	; 4
     f7e:	0e 94 e9 0a 	call	0x15d2	; 0x15d2 <LCD_voidDisplayString>
     f82:	08 95       	ret

00000f84 <UI_voidDisplayStatus>:
}

void UI_voidDisplayStatus(void)
{
    LCD_voidClear();
     f84:	0e 94 83 0b 	call	0x1706	; 0x1706 <LCD_voidClear>

    /* Cache current values */
    g_u16LastTemp   = Temp_u16GetCurrentTemp();
     f88:	0e 94 81 07 	call	0xf02	; 0xf02 <Temp_u16GetCurrentTemp>
     f8c:	90 93 63 00 	sts	0x0063, r25	; 0x800063 <g_u16LastTemp+0x1>
     f90:	80 93 62 00 	sts	0x0062, r24	; 0x800062 <g_u16LastTemp>
    g_u8LastACState = Device_u8GetACStatus();
     f94:	0e 94 71 05 	call	0xae2	; 0xae2 <Device_u8GetACStatus>
     f98:	80 93 61 00 	sts	0x0061, r24	; 0x800061 <g_u8LastACState>

    /* Line 1: Temp:XXC  AC:ON */
    LCD_voidDisplayString((u8*)"Temp:");
     f9c:	81 ea       	ldi	r24, 0xA1	; 161
     f9e:	94 e0       	ldi	r25, 0x04	; 4
     fa0:	0e 94 e9 0a 	call	0x15d2	; 0x15d2 <LCD_voidDisplayString>
    LCD_voidDisplayNumber(g_u16LastTemp);
     fa4:	80 91 62 00 	lds	r24, 0x0062	; 0x800062 <g_u16LastTemp>
     fa8:	0e 94 fc 0a 	call	0x15f8	; 0x15f8 <LCD_voidDisplayNumber>
    LCD_voidDisplayString((u8*)"C  AC:");
     fac:	87 ea       	ldi	r24, 0xA7	; 167
     fae:	94 e0       	ldi	r25, 0x04	; 4
     fb0:	0e 94 e9 0a 	call	0x15d2	; 0x15d2 <LCD_voidDisplayString>
    if (g_u8LastACState == AC_ON)
     fb4:	80 91 61 00 	lds	r24, 0x0061	; 0x800061 <g_u8LastACState>
     fb8:	81 30       	cpi	r24, 0x01	; 1
     fba:	29 f4       	brne	.+10     	; 0xfc6 <UI_voidDisplayStatus+0x42>
        LCD_voidDisplayString((u8*)"ON ");
     fbc:	8e ea       	ldi	r24, 0xAE	; 174
     fbe:	94 e0       	ldi	r25, 0x04	; 4
     fc0:	0e 94 e9 0a 	call	0x15d2	; 0x15d2 <LCD_voidDisplayString>
     fc4:	04 c0       	rjmp	.+8      	; 0xfce <UI_voidDisplayStatus+0x4a>
    else
        LCD_voidDisplayString((u8*)"OFF");
     fc6:	87 ee       	ldi	r24, 0xE7	; 231
     fc8:	93 e0       	ldi	r25, 0x03	; 3
     fca:	0e 94 e9 0a 	call	0x15d2	; 0x15d2 <LCD_voidDisplayString>

    /* Line 2: navigation hint */
    LCD_voidGoToSpecificPosition(LCD_LINE_TWO, 0);
     fce:	60 e0       	ldi	r22, 0x00	; 0
     fd0:	82 e0       	ldi	r24, 0x02	; 2
     fd2:	0e 94 8d 0b 	call	0x171a	; 0x171a <LCD_voidGoToSpecificPosition>
    LCD_voidDisplayString((u8*)"          3-Back");
     fd6:	82 eb       	ldi	r24, 0xB2	; 178
     fd8:	94 e0       	ldi	r25, 0x04	; 4
     fda:	0e 94 e9 0a 	call	0x15d2	; 0x15d2 <LCD_voidDisplayString>
     fde:	08 95       	ret

00000fe0 <UI_voidRefreshStatus>:
}

void UI_voidRefreshStatus(void)
{
     fe0:	1f 93       	push	r17
     fe2:	cf 93       	push	r28
     fe4:	df 93       	push	r29
    u16 currentTemp  = Temp_u16GetCurrentTemp();
     fe6:	0e 94 81 07 	call	0xf02	; 0xf02 <Temp_u16GetCurrentTemp>
     fea:	ec 01       	movw	r28, r24
    u8  currentAC    = Device_u8GetACStatus();
     fec:	0e 94 71 05 	call	0xae2	; 0xae2 <Device_u8GetACStatus>
     ff0:	18 2f       	mov	r17, r24

    if (currentTemp != g_u16LastTemp || currentAC != g_u8LastACState)
     ff2:	80 91 62 00 	lds	r24, 0x0062	; 0x800062 <g_u16LastTemp>
     ff6:	90 91 63 00 	lds	r25, 0x0063	; 0x800063 <g_u16LastTemp+0x1>
     ffa:	c8 17       	cp	r28, r24
     ffc:	d9 07       	cpc	r29, r25
     ffe:	21 f4       	brne	.+8      	; 0x1008 <UI_voidRefreshStatus+0x28>
    1000:	80 91 61 00 	lds	r24, 0x0061	; 0x800061 <g_u8LastACState>
    1004:	18 17       	cp	r17, r24
    1006:	01 f1       	breq	.+64     	; 0x1048 <UI_voidRefreshStatus+0x68>
    {
        /* Update only changed digits in-place — no full clear */
        LCD_voidGoToSpecificPosition(LCD_LINE_ONE, 5);
    1008:	65 e0       	ldi	r22, 0x05	; 5
    100a:	81 e0       	ldi	r24, 0x01	; 1
    100c:	0e 94 8d 0b 	call	0x171a	; 0x171a <LCD_voidGoToSpecificPosition>
        LCD_voidDisplayNumber(currentTemp);
    1010:	8c 2f       	mov	r24, r28
    1012:	0e 94 fc 0a 	call	0x15f8	; 0x15f8 <LCD_voidDisplayNumber>
        LCD_voidDisplayString((u8*)"C ");   /* trailing space clears old digit */
    1016:	83 ec       	ldi	r24, 0xC3	; 195
    1018:	94 e0       	ldi	r25, 0x04	; 4
    101a:	0e 94 e9 0a 	call	0x15d2	; 0x15d2 <LCD_voidDisplayString>

        LCD_voidGoToSpecificPosition(LCD_LINE_ONE, 13);
    101e:	6d e0       	ldi	r22, 0x0D	; 13
    1020:	81 e0       	ldi	r24, 0x01	; 1
    1022:	0e 94 8d 0b 	call	0x171a	; 0x171a <LCD_voidGoToSpecificPosition>
        if (currentAC == AC_ON)
    1026:	11 30       	cpi	r17, 0x01	; 1
    1028:	29 f4       	brne	.+10     	; 0x1034 <UI_voidRefreshStatus+0x54>
            LCD_voidDisplayString((u8*)"ON ");
    102a:	8e ea       	ldi	r24, 0xAE	; 174
    102c:	94 e0       	ldi	r25, 0x04	; 4
    102e:	0e 94 e9 0a 	call	0x15d2	; 0x15d2 <LCD_voidDisplayString>
    1032:	04 c0       	rjmp	.+8      	; 0x103c <UI_voidRefreshStatus+0x5c>
        else
            LCD_voidDisplayString((u8*)"OFF");
    1034:	87 ee       	ldi	r24, 0xE7	; 231
    1036:	93 e0       	ldi	r25, 0x03	; 3
    1038:	0e 94 e9 0a 	call	0x15d2	; 0x15d2 <LCD_voidDisplayString>

        g_u16LastTemp   = currentTemp;
    103c:	d0 93 63 00 	sts	0x0063, r29	; 0x800063 <g_u16LastTemp+0x1>
    1040:	c0 93 62 00 	sts	0x0062, r28	; 0x800062 <g_u16LastTemp>
        g_u8LastACState = currentAC;
    1044:	10 93 61 00 	sts	0x0061, r17	; 0x800061 <g_u8LastACState>
    }
}
    1048:	df 91       	pop	r29
    104a:	cf 91       	pop	r28
    104c:	1f 91       	pop	r17
    104e:	08 95       	ret

00001050 <UI_voidDisplayOptions>:

void UI_voidDisplayOptions(u8 copy_u8OptionIdx)
{
    1050:	cf 93       	push	r28
    1052:	c8 2f       	mov	r28, r24
    LCD_voidClear();
    1054:	0e 94 83 0b 	call	0x1706	; 0x1706 <LCD_voidClear>

    /* Line 1: device name and action hint */
    LCD_voidDisplayString((u8*)g_cpOptions[copy_u8OptionIdx]);
    1058:	ec 2f       	mov	r30, r28
    105a:	f0 e0       	ldi	r31, 0x00	; 0
    105c:	ee 0f       	add	r30, r30
    105e:	ff 1f       	adc	r31, r31
    1060:	e9 5e       	subi	r30, 0xE9	; 233
    1062:	fa 4f       	sbci	r31, 0xFA	; 250
    1064:	80 81       	ld	r24, Z
    1066:	91 81       	ldd	r25, Z+1	; 0x01
    1068:	0e 94 e9 0a 	call	0x15d2	; 0x15d2 <LCD_voidDisplayString>
    if (copy_u8OptionIdx == (MAX_OPTIONS - 1u))   /* Dimmer */
    106c:	c5 30       	cpi	r28, 0x05	; 5
    106e:	29 f4       	brne	.+10     	; 0x107a <UI_voidDisplayOptions+0x2a>
        LCD_voidDisplayString((u8*)": 2-Set");
    1070:	86 ec       	ldi	r24, 0xC6	; 198
    1072:	94 e0       	ldi	r25, 0x04	; 4
    1074:	0e 94 e9 0a 	call	0x15d2	; 0x15d2 <LCD_voidDisplayString>
    1078:	04 c0       	rjmp	.+8      	; 0x1082 <UI_voidDisplayOptions+0x32>
    else
        LCD_voidDisplayString((u8*)": 2-On  3-Off");
    107a:	8e ec       	ldi	r24, 0xCE	; 206
    107c:	94 e0       	ldi	r25, 0x04	; 4
    107e:	0e 94 e9 0a 	call	0x15d2	; 0x15d2 <LCD_voidDisplayString>

    /* Line 2: back key + navigation arrows */
    LCD_voidGoToSpecificPosition(LCD_LINE_TWO, 0);
    1082:	60 e0       	ldi	r22, 0x00	; 0
    1084:	82 e0       	ldi	r24, 0x02	; 2
    1086:	0e 94 8d 0b 	call	0x171a	; 0x171a <LCD_voidGoToSpecificPosition>
    LCD_voidDisplayString((u8*)"1-Back  ");
    108a:	8c ed       	ldi	r24, 0xDC	; 220
    108c:	94 e0       	ldi	r25, 0x04	; 4
    108e:	0e 94 e9 0a 	call	0x15d2	; 0x15d2 <LCD_voidDisplayString>

    if (copy_u8OptionIdx > 0u)
    1092:	cc 23       	and	r28, r28
    1094:	39 f0       	breq	.+14     	; 0x10a4 <UI_voidDisplayOptions+0x54>
    {
        LCD_voidGoToSpecificPosition(LCD_LINE_TWO, 14);
    1096:	6e e0       	ldi	r22, 0x0E	; 14
    1098:	82 e0       	ldi	r24, 0x02	; 2
    109a:	0e 94 8d 0b 	call	0x171a	; 0x171a <LCD_voidGoToSpecificPosition>
        LCD_voidDisplayChar('<');
    109e:	8c e3       	ldi	r24, 0x3C	; 60
    10a0:	0e 94 a4 0a 	call	0x1548	; 0x1548 <LCD_voidDisplayChar>
    }
    if (copy_u8OptionIdx < (MAX_OPTIONS - 1u))
    10a4:	c5 30       	cpi	r28, 0x05	; 5
    10a6:	38 f4       	brcc	.+14     	; 0x10b6 <UI_voidDisplayOptions+0x66>
    {
        LCD_voidGoToSpecificPosition(LCD_LINE_TWO, 15);
    10a8:	6f e0       	ldi	r22, 0x0F	; 15
    10aa:	82 e0       	ldi	r24, 0x02	; 2
    10ac:	0e 94 8d 0b 	call	0x171a	; 0x171a <LCD_voidGoToSpecificPosition>
        LCD_voidDisplayChar('>');
    10b0:	8e e3       	ldi	r24, 0x3E	; 62
    10b2:	0e 94 a4 0a 	call	0x1548	; 0x1548 <LCD_voidDisplayChar>
    }
}
    10b6:	cf 91       	pop	r28
    10b8:	08 95       	ret

000010ba <UI_voidDisplayDimmerCtrl>:

void UI_voidDisplayDimmerCtrl(void)
{
    LCD_voidClear();
    10ba:	0e 94 83 0b 	call	0x1706	; 0x1706 <LCD_voidClear>
    LCD_voidDisplayString((u8*)"2:0 3:25 4:50");
    10be:	85 ee       	ldi	r24, 0xE5	; 229
    10c0:	94 e0       	ldi	r25, 0x04	; 4
    10c2:	0e 94 e9 0a 	call	0x15d2	; 0x15d2 <LCD_voidDisplayString>
    LCD_voidGoToSpecificPosition(LCD_LINE_TWO, 0);
    10c6:	60 e0       	ldi	r22, 0x00	; 0
    10c8:	82 e0       	ldi	r24, 0x02	; 2
    10ca:	0e 94 8d 0b 	call	0x171a	; 0x171a <LCD_voidGoToSpecificPosition>
    LCD_voidDisplayString((u8*)"5:75 6:100 1-Ret");
    10ce:	83 ef       	ldi	r24, 0xF3	; 243
    10d0:	94 e0       	ldi	r25, 0x04	; 4
    10d2:	0e 94 e9 0a 	call	0x15d2	; 0x15d2 <LCD_voidDisplayString>
    10d6:	08 95       	ret

000010d8 <UI_voidShowMessage>:
}

void UI_voidShowMessage(const u8* copy_pu8Msg, u16 copy_u16DelayMs)
{
    10d8:	0f 93       	push	r16
    10da:	1f 93       	push	r17
    10dc:	cf 93       	push	r28
    10de:	df 93       	push	r29
    10e0:	8c 01       	movw	r16, r24
    10e2:	eb 01       	movw	r28, r22
    LCD_voidClear();
    10e4:	0e 94 83 0b 	call	0x1706	; 0x1706 <LCD_voidClear>
    LCD_voidDisplayString((u8*)copy_pu8Msg);
    10e8:	c8 01       	movw	r24, r16
    10ea:	0e 94 e9 0a 	call	0x15d2	; 0x15d2 <LCD_voidDisplayString>
    /* Simple delay loop — avoids exposing _delay_ms to callers */
    for (u16 i = 0u; i < copy_u16DelayMs; i++)
    10ee:	80 e0       	ldi	r24, 0x00	; 0
    10f0:	90 e0       	ldi	r25, 0x00	; 0
    10f2:	07 c0       	rjmp	.+14     	; 0x1102 <UI_voidShowMessage+0x2a>
    10f4:	ef e9       	ldi	r30, 0x9F	; 159
    10f6:	ff e0       	ldi	r31, 0x0F	; 15
    10f8:	31 97       	sbiw	r30, 0x01	; 1
    10fa:	f1 f7       	brne	.-4      	; 0x10f8 <UI_voidShowMessage+0x20>
    10fc:	00 c0       	rjmp	.+0      	; 0x10fe <UI_voidShowMessage+0x26>
    10fe:	00 00       	nop
    1100:	01 96       	adiw	r24, 0x01	; 1
    1102:	8c 17       	cp	r24, r28
    1104:	9d 07       	cpc	r25, r29
    1106:	b0 f3       	brcs	.-20     	; 0x10f4 <UI_voidShowMessage+0x1c>
        _delay_ms(1);
}
    1108:	df 91       	pop	r29
    110a:	cf 91       	pop	r28
    110c:	1f 91       	pop	r17
    110e:	0f 91       	pop	r16
    1110:	08 95       	ret

00001112 <DCM_voidInit>:

#include "TMR0PWM_interface.h"

void DCM_voidInit(u8 copy_u8ChannelID)
{
	 switch(copy_u8ChannelID)
    1112:	88 23       	and	r24, r24
    1114:	19 f0       	breq	.+6      	; 0x111c <DCM_voidInit+0xa>
    1116:	81 30       	cpi	r24, 0x01	; 1
    1118:	89 f0       	breq	.+34     	; 0x113c <DCM_voidInit+0x2a>
    111a:	08 95       	ret
	 {
		 case DCM_CHANNEL_A:
			DIO_voidSetPinDirection(DCM_IN1_PORT, DCM_IN1_PIN, DIO_PIN_OUTPUT);
    111c:	41 e0       	ldi	r20, 0x01	; 1
    111e:	63 e0       	ldi	r22, 0x03	; 3
    1120:	82 e0       	ldi	r24, 0x02	; 2
    1122:	0e 94 29 0c 	call	0x1852	; 0x1852 <DIO_voidSetPinDirection>
			DIO_voidSetPinDirection(DCM_IN2_PORT, DCM_IN2_PIN, DIO_PIN_OUTPUT);
    1126:	41 e0       	ldi	r20, 0x01	; 1
    1128:	64 e0       	ldi	r22, 0x04	; 4
    112a:	82 e0       	ldi	r24, 0x02	; 2
    112c:	0e 94 29 0c 	call	0x1852	; 0x1852 <DIO_voidSetPinDirection>
			DIO_voidSetPinDirection(DCM_ENA_PORT, DCM_ENA_PIN, DIO_PIN_OUTPUT);
    1130:	41 e0       	ldi	r20, 0x01	; 1
    1132:	65 e0       	ldi	r22, 0x05	; 5
    1134:	82 e0       	ldi	r24, 0x02	; 2
    1136:	0e 94 29 0c 	call	0x1852	; 0x1852 <DIO_voidSetPinDirection>
		 break;
    113a:	08 95       	ret
		 case DCM_CHANNEL_B:
			DIO_voidSetPinDirection(DCM_IN3_PORT, DCM_IN3_PIN, DIO_PIN_OUTPUT);
    113c:	41 e0       	ldi	r20, 0x01	; 1
    113e:	65 e0       	ldi	r22, 0x05	; 5
    1140:	82 e0       	ldi	r24, 0x02	; 2
    1142:	0e 94 29 0c 	call	0x1852	; 0x1852 <DIO_voidSetPinDirection>
			DIO_voidSetPinDirection(DCM_IN4_PORT, DCM_IN4_PIN, DIO_PIN_OUTPUT);
    1146:	41 e0       	ldi	r20, 0x01	; 1
    1148:	66 e0       	ldi	r22, 0x06	; 6
    114a:	82 e0       	ldi	r24, 0x02	; 2
    114c:	0e 94 29 0c 	call	0x1852	; 0x1852 <DIO_voidSetPinDirection>
			DIO_voidSetPinDirection(DCM_ENB_PORT, DCM_ENB_PIN, DIO_PIN_OUTPUT);
    1150:	41 e0       	ldi	r20, 0x01	; 1
    1152:	64 e0       	ldi	r22, 0x04	; 4
    1154:	83 e0       	ldi	r24, 0x03	; 3
    1156:	0e 94 29 0c 	call	0x1852	; 0x1852 <DIO_voidSetPinDirection>
    115a:	08 95       	ret

0000115c <DCM_voidOn>:
		 break;
	 }
}
void DCM_voidOn(u8 copy_u8Direction, u8 copy_u8ChannelID)
{
	 switch(copy_u8ChannelID)
    115c:	66 23       	and	r22, r22
    115e:	19 f0       	breq	.+6      	; 0x1166 <DCM_voidOn+0xa>
    1160:	61 30       	cpi	r22, 0x01	; 1
    1162:	01 f1       	breq	.+64     	; 0x11a4 <DCM_voidOn+0x48>
    1164:	08 95       	ret
	 {
		case DCM_CHANNEL_A: 
			if (copy_u8Direction == DCM_CW)
    1166:	81 11       	cpse	r24, r1
    1168:	0b c0       	rjmp	.+22     	; 0x1180 <DCM_voidOn+0x24>
			{
				DIO_voidSetPinValue(DCM_IN1_PORT, DCM_IN1_PIN, DIO_PIN_HIGH);
    116a:	41 e0       	ldi	r20, 0x01	; 1
    116c:	63 e0       	ldi	r22, 0x03	; 3
    116e:	82 e0       	ldi	r24, 0x02	; 2
    1170:	0e 94 9a 0c 	call	0x1934	; 0x1934 <DIO_voidSetPinValue>
				DIO_voidSetPinValue(DCM_IN2_PORT, DCM_IN2_PIN, DIO_PIN_LOW);
    1174:	40 e0       	ldi	r20, 0x00	; 0
    1176:	64 e0       	ldi	r22, 0x04	; 4
    1178:	82 e0       	ldi	r24, 0x02	; 2
    117a:	0e 94 9a 0c 	call	0x1934	; 0x1934 <DIO_voidSetPinValue>
    117e:	0c c0       	rjmp	.+24     	; 0x1198 <DCM_voidOn+0x3c>
			}
			else if (copy_u8Direction == DCM_CCW)
    1180:	81 30       	cpi	r24, 0x01	; 1
    1182:	51 f4       	brne	.+20     	; 0x1198 <DCM_voidOn+0x3c>
			{
				DIO_voidSetPinValue(DCM_IN1_PORT, DCM_IN1_PIN, DIO_PIN_LOW);
    1184:	40 e0       	ldi	r20, 0x00	; 0
    1186:	63 e0       	ldi	r22, 0x03	; 3
    1188:	82 e0       	ldi	r24, 0x02	; 2
    118a:	0e 94 9a 0c 	call	0x1934	; 0x1934 <DIO_voidSetPinValue>
				DIO_voidSetPinValue(DCM_IN2_PORT, DCM_IN2_PIN, DIO_PIN_HIGH);
    118e:	41 e0       	ldi	r20, 0x01	; 1
    1190:	64 e0       	ldi	r22, 0x04	; 4
    1192:	82 e0       	ldi	r24, 0x02	; 2
    1194:	0e 94 9a 0c 	call	0x1934	; 0x1934 <DIO_voidSetPinValue>
			}
			DIO_voidSetPinValue(DCM_ENA_PORT, DCM_ENA_PIN, DIO_PIN_HIGH);
    1198:	41 e0       	ldi	r20, 0x01	; 1
    119a:	65 e0       	ldi	r22, 0x05	; 5
    119c:	82 e0       	ldi	r24, 0x02	; 2
    119e:	0e 94 9a 0c 	call	0x1934	; 0x1934 <DIO_voidSetPinValue>
			break;
    11a2:	08 95       	ret
			
		case DCM_CHANNEL_B:
			if (copy_u8Direction == DCM_CW)
    11a4:	81 11       	cpse	r24, r1
    11a6:	0b c0       	rjmp	.+22     	; 0x11be <DCM_voidOn+0x62>
			{
				DIO_voidSetPinValue(DCM_IN3_PORT, DCM_IN3_PIN, DIO_PIN_HIGH);
    11a8:	41 e0       	ldi	r20, 0x01	; 1
    11aa:	65 e0       	ldi	r22, 0x05	; 5
    11ac:	82 e0       	ldi	r24, 0x02	; 2
    11ae:	0e 94 9a 0c 	call	0x1934	; 0x1934 <DIO_voidSetPinValue>
				DIO_voidSetPinValue(DCM_IN4_PORT, DCM_IN4_PIN, DIO_PIN_LOW);
    11b2:	40 e0       	ldi	r20, 0x00	; 0
    11b4:	66 e0       	ldi	r22, 0x06	; 6
    11b6:	82 e0       	ldi	r24, 0x02	; 2
    11b8:	0e 94 9a 0c 	call	0x1934	; 0x1934 <DIO_voidSetPinValue>
    11bc:	0c c0       	rjmp	.+24     	; 0x11d6 <DCM_voidOn+0x7a>
			}
			else if (copy_u8Direction == DCM_CCW)
    11be:	81 30       	cpi	r24, 0x01	; 1
    11c0:	51 f4       	brne	.+20     	; 0x11d6 <DCM_voidOn+0x7a>
			{
				DIO_voidSetPinValue(DCM_IN3_PORT, DCM_IN3_PIN, DIO_PIN_LOW);
    11c2:	40 e0       	ldi	r20, 0x00	; 0
    11c4:	65 e0       	ldi	r22, 0x05	; 5
    11c6:	82 e0       	ldi	r24, 0x02	; 2
    11c8:	0e 94 9a 0c 	call	0x1934	; 0x1934 <DIO_voidSetPinValue>
				DIO_voidSetPinValue(DCM_IN4_PORT, DCM_IN4_PIN, DIO_PIN_HIGH);
    11cc:	41 e0       	ldi	r20, 0x01	; 1
    11ce:	66 e0       	ldi	r22, 0x06	; 6
    11d0:	82 e0       	ldi	r24, 0x02	; 2
    11d2:	0e 94 9a 0c 	call	0x1934	; 0x1934 <DIO_voidSetPinValue>
			}
			DIO_voidSetPinValue(DCM_ENB_PORT, DCM_ENB_PIN, DIO_PIN_HIGH);
    11d6:	41 e0       	ldi	r20, 0x01	; 1
    11d8:	64 e0       	ldi	r22, 0x04	; 4
    11da:	83 e0       	ldi	r24, 0x03	; 3
    11dc:	0e 94 9a 0c 	call	0x1934	; 0x1934 <DIO_voidSetPinValue>
    11e0:	08 95       	ret

000011e2 <DCM_voidOff>:
			break;			
	 }
}
void DCM_voidOff(u8 copy_u8ChannelID)
{
	 switch(copy_u8ChannelID)
    11e2:	88 23       	and	r24, r24
    11e4:	19 f0       	breq	.+6      	; 0x11ec <DCM_voidOff+0xa>
    11e6:	81 30       	cpi	r24, 0x01	; 1
    11e8:	89 f0       	breq	.+34     	; 0x120c <DCM_voidOff+0x2a>
    11ea:	08 95       	ret
	 {
		 case DCM_CHANNEL_A:
			 // Clear direction pins first
			 DIO_voidSetPinValue(DCM_IN1_PORT, DCM_IN1_PIN, DIO_PIN_LOW);
    11ec:	40 e0       	ldi	r20, 0x00	; 0
    11ee:	63 e0       	ldi	r22, 0x03	; 3
    11f0:	82 e0       	ldi	r24, 0x02	; 2
    11f2:	0e 94 9a 0c 	call	0x1934	; 0x1934 <DIO_voidSetPinValue>
			 DIO_voidSetPinValue(DCM_IN2_PORT, DCM_IN2_PIN, DIO_PIN_LOW);
    11f6:	40 e0       	ldi	r20, 0x00	; 0
    11f8:	64 e0       	ldi	r22, 0x04	; 4
    11fa:	82 e0       	ldi	r24, 0x02	; 2
    11fc:	0e 94 9a 0c 	call	0x1934	; 0x1934 <DIO_voidSetPinValue>
			 // Then disable the motor
			 DIO_voidSetPinValue(DCM_ENA_PORT, DCM_ENA_PIN, DIO_PIN_LOW);
    1200:	40 e0       	ldi	r20, 0x00	; 0
    1202:	65 e0       	ldi	r22, 0x05	; 5
    1204:	82 e0       	ldi	r24, 0x02	; 2
    1206:	0e 94 9a 0c 	call	0x1934	; 0x1934 <DIO_voidSetPinValue>
			break;
    120a:	08 95       	ret
		 
		 case DCM_CHANNEL_B:
			 // Clear direction pins first
			 DIO_voidSetPinValue(DCM_IN3_PORT, DCM_IN3_PIN, DIO_PIN_LOW);
    120c:	40 e0       	ldi	r20, 0x00	; 0
    120e:	65 e0       	ldi	r22, 0x05	; 5
    1210:	82 e0       	ldi	r24, 0x02	; 2
    1212:	0e 94 9a 0c 	call	0x1934	; 0x1934 <DIO_voidSetPinValue>
			 DIO_voidSetPinValue(DCM_IN4_PORT, DCM_IN4_PIN, DIO_PIN_LOW);
    1216:	40 e0       	ldi	r20, 0x00	; 0
    1218:	66 e0       	ldi	r22, 0x06	; 6
    121a:	82 e0       	ldi	r24, 0x02	; 2
    121c:	0e 94 9a 0c 	call	0x1934	; 0x1934 <DIO_voidSetPinValue>
			 // Then disable the motor
			 DIO_voidSetPinValue(DCM_ENB_PORT, DCM_ENB_PIN, DIO_PIN_LOW);
    1220:	40 e0       	ldi	r20, 0x00	; 0
    1222:	64 e0       	ldi	r22, 0x04	; 4
    1224:	83 e0       	ldi	r24, 0x03	; 3
    1226:	0e 94 9a 0c 	call	0x1934	; 0x1934 <DIO_voidSetPinValue>
    122a:	08 95       	ret

0000122c <KPD_voidInit>:
u8 local_au8KeypadValues[NUMBER_OF_ROWS][NUMBER_OF_COLUMNS] = KPD_KEYS;

void KPD_voidInit(void)
{
	// set columns pins
	DIO_voidSetPinDirection(KPD_COLUMN_ZERO_PORT, DIO_PIN2, DIO_PIN_OUTPUT);
    122c:	41 e0       	ldi	r20, 0x01	; 1
    122e:	62 e0       	ldi	r22, 0x02	; 2
    1230:	83 e0       	ldi	r24, 0x03	; 3
    1232:	0e 94 29 0c 	call	0x1852	; 0x1852 <DIO_voidSetPinDirection>
	DIO_voidSetPinDirection(KPD_COLUMN_ONE_PORT, DIO_PIN3, DIO_PIN_OUTPUT);
    1236:	41 e0       	ldi	r20, 0x01	; 1
    1238:	63 e0       	ldi	r22, 0x03	; 3
    123a:	83 e0       	ldi	r24, 0x03	; 3
    123c:	0e 94 29 0c 	call	0x1852	; 0x1852 <DIO_voidSetPinDirection>
	DIO_voidSetPinDirection(KPD_COLUMN_TWO_PORT, DIO_PIN7, DIO_PIN_OUTPUT);
    1240:	41 e0       	ldi	r20, 0x01	; 1
    1242:	67 e0       	ldi	r22, 0x07	; 7
    1244:	83 e0       	ldi	r24, 0x03	; 3
    1246:	0e 94 29 0c 	call	0x1852	; 0x1852 <DIO_voidSetPinDirection>

	// set rows pins
	DIO_voidSetPinDirection(KPD_ROW_ZERO_PORT, DIO_PIN1, DIO_PIN_INPUT);
    124a:	40 e0       	ldi	r20, 0x00	; 0
    124c:	61 e0       	ldi	r22, 0x01	; 1
    124e:	80 e0       	ldi	r24, 0x00	; 0
    1250:	0e 94 29 0c 	call	0x1852	; 0x1852 <DIO_voidSetPinDirection>
	DIO_voidSetPinDirection(KPD_ROW_ONE_PORT, DIO_PIN2, DIO_PIN_INPUT);
    1254:	40 e0       	ldi	r20, 0x00	; 0
    1256:	62 e0       	ldi	r22, 0x02	; 2
    1258:	80 e0       	ldi	r24, 0x00	; 0
    125a:	0e 94 29 0c 	call	0x1852	; 0x1852 <DIO_voidSetPinDirection>
	DIO_voidSetPinDirection(KPD_ROW_TWO_PORT, DIO_PIN3, DIO_PIN_INPUT);
    125e:	40 e0       	ldi	r20, 0x00	; 0
    1260:	63 e0       	ldi	r22, 0x03	; 3
    1262:	80 e0       	ldi	r24, 0x00	; 0
    1264:	0e 94 29 0c 	call	0x1852	; 0x1852 <DIO_voidSetPinDirection>
	// active rows internal pull up resistance
	DIO_voidSetPinValue(KPD_ROW_ZERO_PORT, DIO_PIN1, DIO_PIN_HIGH);
    1268:	41 e0       	ldi	r20, 0x01	; 1
    126a:	61 e0       	ldi	r22, 0x01	; 1
    126c:	80 e0       	ldi	r24, 0x00	; 0
    126e:	0e 94 9a 0c 	call	0x1934	; 0x1934 <DIO_voidSetPinValue>
	DIO_voidSetPinValue(KPD_ROW_ONE_PORT, DIO_PIN2, DIO_PIN_HIGH);
    1272:	41 e0       	ldi	r20, 0x01	; 1
    1274:	62 e0       	ldi	r22, 0x02	; 2
    1276:	80 e0       	ldi	r24, 0x00	; 0
    1278:	0e 94 9a 0c 	call	0x1934	; 0x1934 <DIO_voidSetPinValue>
	DIO_voidSetPinValue(KPD_ROW_TWO_PORT, DIO_PIN3, DIO_PIN_HIGH);
    127c:	41 e0       	ldi	r20, 0x01	; 1
    127e:	63 e0       	ldi	r22, 0x03	; 3
    1280:	80 e0       	ldi	r24, 0x00	; 0
    1282:	0e 94 9a 0c 	call	0x1934	; 0x1934 <DIO_voidSetPinValue>
    1286:	08 95       	ret

00001288 <KPD_voidGetValue>:
}

void KPD_voidGetValue(u8 *pu8PressedValue)
{
    1288:	ef 92       	push	r14
    128a:	ff 92       	push	r15
    128c:	0f 93       	push	r16
    128e:	1f 93       	push	r17
    1290:	cf 93       	push	r28
    1292:	df 93       	push	r29
    1294:	1f 92       	push	r1
    1296:	cd b7       	in	r28, 0x3d	; 61
    1298:	de b7       	in	r29, 0x3e	; 62
	if (pu8PressedValue != NULL)
    129a:	00 97       	sbiw	r24, 0x00	; 0
    129c:	09 f4       	brne	.+2      	; 0x12a0 <KPD_voidGetValue+0x18>
    129e:	90 c0       	rjmp	.+288    	; 0x13c0 <KPD_voidGetValue+0x138>
    12a0:	7c 01       	movw	r14, r24
	{
		*pu8PressedValue = KPD_NOT_PRESSED;
    12a2:	8f ef       	ldi	r24, 0xFF	; 255
    12a4:	f7 01       	movw	r30, r14
    12a6:	80 83       	st	Z, r24
		u8 local_u8ColumnsCounter;
		for (local_u8ColumnsCounter = 0; local_u8ColumnsCounter < NUMBER_OF_COLUMNS; local_u8ColumnsCounter++)
    12a8:	10 e0       	ldi	r17, 0x00	; 0
    12aa:	87 c0       	rjmp	.+270    	; 0x13ba <KPD_voidGetValue+0x132>
		{
			DIO_voidSetPinValue(KPD_COLUMN_ZERO_PORT, KPD_COLUMN_ZERO_PIN, DIO_PIN_HIGH);
    12ac:	41 e0       	ldi	r20, 0x01	; 1
    12ae:	62 e0       	ldi	r22, 0x02	; 2
    12b0:	83 e0       	ldi	r24, 0x03	; 3
    12b2:	0e 94 9a 0c 	call	0x1934	; 0x1934 <DIO_voidSetPinValue>
			DIO_voidSetPinValue(KPD_COLUMN_ONE_PORT, KPD_COLUMN_ONE_PIN, DIO_PIN_HIGH);
    12b6:	41 e0       	ldi	r20, 0x01	; 1
    12b8:	63 e0       	ldi	r22, 0x03	; 3
    12ba:	83 e0       	ldi	r24, 0x03	; 3
    12bc:	0e 94 9a 0c 	call	0x1934	; 0x1934 <DIO_voidSetPinValue>
			DIO_voidSetPinValue(KPD_COLUMN_TWO_PORT, KPD_COLUMN_TWO_PIN, DIO_PIN_HIGH);
    12c0:	41 e0       	ldi	r20, 0x01	; 1
    12c2:	67 e0       	ldi	r22, 0x07	; 7
    12c4:	83 e0       	ldi	r24, 0x03	; 3
    12c6:	0e 94 9a 0c 	call	0x1934	; 0x1934 <DIO_voidSetPinValue>

			switch (local_u8ColumnsCounter)
    12ca:	11 30       	cpi	r17, 0x01	; 1
    12cc:	51 f0       	breq	.+20     	; 0x12e2 <KPD_voidGetValue+0x5a>
    12ce:	18 f0       	brcs	.+6      	; 0x12d6 <KPD_voidGetValue+0x4e>
    12d0:	12 30       	cpi	r17, 0x02	; 2
    12d2:	71 f0       	breq	.+28     	; 0x12f0 <KPD_voidGetValue+0x68>
    12d4:	0b c0       	rjmp	.+22     	; 0x12ec <KPD_voidGetValue+0x64>
			{
			case 0:
				DIO_voidSetPinValue(KPD_COLUMN_ZERO_PORT, KPD_COLUMN_ZERO_PIN, DIO_PIN_LOW);
    12d6:	40 e0       	ldi	r20, 0x00	; 0
    12d8:	62 e0       	ldi	r22, 0x02	; 2
    12da:	83 e0       	ldi	r24, 0x03	; 3
    12dc:	0e 94 9a 0c 	call	0x1934	; 0x1934 <DIO_voidSetPinValue>
				break;
    12e0:	05 c0       	rjmp	.+10     	; 0x12ec <KPD_voidGetValue+0x64>
			case 1:
				DIO_voidSetPinValue(KPD_COLUMN_ONE_PORT, KPD_COLUMN_ONE_PIN, DIO_PIN_LOW);
    12e2:	40 e0       	ldi	r20, 0x00	; 0
    12e4:	63 e0       	ldi	r22, 0x03	; 3
    12e6:	83 e0       	ldi	r24, 0x03	; 3
    12e8:	0e 94 9a 0c 	call	0x1934	; 0x1934 <DIO_voidSetPinValue>
	DIO_voidSetPinValue(KPD_ROW_ONE_PORT, DIO_PIN2, DIO_PIN_HIGH);
	DIO_voidSetPinValue(KPD_ROW_TWO_PORT, DIO_PIN3, DIO_PIN_HIGH);
}

void KPD_voidGetValue(u8 *pu8PressedValue)
{
    12ec:	00 e0       	ldi	r16, 0x00	; 0
    12ee:	61 c0       	rjmp	.+194    	; 0x13b2 <KPD_voidGetValue+0x12a>
				break;
			case 1:
				DIO_voidSetPinValue(KPD_COLUMN_ONE_PORT, KPD_COLUMN_ONE_PIN, DIO_PIN_LOW);
				break;
			case 2:
				DIO_voidSetPinValue(KPD_COLUMN_TWO_PORT, KPD_COLUMN_TWO_PIN, DIO_PIN_LOW);
    12f0:	40 e0       	ldi	r20, 0x00	; 0
    12f2:	67 e0       	ldi	r22, 0x07	; 7
    12f4:	83 e0       	ldi	r24, 0x03	; 3
    12f6:	0e 94 9a 0c 	call	0x1934	; 0x1934 <DIO_voidSetPinValue>
				break;
    12fa:	f8 cf       	rjmp	.-16     	; 0x12ec <KPD_voidGetValue+0x64>
			}

			u8 local_u8RowsCounter;
			for (local_u8RowsCounter = 0; local_u8RowsCounter < NUMBER_OF_ROWS; local_u8RowsCounter++)
			{
				u8 local_u8RowPinValue = 1;
    12fc:	81 e0       	ldi	r24, 0x01	; 1
    12fe:	89 83       	std	Y+1, r24	; 0x01
				switch (local_u8RowsCounter)
    1300:	01 30       	cpi	r16, 0x01	; 1
    1302:	61 f0       	breq	.+24     	; 0x131c <KPD_voidGetValue+0x94>
    1304:	18 f0       	brcs	.+6      	; 0x130c <KPD_voidGetValue+0x84>
    1306:	02 30       	cpi	r16, 0x02	; 2
    1308:	89 f0       	breq	.+34     	; 0x132c <KPD_voidGetValue+0xa4>
    130a:	17 c0       	rjmp	.+46     	; 0x133a <KPD_voidGetValue+0xb2>
				{
				case 0:
					DIO_voidGetPinValue(KPD_ROW_ZERO_PORT, KPD_ROW_ZERO_PIN, &local_u8RowPinValue);
    130c:	ae 01       	movw	r20, r28
    130e:	4f 5f       	subi	r20, 0xFF	; 255
    1310:	5f 4f       	sbci	r21, 0xFF	; 255
    1312:	61 e0       	ldi	r22, 0x01	; 1
    1314:	80 e0       	ldi	r24, 0x00	; 0
    1316:	0e 94 0b 0d 	call	0x1a16	; 0x1a16 <DIO_voidGetPinValue>
					break;
    131a:	0f c0       	rjmp	.+30     	; 0x133a <KPD_voidGetValue+0xb2>
				case 1:
					DIO_voidGetPinValue(KPD_ROW_ONE_PORT, KPD_ROW_ONE_PIN, &local_u8RowPinValue);
    131c:	ae 01       	movw	r20, r28
    131e:	4f 5f       	subi	r20, 0xFF	; 255
    1320:	5f 4f       	sbci	r21, 0xFF	; 255
    1322:	62 e0       	ldi	r22, 0x02	; 2
    1324:	80 e0       	ldi	r24, 0x00	; 0
    1326:	0e 94 0b 0d 	call	0x1a16	; 0x1a16 <DIO_voidGetPinValue>
					break;
    132a:	07 c0       	rjmp	.+14     	; 0x133a <KPD_voidGetValue+0xb2>
				case 2:
					DIO_voidGetPinValue(KPD_ROW_TWO_PORT, KPD_ROW_TWO_PIN, &local_u8RowPinValue);
    132c:	ae 01       	movw	r20, r28
    132e:	4f 5f       	subi	r20, 0xFF	; 255
    1330:	5f 4f       	sbci	r21, 0xFF	; 255
    1332:	63 e0       	ldi	r22, 0x03	; 3
    1334:	80 e0       	ldi	r24, 0x00	; 0
    1336:	0e 94 0b 0d 	call	0x1a16	; 0x1a16 <DIO_voidGetPinValue>
					break;
				}

				if (local_u8RowPinValue == 0)
    133a:	89 81       	ldd	r24, Y+1	; 0x01
    133c:	81 11       	cpse	r24, r1
    133e:	38 c0       	rjmp	.+112    	; 0x13b0 <KPD_voidGetValue+0x128>
    1340:	ff ef       	ldi	r31, 0xFF	; 255
    1342:	26 e7       	ldi	r18, 0x76	; 118
    1344:	81 e0       	ldi	r24, 0x01	; 1
    1346:	f1 50       	subi	r31, 0x01	; 1
    1348:	20 40       	sbci	r18, 0x00	; 0
    134a:	80 40       	sbci	r24, 0x00	; 0
    134c:	e1 f7       	brne	.-8      	; 0x1346 <KPD_voidGetValue+0xbe>
    134e:	00 c0       	rjmp	.+0      	; 0x1350 <KPD_voidGetValue+0xc8>
    1350:	00 00       	nop
				{
					_delay_ms(30); // Debounce
					switch (local_u8RowsCounter)
    1352:	01 30       	cpi	r16, 0x01	; 1
    1354:	61 f0       	breq	.+24     	; 0x136e <KPD_voidGetValue+0xe6>
    1356:	18 f0       	brcs	.+6      	; 0x135e <KPD_voidGetValue+0xd6>
    1358:	02 30       	cpi	r16, 0x02	; 2
    135a:	89 f0       	breq	.+34     	; 0x137e <KPD_voidGetValue+0xf6>
    135c:	17 c0       	rjmp	.+46     	; 0x138c <KPD_voidGetValue+0x104>
					{
						case 0: DIO_voidGetPinValue(KPD_ROW_ZERO_PORT, KPD_ROW_ZERO_PIN, &local_u8RowPinValue); break;
    135e:	ae 01       	movw	r20, r28
    1360:	4f 5f       	subi	r20, 0xFF	; 255
    1362:	5f 4f       	sbci	r21, 0xFF	; 255
    1364:	61 e0       	ldi	r22, 0x01	; 1
    1366:	80 e0       	ldi	r24, 0x00	; 0
    1368:	0e 94 0b 0d 	call	0x1a16	; 0x1a16 <DIO_voidGetPinValue>
    136c:	0f c0       	rjmp	.+30     	; 0x138c <KPD_voidGetValue+0x104>
						case 1: DIO_voidGetPinValue(KPD_ROW_ONE_PORT, KPD_ROW_ONE_PIN, &local_u8RowPinValue); break;
    136e:	ae 01       	movw	r20, r28
    1370:	4f 5f       	subi	r20, 0xFF	; 255
    1372:	5f 4f       	sbci	r21, 0xFF	; 255
    1374:	62 e0       	ldi	r22, 0x02	; 2
    1376:	80 e0       	ldi	r24, 0x00	; 0
    1378:	0e 94 0b 0d 	call	0x1a16	; 0x1a16 <DIO_voidGetPinValue>
    137c:	07 c0       	rjmp	.+14     	; 0x138c <KPD_voidGetValue+0x104>
						case 2: DIO_voidGetPinValue(KPD_ROW_TWO_PORT, KPD_ROW_TWO_PIN, &local_u8RowPinValue); break;
    137e:	ae 01       	movw	r20, r28
    1380:	4f 5f       	subi	r20, 0xFF	; 255
    1382:	5f 4f       	sbci	r21, 0xFF	; 255
    1384:	63 e0       	ldi	r22, 0x03	; 3
    1386:	80 e0       	ldi	r24, 0x00	; 0
    1388:	0e 94 0b 0d 	call	0x1a16	; 0x1a16 <DIO_voidGetPinValue>
					}
					
					if(local_u8RowPinValue == 0)
    138c:	89 81       	ldd	r24, Y+1	; 0x01
    138e:	81 11       	cpse	r24, r1
    1390:	0f c0       	rjmp	.+30     	; 0x13b0 <KPD_voidGetValue+0x128>
					{
						*pu8PressedValue = local_au8KeypadValues[local_u8RowsCounter][local_u8ColumnsCounter];
    1392:	20 2f       	mov	r18, r16
    1394:	30 e0       	ldi	r19, 0x00	; 0
    1396:	f9 01       	movw	r30, r18
    1398:	ee 0f       	add	r30, r30
    139a:	ff 1f       	adc	r31, r31
    139c:	e2 0f       	add	r30, r18
    139e:	f3 1f       	adc	r31, r19
    13a0:	ec 59       	subi	r30, 0x9C	; 156
    13a2:	ff 4f       	sbci	r31, 0xFF	; 255
    13a4:	e1 0f       	add	r30, r17
    13a6:	f1 1d       	adc	r31, r1
    13a8:	80 81       	ld	r24, Z
    13aa:	f7 01       	movw	r30, r14
    13ac:	80 83       	st	Z, r24
    13ae:	08 c0       	rjmp	.+16     	; 0x13c0 <KPD_voidGetValue+0x138>
				DIO_voidSetPinValue(KPD_COLUMN_TWO_PORT, KPD_COLUMN_TWO_PIN, DIO_PIN_LOW);
				break;
			}

			u8 local_u8RowsCounter;
			for (local_u8RowsCounter = 0; local_u8RowsCounter < NUMBER_OF_ROWS; local_u8RowsCounter++)
    13b0:	0f 5f       	subi	r16, 0xFF	; 255
    13b2:	03 30       	cpi	r16, 0x03	; 3
    13b4:	08 f4       	brcc	.+2      	; 0x13b8 <KPD_voidGetValue+0x130>
    13b6:	a2 cf       	rjmp	.-188    	; 0x12fc <KPD_voidGetValue+0x74>
{
	if (pu8PressedValue != NULL)
	{
		*pu8PressedValue = KPD_NOT_PRESSED;
		u8 local_u8ColumnsCounter;
		for (local_u8ColumnsCounter = 0; local_u8ColumnsCounter < NUMBER_OF_COLUMNS; local_u8ColumnsCounter++)
    13b8:	1f 5f       	subi	r17, 0xFF	; 255
    13ba:	13 30       	cpi	r17, 0x03	; 3
    13bc:	08 f4       	brcc	.+2      	; 0x13c0 <KPD_voidGetValue+0x138>
    13be:	76 cf       	rjmp	.-276    	; 0x12ac <KPD_voidGetValue+0x24>
	}
	else
	{
		// return error state
	}
}
    13c0:	0f 90       	pop	r0
    13c2:	df 91       	pop	r29
    13c4:	cf 91       	pop	r28
    13c6:	1f 91       	pop	r17
    13c8:	0f 91       	pop	r16
    13ca:	ff 90       	pop	r15
    13cc:	ef 90       	pop	r14
    13ce:	08 95       	ret

000013d0 <PRV_voidEnableTriggerWrite>:
	#else
		//round up by default
		__ticks_dc = (uint32_t)(ceil(fabs(__tmp)));
	#endif

	__builtin_avr_delay_cycles(__ticks_dc);
    13d0:	41 e0       	ldi	r20, 0x01	; 1
    13d2:	62 e0       	ldi	r22, 0x02	; 2
    13d4:	81 e0       	ldi	r24, 0x01	; 1
    13d6:	0e 94 9a 0c 	call	0x1934	; 0x1934 <DIO_voidSetPinValue>
    13da:	8f e9       	ldi	r24, 0x9F	; 159
    13dc:	9f e0       	ldi	r25, 0x0F	; 15
    13de:	01 97       	sbiw	r24, 0x01	; 1
    13e0:	f1 f7       	brne	.-4      	; 0x13de <PRV_voidEnableTriggerWrite+0xe>
    13e2:	00 c0       	rjmp	.+0      	; 0x13e4 <PRV_voidEnableTriggerWrite+0x14>
    13e4:	00 00       	nop
    13e6:	40 e0       	ldi	r20, 0x00	; 0
    13e8:	62 e0       	ldi	r22, 0x02	; 2
    13ea:	81 e0       	ldi	r24, 0x01	; 1
    13ec:	0e 94 9a 0c 	call	0x1934	; 0x1934 <DIO_voidSetPinValue>
    13f0:	08 95       	ret

000013f2 <LCD_voidSendCommand>:
    13f2:	cf 93       	push	r28
    13f4:	c8 2f       	mov	r28, r24
    13f6:	40 e0       	ldi	r20, 0x00	; 0
    13f8:	61 e0       	ldi	r22, 0x01	; 1
    13fa:	81 e0       	ldi	r24, 0x01	; 1
    13fc:	0e 94 9a 0c 	call	0x1934	; 0x1934 <DIO_voidSetPinValue>
    1400:	40 e0       	ldi	r20, 0x00	; 0
    1402:	62 e0       	ldi	r22, 0x02	; 2
    1404:	81 e0       	ldi	r24, 0x01	; 1
    1406:	0e 94 9a 0c 	call	0x1934	; 0x1934 <DIO_voidSetPinValue>
    140a:	c4 fb       	bst	r28, 4
    140c:	44 27       	eor	r20, r20
    140e:	40 f9       	bld	r20, 0
    1410:	64 e0       	ldi	r22, 0x04	; 4
    1412:	80 e0       	ldi	r24, 0x00	; 0
    1414:	0e 94 9a 0c 	call	0x1934	; 0x1934 <DIO_voidSetPinValue>
    1418:	c5 fb       	bst	r28, 5
    141a:	44 27       	eor	r20, r20
    141c:	40 f9       	bld	r20, 0
    141e:	65 e0       	ldi	r22, 0x05	; 5
    1420:	80 e0       	ldi	r24, 0x00	; 0
    1422:	0e 94 9a 0c 	call	0x1934	; 0x1934 <DIO_voidSetPinValue>
    1426:	c6 fb       	bst	r28, 6
    1428:	44 27       	eor	r20, r20
    142a:	40 f9       	bld	r20, 0
    142c:	66 e0       	ldi	r22, 0x06	; 6
    142e:	80 e0       	ldi	r24, 0x00	; 0
    1430:	0e 94 9a 0c 	call	0x1934	; 0x1934 <DIO_voidSetPinValue>
    1434:	4c 2f       	mov	r20, r28
    1436:	44 1f       	adc	r20, r20
    1438:	44 27       	eor	r20, r20
    143a:	44 1f       	adc	r20, r20
    143c:	67 e0       	ldi	r22, 0x07	; 7
    143e:	80 e0       	ldi	r24, 0x00	; 0
    1440:	0e 94 9a 0c 	call	0x1934	; 0x1934 <DIO_voidSetPinValue>
    1444:	0e 94 e8 09 	call	0x13d0	; 0x13d0 <PRV_voidEnableTriggerWrite>
    1448:	4c 2f       	mov	r20, r28
    144a:	41 70       	andi	r20, 0x01	; 1
    144c:	64 e0       	ldi	r22, 0x04	; 4
    144e:	80 e0       	ldi	r24, 0x00	; 0
    1450:	0e 94 9a 0c 	call	0x1934	; 0x1934 <DIO_voidSetPinValue>
    1454:	c1 fb       	bst	r28, 1
    1456:	44 27       	eor	r20, r20
    1458:	40 f9       	bld	r20, 0
    145a:	65 e0       	ldi	r22, 0x05	; 5
    145c:	80 e0       	ldi	r24, 0x00	; 0
    145e:	0e 94 9a 0c 	call	0x1934	; 0x1934 <DIO_voidSetPinValue>
    1462:	c2 fb       	bst	r28, 2
    1464:	44 27       	eor	r20, r20
    1466:	40 f9       	bld	r20, 0
    1468:	66 e0       	ldi	r22, 0x06	; 6
    146a:	80 e0       	ldi	r24, 0x00	; 0
    146c:	0e 94 9a 0c 	call	0x1934	; 0x1934 <DIO_voidSetPinValue>
    1470:	c3 fb       	bst	r28, 3
    1472:	44 27       	eor	r20, r20
    1474:	40 f9       	bld	r20, 0
    1476:	67 e0       	ldi	r22, 0x07	; 7
    1478:	80 e0       	ldi	r24, 0x00	; 0
    147a:	0e 94 9a 0c 	call	0x1934	; 0x1934 <DIO_voidSetPinValue>
    147e:	0e 94 e8 09 	call	0x13d0	; 0x13d0 <PRV_voidEnableTriggerWrite>
    1482:	cf 91       	pop	r28
    1484:	08 95       	ret

00001486 <LCD_voidInit>:
    1486:	41 e0       	ldi	r20, 0x01	; 1
    1488:	61 e0       	ldi	r22, 0x01	; 1
    148a:	81 e0       	ldi	r24, 0x01	; 1
    148c:	0e 94 29 0c 	call	0x1852	; 0x1852 <DIO_voidSetPinDirection>
    1490:	41 e0       	ldi	r20, 0x01	; 1
    1492:	62 e0       	ldi	r22, 0x02	; 2
    1494:	81 e0       	ldi	r24, 0x01	; 1
    1496:	0e 94 29 0c 	call	0x1852	; 0x1852 <DIO_voidSetPinDirection>
    149a:	41 e0       	ldi	r20, 0x01	; 1
    149c:	64 e0       	ldi	r22, 0x04	; 4
    149e:	80 e0       	ldi	r24, 0x00	; 0
    14a0:	0e 94 29 0c 	call	0x1852	; 0x1852 <DIO_voidSetPinDirection>
    14a4:	41 e0       	ldi	r20, 0x01	; 1
    14a6:	65 e0       	ldi	r22, 0x05	; 5
    14a8:	80 e0       	ldi	r24, 0x00	; 0
    14aa:	0e 94 29 0c 	call	0x1852	; 0x1852 <DIO_voidSetPinDirection>
    14ae:	41 e0       	ldi	r20, 0x01	; 1
    14b0:	66 e0       	ldi	r22, 0x06	; 6
    14b2:	80 e0       	ldi	r24, 0x00	; 0
    14b4:	0e 94 29 0c 	call	0x1852	; 0x1852 <DIO_voidSetPinDirection>
    14b8:	41 e0       	ldi	r20, 0x01	; 1
    14ba:	67 e0       	ldi	r22, 0x07	; 7
    14bc:	80 e0       	ldi	r24, 0x00	; 0
    14be:	0e 94 29 0c 	call	0x1852	; 0x1852 <DIO_voidSetPinDirection>
    14c2:	2f ef       	ldi	r18, 0xFF	; 255
    14c4:	83 ef       	ldi	r24, 0xF3	; 243
    14c6:	91 e0       	ldi	r25, 0x01	; 1
    14c8:	21 50       	subi	r18, 0x01	; 1
    14ca:	80 40       	sbci	r24, 0x00	; 0
    14cc:	90 40       	sbci	r25, 0x00	; 0
    14ce:	e1 f7       	brne	.-8      	; 0x14c8 <LCD_voidInit+0x42>
    14d0:	00 c0       	rjmp	.+0      	; 0x14d2 <LCD_voidInit+0x4c>
    14d2:	00 00       	nop
    14d4:	40 e0       	ldi	r20, 0x00	; 0
    14d6:	61 e0       	ldi	r22, 0x01	; 1
    14d8:	81 e0       	ldi	r24, 0x01	; 1
    14da:	0e 94 9a 0c 	call	0x1934	; 0x1934 <DIO_voidSetPinValue>
    14de:	40 e0       	ldi	r20, 0x00	; 0
    14e0:	64 e0       	ldi	r22, 0x04	; 4
    14e2:	80 e0       	ldi	r24, 0x00	; 0
    14e4:	0e 94 9a 0c 	call	0x1934	; 0x1934 <DIO_voidSetPinValue>
    14e8:	41 e0       	ldi	r20, 0x01	; 1
    14ea:	65 e0       	ldi	r22, 0x05	; 5
    14ec:	80 e0       	ldi	r24, 0x00	; 0
    14ee:	0e 94 9a 0c 	call	0x1934	; 0x1934 <DIO_voidSetPinValue>
    14f2:	40 e0       	ldi	r20, 0x00	; 0
    14f4:	66 e0       	ldi	r22, 0x06	; 6
    14f6:	80 e0       	ldi	r24, 0x00	; 0
    14f8:	0e 94 9a 0c 	call	0x1934	; 0x1934 <DIO_voidSetPinValue>
    14fc:	40 e0       	ldi	r20, 0x00	; 0
    14fe:	67 e0       	ldi	r22, 0x07	; 7
    1500:	80 e0       	ldi	r24, 0x00	; 0
    1502:	0e 94 9a 0c 	call	0x1934	; 0x1934 <DIO_voidSetPinValue>
    1506:	0e 94 e8 09 	call	0x13d0	; 0x13d0 <PRV_voidEnableTriggerWrite>
    150a:	88 e2       	ldi	r24, 0x28	; 40
    150c:	0e 94 f9 09 	call	0x13f2	; 0x13f2 <LCD_voidSendCommand>
    1510:	20 ef       	ldi	r18, 0xF0	; 240
    1512:	2a 95       	dec	r18
    1514:	f1 f7       	brne	.-4      	; 0x1512 <LCD_voidInit+0x8c>
    1516:	8f e0       	ldi	r24, 0x0F	; 15
    1518:	0e 94 f9 09 	call	0x13f2	; 0x13f2 <LCD_voidSendCommand>
    151c:	80 ef       	ldi	r24, 0xF0	; 240
    151e:	8a 95       	dec	r24
    1520:	f1 f7       	brne	.-4      	; 0x151e <LCD_voidInit+0x98>
    1522:	81 e0       	ldi	r24, 0x01	; 1
    1524:	0e 94 f9 09 	call	0x13f2	; 0x13f2 <LCD_voidSendCommand>
    1528:	8f e3       	ldi	r24, 0x3F	; 63
    152a:	9f e1       	ldi	r25, 0x1F	; 31
    152c:	01 97       	sbiw	r24, 0x01	; 1
    152e:	f1 f7       	brne	.-4      	; 0x152c <LCD_voidInit+0xa6>
    1530:	00 c0       	rjmp	.+0      	; 0x1532 <LCD_voidInit+0xac>
    1532:	00 00       	nop
    1534:	86 e0       	ldi	r24, 0x06	; 6
    1536:	0e 94 f9 09 	call	0x13f2	; 0x13f2 <LCD_voidSendCommand>
    153a:	8f e3       	ldi	r24, 0x3F	; 63
    153c:	9f e1       	ldi	r25, 0x1F	; 31
    153e:	01 97       	sbiw	r24, 0x01	; 1
    1540:	f1 f7       	brne	.-4      	; 0x153e <LCD_voidInit+0xb8>
    1542:	00 c0       	rjmp	.+0      	; 0x1544 <LCD_voidInit+0xbe>
    1544:	00 00       	nop
    1546:	08 95       	ret

00001548 <LCD_voidDisplayChar>:
    1548:	cf 93       	push	r28
    154a:	c8 2f       	mov	r28, r24
    154c:	41 e0       	ldi	r20, 0x01	; 1
    154e:	61 e0       	ldi	r22, 0x01	; 1
    1550:	81 e0       	ldi	r24, 0x01	; 1
    1552:	0e 94 9a 0c 	call	0x1934	; 0x1934 <DIO_voidSetPinValue>
    1556:	c4 fb       	bst	r28, 4
    1558:	44 27       	eor	r20, r20
    155a:	40 f9       	bld	r20, 0
    155c:	64 e0       	ldi	r22, 0x04	; 4
    155e:	80 e0       	ldi	r24, 0x00	; 0
    1560:	0e 94 9a 0c 	call	0x1934	; 0x1934 <DIO_voidSetPinValue>
    1564:	c5 fb       	bst	r28, 5
    1566:	44 27       	eor	r20, r20
    1568:	40 f9       	bld	r20, 0
    156a:	65 e0       	ldi	r22, 0x05	; 5
    156c:	80 e0       	ldi	r24, 0x00	; 0
    156e:	0e 94 9a 0c 	call	0x1934	; 0x1934 <DIO_voidSetPinValue>
    1572:	c6 fb       	bst	r28, 6
    1574:	44 27       	eor	r20, r20
    1576:	40 f9       	bld	r20, 0
    1578:	66 e0       	ldi	r22, 0x06	; 6
    157a:	80 e0       	ldi	r24, 0x00	; 0
    157c:	0e 94 9a 0c 	call	0x1934	; 0x1934 <DIO_voidSetPinValue>
    1580:	4c 2f       	mov	r20, r28
    1582:	44 1f       	adc	r20, r20
    1584:	44 27       	eor	r20, r20
    1586:	44 1f       	adc	r20, r20
    1588:	67 e0       	ldi	r22, 0x07	; 7
    158a:	80 e0       	ldi	r24, 0x00	; 0
    158c:	0e 94 9a 0c 	call	0x1934	; 0x1934 <DIO_voidSetPinValue>
    1590:	0e 94 e8 09 	call	0x13d0	; 0x13d0 <PRV_voidEnableTriggerWrite>
    1594:	4c 2f       	mov	r20, r28
    1596:	41 70       	andi	r20, 0x01	; 1
    1598:	64 e0       	ldi	r22, 0x04	; 4
    159a:	80 e0       	ldi	r24, 0x00	; 0
    159c:	0e 94 9a 0c 	call	0x1934	; 0x1934 <DIO_voidSetPinValue>
    15a0:	c1 fb       	bst	r28, 1
    15a2:	44 27       	eor	r20, r20
    15a4:	40 f9       	bld	r20, 0
    15a6:	65 e0       	ldi	r22, 0x05	; 5
    15a8:	80 e0       	ldi	r24, 0x00	; 0
    15aa:	0e 94 9a 0c 	call	0x1934	; 0x1934 <DIO_voidSetPinValue>
    15ae:	c2 fb       	bst	r28, 2
    15b0:	44 27       	eor	r20, r20
    15b2:	40 f9       	bld	r20, 0
    15b4:	66 e0       	ldi	r22, 0x06	; 6
    15b6:	80 e0       	ldi	r24, 0x00	; 0
    15b8:	0e 94 9a 0c 	call	0x1934	; 0x1934 <DIO_voidSetPinValue>
    15bc:	c3 fb       	bst	r28, 3
    15be:	44 27       	eor	r20, r20
    15c0:	40 f9       	bld	r20, 0
    15c2:	67 e0       	ldi	r22, 0x07	; 7
    15c4:	80 e0       	ldi	r24, 0x00	; 0
    15c6:	0e 94 9a 0c 	call	0x1934	; 0x1934 <DIO_voidSetPinValue>
    15ca:	0e 94 e8 09 	call	0x13d0	; 0x13d0 <PRV_voidEnableTriggerWrite>
    15ce:	cf 91       	pop	r28
    15d0:	08 95       	ret

000015d2 <LCD_voidDisplayString>:
    15d2:	0f 93       	push	r16
    15d4:	1f 93       	push	r17
    15d6:	cf 93       	push	r28
    15d8:	8c 01       	movw	r16, r24
    15da:	c0 e0       	ldi	r28, 0x00	; 0
    15dc:	03 c0       	rjmp	.+6      	; 0x15e4 <LCD_voidDisplayString+0x12>
    15de:	0e 94 a4 0a 	call	0x1548	; 0x1548 <LCD_voidDisplayChar>
    15e2:	cf 5f       	subi	r28, 0xFF	; 255
    15e4:	f8 01       	movw	r30, r16
    15e6:	ec 0f       	add	r30, r28
    15e8:	f1 1d       	adc	r31, r1
    15ea:	80 81       	ld	r24, Z
    15ec:	81 11       	cpse	r24, r1
    15ee:	f7 cf       	rjmp	.-18     	; 0x15de <LCD_voidDisplayString+0xc>
    15f0:	cf 91       	pop	r28
    15f2:	1f 91       	pop	r17
    15f4:	0f 91       	pop	r16
    15f6:	08 95       	ret

000015f8 <LCD_voidDisplayNumber>:
    15f8:	5f 92       	push	r5
    15fa:	6f 92       	push	r6
    15fc:	7f 92       	push	r7
    15fe:	8f 92       	push	r8
    1600:	9f 92       	push	r9
    1602:	af 92       	push	r10
    1604:	bf 92       	push	r11
    1606:	cf 92       	push	r12
    1608:	df 92       	push	r13
    160a:	ef 92       	push	r14
    160c:	ff 92       	push	r15
    160e:	0f 93       	push	r16
    1610:	1f 93       	push	r17
    1612:	cf 93       	push	r28
    1614:	df 93       	push	r29
    1616:	cd b7       	in	r28, 0x3d	; 61
    1618:	de b7       	in	r29, 0x3e	; 62
    161a:	68 2e       	mov	r6, r24
    161c:	ad b6       	in	r10, 0x3d	; 61
    161e:	be b6       	in	r11, 0x3e	; 62
    1620:	c8 2e       	mov	r12, r24
    1622:	d1 2c       	mov	r13, r1
    1624:	e1 2c       	mov	r14, r1
    1626:	f1 2c       	mov	r15, r1
    1628:	a7 01       	movw	r20, r14
    162a:	96 01       	movw	r18, r12
    162c:	77 24       	eor	r7, r7
    162e:	73 94       	inc	r7
    1630:	09 c0       	rjmp	.+18     	; 0x1644 <LCD_voidDisplayNumber+0x4c>
    1632:	73 94       	inc	r7
    1634:	ca 01       	movw	r24, r20
    1636:	b9 01       	movw	r22, r18
    1638:	2a e0       	ldi	r18, 0x0A	; 10
    163a:	30 e0       	ldi	r19, 0x00	; 0
    163c:	40 e0       	ldi	r20, 0x00	; 0
    163e:	50 e0       	ldi	r21, 0x00	; 0
    1640:	0e 94 74 11 	call	0x22e8	; 0x22e8 <__udivmodsi4>
    1644:	2a 30       	cpi	r18, 0x0A	; 10
    1646:	31 05       	cpc	r19, r1
    1648:	41 05       	cpc	r20, r1
    164a:	51 05       	cpc	r21, r1
    164c:	90 f7       	brcc	.-28     	; 0x1632 <LCD_voidDisplayNumber+0x3a>
    164e:	8d b6       	in	r8, 0x3d	; 61
    1650:	9e b6       	in	r9, 0x3e	; 62
    1652:	8d b7       	in	r24, 0x3d	; 61
    1654:	9e b7       	in	r25, 0x3e	; 62
    1656:	87 19       	sub	r24, r7
    1658:	91 09       	sbc	r25, r1
    165a:	0f b6       	in	r0, 0x3f	; 63
    165c:	f8 94       	cli
    165e:	9e bf       	out	0x3e, r25	; 62
    1660:	0f be       	out	0x3f, r0	; 63
    1662:	8d bf       	out	0x3d, r24	; 61
    1664:	0d b7       	in	r16, 0x3d	; 61
    1666:	1e b7       	in	r17, 0x3e	; 62
    1668:	0f 5f       	subi	r16, 0xFF	; 255
    166a:	1f 4f       	sbci	r17, 0xFF	; 255
    166c:	51 2c       	mov	r5, r1
    166e:	12 c0       	rjmp	.+36     	; 0x1694 <LCD_voidDisplayNumber+0x9c>
    1670:	c7 01       	movw	r24, r14
    1672:	b6 01       	movw	r22, r12
    1674:	2a e0       	ldi	r18, 0x0A	; 10
    1676:	30 e0       	ldi	r19, 0x00	; 0
    1678:	40 e0       	ldi	r20, 0x00	; 0
    167a:	50 e0       	ldi	r21, 0x00	; 0
    167c:	0e 94 74 11 	call	0x22e8	; 0x22e8 <__udivmodsi4>
    1680:	f8 01       	movw	r30, r16
    1682:	e5 0d       	add	r30, r5
    1684:	f1 1d       	adc	r31, r1
    1686:	60 5d       	subi	r22, 0xD0	; 208
    1688:	60 83       	st	Z, r22
    168a:	c2 2e       	mov	r12, r18
    168c:	d3 2e       	mov	r13, r19
    168e:	e4 2e       	mov	r14, r20
    1690:	f5 2e       	mov	r15, r21
    1692:	53 94       	inc	r5
    1694:	c1 14       	cp	r12, r1
    1696:	d1 04       	cpc	r13, r1
    1698:	e1 04       	cpc	r14, r1
    169a:	f1 04       	cpc	r15, r1
    169c:	49 f7       	brne	.-46     	; 0x1670 <LCD_voidDisplayNumber+0x78>
    169e:	61 10       	cpse	r6, r1
    16a0:	09 c0       	rjmp	.+18     	; 0x16b4 <LCD_voidDisplayNumber+0xbc>
    16a2:	80 e3       	ldi	r24, 0x30	; 48
    16a4:	0e 94 a4 0a 	call	0x1548	; 0x1548 <LCD_voidDisplayChar>
    16a8:	0f b6       	in	r0, 0x3f	; 63
    16aa:	f8 94       	cli
    16ac:	9e be       	out	0x3e, r9	; 62
    16ae:	0f be       	out	0x3f, r0	; 63
    16b0:	8d be       	out	0x3d, r8	; 61
    16b2:	14 c0       	rjmp	.+40     	; 0x16dc <LCD_voidDisplayNumber+0xe4>
    16b4:	ff 24       	eor	r15, r15
    16b6:	fa 94       	dec	r15
    16b8:	f7 0c       	add	r15, r7
    16ba:	09 c0       	rjmp	.+18     	; 0x16ce <LCD_voidDisplayNumber+0xd6>
    16bc:	f8 01       	movw	r30, r16
    16be:	ef 0d       	add	r30, r15
    16c0:	f1 1d       	adc	r31, r1
    16c2:	f7 fc       	sbrc	r15, 7
    16c4:	fa 95       	dec	r31
    16c6:	80 81       	ld	r24, Z
    16c8:	0e 94 a4 0a 	call	0x1548	; 0x1548 <LCD_voidDisplayChar>
    16cc:	fa 94       	dec	r15
    16ce:	ff 20       	and	r15, r15
    16d0:	ac f7       	brge	.-22     	; 0x16bc <LCD_voidDisplayNumber+0xc4>
    16d2:	0f b6       	in	r0, 0x3f	; 63
    16d4:	f8 94       	cli
    16d6:	9e be       	out	0x3e, r9	; 62
    16d8:	0f be       	out	0x3f, r0	; 63
    16da:	8d be       	out	0x3d, r8	; 61
    16dc:	0f b6       	in	r0, 0x3f	; 63
    16de:	f8 94       	cli
    16e0:	be be       	out	0x3e, r11	; 62
    16e2:	0f be       	out	0x3f, r0	; 63
    16e4:	ad be       	out	0x3d, r10	; 61
    16e6:	df 91       	pop	r29
    16e8:	cf 91       	pop	r28
    16ea:	1f 91       	pop	r17
    16ec:	0f 91       	pop	r16
    16ee:	ff 90       	pop	r15
    16f0:	ef 90       	pop	r14
    16f2:	df 90       	pop	r13
    16f4:	cf 90       	pop	r12
    16f6:	bf 90       	pop	r11
    16f8:	af 90       	pop	r10
    16fa:	9f 90       	pop	r9
    16fc:	8f 90       	pop	r8
    16fe:	7f 90       	pop	r7
    1700:	6f 90       	pop	r6
    1702:	5f 90       	pop	r5
    1704:	08 95       	ret

00001706 <LCD_voidClear>:
    1706:	81 e0       	ldi	r24, 0x01	; 1
    1708:	0e 94 f9 09 	call	0x13f2	; 0x13f2 <LCD_voidSendCommand>
    170c:	8f e3       	ldi	r24, 0x3F	; 63
    170e:	9f e1       	ldi	r25, 0x1F	; 31
    1710:	01 97       	sbiw	r24, 0x01	; 1
    1712:	f1 f7       	brne	.-4      	; 0x1710 <LCD_voidClear+0xa>
    1714:	00 c0       	rjmp	.+0      	; 0x1716 <LCD_voidClear+0x10>
    1716:	00 00       	nop
    1718:	08 95       	ret

0000171a <LCD_voidGoToSpecificPosition>:
}

void LCD_voidGoToSpecificPosition(u8 copy_u8LineNumber, u8 copy_u8Position)
{

	switch (copy_u8LineNumber)
    171a:	81 30       	cpi	r24, 0x01	; 1
    171c:	19 f0       	breq	.+6      	; 0x1724 <LCD_voidGoToSpecificPosition+0xa>
    171e:	82 30       	cpi	r24, 0x02	; 2
    1720:	31 f0       	breq	.+12     	; 0x172e <LCD_voidGoToSpecificPosition+0x14>
    1722:	09 c0       	rjmp	.+18     	; 0x1736 <LCD_voidGoToSpecificPosition+0x1c>
	{
		case LCD_LINE_ONE:
			LCD_voidSendCommand(0x80+copy_u8Position);
    1724:	80 e8       	ldi	r24, 0x80	; 128
    1726:	86 0f       	add	r24, r22
    1728:	0e 94 f9 09 	call	0x13f2	; 0x13f2 <LCD_voidSendCommand>
			break;
    172c:	04 c0       	rjmp	.+8      	; 0x1736 <LCD_voidGoToSpecificPosition+0x1c>
		case LCD_LINE_TWO:
			LCD_voidSendCommand(0xc0+copy_u8Position);
    172e:	80 ec       	ldi	r24, 0xC0	; 192
    1730:	86 0f       	add	r24, r22
    1732:	0e 94 f9 09 	call	0x13f2	; 0x13f2 <LCD_voidSendCommand>
    1736:	87 ec       	ldi	r24, 0xC7	; 199
    1738:	90 e0       	ldi	r25, 0x00	; 0
    173a:	01 97       	sbiw	r24, 0x01	; 1
    173c:	f1 f7       	brne	.-4      	; 0x173a <LCD_voidGoToSpecificPosition+0x20>
    173e:	00 c0       	rjmp	.+0      	; 0x1740 <LCD_voidGoToSpecificPosition+0x26>
    1740:	00 00       	nop
    1742:	08 95       	ret

00001744 <LED_voidInit>:



void LED_voidInit(u8 copy_u8LedPort, u8 copy_u8LedPin)
{
	DIO_voidSetPinDirection(copy_u8LedPort, copy_u8LedPin, DIO_PIN_OUTPUT);
    1744:	41 e0       	ldi	r20, 0x01	; 1
    1746:	0e 94 29 0c 	call	0x1852	; 0x1852 <DIO_voidSetPinDirection>
    174a:	08 95       	ret

0000174c <LED_voidOn>:
}

void LED_voidOn(u8 copy_u8LedPort, u8 copy_u8LedPin, u8 copy_u8LedConnectionType)
{
	switch(copy_u8LedConnectionType)
    174c:	44 23       	and	r20, r20
    174e:	19 f0       	breq	.+6      	; 0x1756 <LED_voidOn+0xa>
    1750:	41 30       	cpi	r20, 0x01	; 1
    1752:	29 f0       	breq	.+10     	; 0x175e <LED_voidOn+0x12>
    1754:	08 95       	ret
	{
		case LED_FORWARD_CONNECTION:
		DIO_voidSetPinValue(copy_u8LedPort, copy_u8LedPin, DIO_PIN_HIGH);
    1756:	41 e0       	ldi	r20, 0x01	; 1
    1758:	0e 94 9a 0c 	call	0x1934	; 0x1934 <DIO_voidSetPinValue>
		break;
    175c:	08 95       	ret
		
		case LED_REVERSE_CONNECTION:
		DIO_voidSetPinValue(copy_u8LedPort, copy_u8LedPin, DIO_PIN_LOW);
    175e:	40 e0       	ldi	r20, 0x00	; 0
    1760:	0e 94 9a 0c 	call	0x1934	; 0x1934 <DIO_voidSetPinValue>
    1764:	08 95       	ret

00001766 <LED_voidOff>:
	}
}

void LED_voidOff(u8 copy_u8LedPort, u8 copy_u8LedPin, u8 copy_u8LedConnectionType)
{
	switch(copy_u8LedConnectionType)
    1766:	44 23       	and	r20, r20
    1768:	19 f0       	breq	.+6      	; 0x1770 <LED_voidOff+0xa>
    176a:	41 30       	cpi	r20, 0x01	; 1
    176c:	29 f0       	breq	.+10     	; 0x1778 <LED_voidOff+0x12>
    176e:	08 95       	ret
	{
		case LED_FORWARD_CONNECTION:
		DIO_voidSetPinValue(copy_u8LedPort, copy_u8LedPin, DIO_PIN_LOW);
    1770:	40 e0       	ldi	r20, 0x00	; 0
    1772:	0e 94 9a 0c 	call	0x1934	; 0x1934 <DIO_voidSetPinValue>
		break;
    1776:	08 95       	ret
			
		case LED_REVERSE_CONNECTION:
		DIO_voidSetPinValue(copy_u8LedPort, copy_u8LedPin, DIO_PIN_HIGH);
    1778:	41 e0       	ldi	r20, 0x01	; 1
    177a:	0e 94 9a 0c 	call	0x1934	; 0x1934 <DIO_voidSetPinValue>
    177e:	08 95       	ret

00001780 <SRV_voidInit>:
#include "TMR1PWM_interface.h"


u8 global_u8LastAngle = 90;
void SRV_voidInit(void)
{
    1780:	0f 93       	push	r16
	DIO_voidSetPinDirection(DIO_PORTD, DIO_PIN5, DIO_PIN_OUTPUT);
    1782:	41 e0       	ldi	r20, 0x01	; 1
    1784:	65 e0       	ldi	r22, 0x05	; 5
    1786:	83 e0       	ldi	r24, 0x03	; 3
    1788:	0e 94 29 0c 	call	0x1852	; 0x1852 <DIO_voidSetPinDirection>
	TMR1PWM_voidInit();
    178c:	0e 94 ff 0d 	call	0x1bfe	; 0x1bfe <TMR1PWM_voidInit>
	TMR1PWM_voidGenerate(50, 7.5, _64FROM_PRESCALER);
    1790:	03 e0       	ldi	r16, 0x03	; 3
    1792:	20 e0       	ldi	r18, 0x00	; 0
    1794:	30 e0       	ldi	r19, 0x00	; 0
    1796:	40 ef       	ldi	r20, 0xF0	; 240
    1798:	50 e4       	ldi	r21, 0x40	; 64
    179a:	62 e3       	ldi	r22, 0x32	; 50
    179c:	70 e0       	ldi	r23, 0x00	; 0
    179e:	80 e0       	ldi	r24, 0x00	; 0
    17a0:	90 e0       	ldi	r25, 0x00	; 0
    17a2:	0e 94 12 0e 	call	0x1c24	; 0x1c24 <TMR1PWM_voidGenerate>
	global_u8LastAngle = 90;
    17a6:	8a e5       	ldi	r24, 0x5A	; 90
    17a8:	80 93 6d 00 	sts	0x006D, r24	; 0x80006d <global_u8LastAngle>
}
    17ac:	0f 91       	pop	r16
    17ae:	08 95       	ret

000017b0 <SRV_voidOn>:
void SRV_voidOn(u8 copy_u8Angle)
{
    17b0:	0f 93       	push	r16
    17b2:	cf 93       	push	r28
    //if (copy_u8Angle > 180) return;
    if (copy_u8Angle == global_u8LastAngle) return;
    17b4:	90 91 6d 00 	lds	r25, 0x006D	; 0x80006d <global_u8LastAngle>
    17b8:	98 17       	cp	r25, r24
    17ba:	21 f1       	breq	.+72     	; 0x1804 <SRV_voidOn+0x54>
    17bc:	c8 2f       	mov	r28, r24

    f32 local_f32Duty = 5.0f + ((float)copy_u8Angle / 180.0f) * 5.0f;
    17be:	68 2f       	mov	r22, r24
    17c0:	70 e0       	ldi	r23, 0x00	; 0
    17c2:	80 e0       	ldi	r24, 0x00	; 0
    17c4:	90 e0       	ldi	r25, 0x00	; 0
    17c6:	0e 94 79 10 	call	0x20f2	; 0x20f2 <__floatunsisf>
    17ca:	20 e0       	ldi	r18, 0x00	; 0
    17cc:	30 e0       	ldi	r19, 0x00	; 0
    17ce:	44 e3       	ldi	r20, 0x34	; 52
    17d0:	53 e4       	ldi	r21, 0x43	; 67
    17d2:	0e 94 d8 0f 	call	0x1fb0	; 0x1fb0 <__divsf3>
    17d6:	20 e0       	ldi	r18, 0x00	; 0
    17d8:	30 e0       	ldi	r19, 0x00	; 0
    17da:	40 ea       	ldi	r20, 0xA0	; 160
    17dc:	50 e4       	ldi	r21, 0x40	; 64
    17de:	0e 94 07 11 	call	0x220e	; 0x220e <__mulsf3>
    17e2:	20 e0       	ldi	r18, 0x00	; 0
    17e4:	30 e0       	ldi	r19, 0x00	; 0
    17e6:	40 ea       	ldi	r20, 0xA0	; 160
    17e8:	50 e4       	ldi	r21, 0x40	; 64
    17ea:	0e 94 6c 0f 	call	0x1ed8	; 0x1ed8 <__addsf3>
    17ee:	9b 01       	movw	r18, r22
    17f0:	ac 01       	movw	r20, r24

    TMR1PWM_voidGenerate(50, local_f32Duty, _64FROM_PRESCALER);
    17f2:	03 e0       	ldi	r16, 0x03	; 3
    17f4:	62 e3       	ldi	r22, 0x32	; 50
    17f6:	70 e0       	ldi	r23, 0x00	; 0
    17f8:	80 e0       	ldi	r24, 0x00	; 0
    17fa:	90 e0       	ldi	r25, 0x00	; 0
    17fc:	0e 94 12 0e 	call	0x1c24	; 0x1c24 <TMR1PWM_voidGenerate>
    global_u8LastAngle = copy_u8Angle;
    1800:	c0 93 6d 00 	sts	0x006D, r28	; 0x80006d <global_u8LastAngle>
}
    1804:	cf 91       	pop	r28
    1806:	0f 91       	pop	r16
    1808:	08 95       	ret

0000180a <ADC_voidInit>:

// APIs ProtoTypes
void ADC_voidInit(ADC_reference_t copy_tRefVolt)
{
		/* Clear reference selection bits (bit 6 and 7) */
		ADMUX_REG &= 0b00111111;
    180a:	97 b1       	in	r25, 0x07	; 7
    180c:	9f 73       	andi	r25, 0x3F	; 63
    180e:	97 b9       	out	0x07, r25	; 7
		/* Set reference selection bits */
		ADMUX_REG |= (copy_tRefVolt << 6);
    1810:	27 b1       	in	r18, 0x07	; 7
    1812:	30 e4       	ldi	r19, 0x40	; 64
    1814:	83 9f       	mul	r24, r19
    1816:	c0 01       	movw	r24, r0
    1818:	11 24       	eor	r1, r1
    181a:	82 2b       	or	r24, r18
    181c:	87 b9       	out	0x07, r24	; 7
		/* Enable ADC and set prescaler to 128 */
		ADCSRA_REG = 0b10000111;
    181e:	87 e8       	ldi	r24, 0x87	; 135
    1820:	86 b9       	out	0x06, r24	; 6
    1822:	08 95       	ret

00001824 <ADC_voidGetDigitalValue>:
}

void ADC_voidGetDigitalValue(ADC_channelId_t copy_tChannelId, u16* pu16DigitalValue )
{
	if((copy_tChannelId < 32) && (pu16DigitalValue != NULL))
    1824:	80 32       	cpi	r24, 0x20	; 32
    1826:	a0 f4       	brcc	.+40     	; 0x1850 <ADC_voidGetDigitalValue+0x2c>
    1828:	61 15       	cp	r22, r1
    182a:	71 05       	cpc	r23, r1
    182c:	89 f0       	breq	.+34     	; 0x1850 <ADC_voidGetDigitalValue+0x2c>
	{
		ADMUX_REG = (ADMUX_REG & 0b11100000) | copy_tChannelId;
    182e:	97 b1       	in	r25, 0x07	; 7
    1830:	90 7e       	andi	r25, 0xE0	; 224
    1832:	89 2b       	or	r24, r25
    1834:	87 b9       	out	0x07, r24	; 7
		SET_BIT(ADCSRA_REG, 6);
    1836:	86 b1       	in	r24, 0x06	; 6
    1838:	80 64       	ori	r24, 0x40	; 64
    183a:	86 b9       	out	0x06, r24	; 6
		while(!GET_BIT(ADCSRA_REG, 4));
    183c:	34 9b       	sbis	0x06, 4	; 6
    183e:	fe cf       	rjmp	.-4      	; 0x183c <ADC_voidGetDigitalValue+0x18>
		*pu16DigitalValue = ADCDATA_REG;
    1840:	84 b1       	in	r24, 0x04	; 4
    1842:	95 b1       	in	r25, 0x05	; 5
    1844:	fb 01       	movw	r30, r22
    1846:	91 83       	std	Z+1, r25	; 0x01
    1848:	80 83       	st	Z, r24
		CLR_BIT(ADCSRA_REG, 4);
    184a:	86 b1       	in	r24, 0x06	; 6
    184c:	8f 7e       	andi	r24, 0xEF	; 239
    184e:	86 b9       	out	0x06, r24	; 6
    1850:	08 95       	ret

00001852 <DIO_voidSetPinDirection>:
		case DIO_PORTC: local_u8PinValue = GET_BIT(PINC_REG, copy_u8PinId); break;
		case DIO_PORTD: local_u8PinValue = GET_BIT(PIND_REG, copy_u8PinId); break;
		default: local_u8PinValue = 0; break;
	}
	return local_u8PinValue;
}
    1852:	44 23       	and	r20, r20
    1854:	19 f0       	breq	.+6      	; 0x185c <DIO_voidSetPinDirection+0xa>
    1856:	41 30       	cpi	r20, 0x01	; 1
    1858:	c9 f1       	breq	.+114    	; 0x18cc <DIO_voidSetPinDirection+0x7a>
    185a:	08 95       	ret
    185c:	81 30       	cpi	r24, 0x01	; 1
    185e:	91 f0       	breq	.+36     	; 0x1884 <DIO_voidSetPinDirection+0x32>
    1860:	28 f0       	brcs	.+10     	; 0x186c <DIO_voidSetPinDirection+0x1a>
    1862:	82 30       	cpi	r24, 0x02	; 2
    1864:	d9 f0       	breq	.+54     	; 0x189c <DIO_voidSetPinDirection+0x4a>
    1866:	83 30       	cpi	r24, 0x03	; 3
    1868:	29 f1       	breq	.+74     	; 0x18b4 <DIO_voidSetPinDirection+0x62>
    186a:	08 95       	ret
    186c:	2a b3       	in	r18, 0x1a	; 26
    186e:	81 e0       	ldi	r24, 0x01	; 1
    1870:	90 e0       	ldi	r25, 0x00	; 0
    1872:	02 c0       	rjmp	.+4      	; 0x1878 <DIO_voidSetPinDirection+0x26>
    1874:	88 0f       	add	r24, r24
    1876:	99 1f       	adc	r25, r25
    1878:	6a 95       	dec	r22
    187a:	e2 f7       	brpl	.-8      	; 0x1874 <DIO_voidSetPinDirection+0x22>
    187c:	80 95       	com	r24
    187e:	82 23       	and	r24, r18
    1880:	8a bb       	out	0x1a, r24	; 26
    1882:	08 95       	ret
    1884:	27 b3       	in	r18, 0x17	; 23
    1886:	81 e0       	ldi	r24, 0x01	; 1
    1888:	90 e0       	ldi	r25, 0x00	; 0
    188a:	02 c0       	rjmp	.+4      	; 0x1890 <DIO_voidSetPinDirection+0x3e>
    188c:	88 0f       	add	r24, r24
    188e:	99 1f       	adc	r25, r25
    1890:	6a 95       	dec	r22
    1892:	e2 f7       	brpl	.-8      	; 0x188c <DIO_voidSetPinDirection+0x3a>
    1894:	80 95       	com	r24
    1896:	82 23       	and	r24, r18
    1898:	87 bb       	out	0x17, r24	; 23
    189a:	08 95       	ret
    189c:	24 b3       	in	r18, 0x14	; 20
    189e:	81 e0       	ldi	r24, 0x01	; 1
    18a0:	90 e0       	ldi	r25, 0x00	; 0
    18a2:	02 c0       	rjmp	.+4      	; 0x18a8 <DIO_voidSetPinDirection+0x56>
    18a4:	88 0f       	add	r24, r24
    18a6:	99 1f       	adc	r25, r25
    18a8:	6a 95       	dec	r22
    18aa:	e2 f7       	brpl	.-8      	; 0x18a4 <DIO_voidSetPinDirection+0x52>
    18ac:	80 95       	com	r24
    18ae:	82 23       	and	r24, r18
    18b0:	84 bb       	out	0x14, r24	; 20
    18b2:	08 95       	ret
    18b4:	21 b3       	in	r18, 0x11	; 17
    18b6:	81 e0       	ldi	r24, 0x01	; 1
    18b8:	90 e0       	ldi	r25, 0x00	; 0
    18ba:	02 c0       	rjmp	.+4      	; 0x18c0 <DIO_voidSetPinDirection+0x6e>
    18bc:	88 0f       	add	r24, r24
    18be:	99 1f       	adc	r25, r25
    18c0:	6a 95       	dec	r22
    18c2:	e2 f7       	brpl	.-8      	; 0x18bc <DIO_voidSetPinDirection+0x6a>
    18c4:	80 95       	com	r24
    18c6:	82 23       	and	r24, r18
    18c8:	81 bb       	out	0x11, r24	; 17
    18ca:	08 95       	ret
    18cc:	81 30       	cpi	r24, 0x01	; 1
    18ce:	89 f0       	breq	.+34     	; 0x18f2 <DIO_voidSetPinDirection+0xa0>
    18d0:	28 f0       	brcs	.+10     	; 0x18dc <DIO_voidSetPinDirection+0x8a>
    18d2:	82 30       	cpi	r24, 0x02	; 2
    18d4:	c9 f0       	breq	.+50     	; 0x1908 <DIO_voidSetPinDirection+0xb6>
    18d6:	83 30       	cpi	r24, 0x03	; 3
    18d8:	11 f1       	breq	.+68     	; 0x191e <DIO_voidSetPinDirection+0xcc>
    18da:	08 95       	ret
    18dc:	2a b3       	in	r18, 0x1a	; 26
    18de:	81 e0       	ldi	r24, 0x01	; 1
    18e0:	90 e0       	ldi	r25, 0x00	; 0
    18e2:	02 c0       	rjmp	.+4      	; 0x18e8 <DIO_voidSetPinDirection+0x96>
    18e4:	88 0f       	add	r24, r24
    18e6:	99 1f       	adc	r25, r25
    18e8:	6a 95       	dec	r22
    18ea:	e2 f7       	brpl	.-8      	; 0x18e4 <DIO_voidSetPinDirection+0x92>
    18ec:	82 2b       	or	r24, r18
    18ee:	8a bb       	out	0x1a, r24	; 26
    18f0:	08 95       	ret
    18f2:	27 b3       	in	r18, 0x17	; 23
    18f4:	81 e0       	ldi	r24, 0x01	; 1
    18f6:	90 e0       	ldi	r25, 0x00	; 0
    18f8:	02 c0       	rjmp	.+4      	; 0x18fe <DIO_voidSetPinDirection+0xac>
    18fa:	88 0f       	add	r24, r24
    18fc:	99 1f       	adc	r25, r25
    18fe:	6a 95       	dec	r22
    1900:	e2 f7       	brpl	.-8      	; 0x18fa <DIO_voidSetPinDirection+0xa8>
    1902:	82 2b       	or	r24, r18
    1904:	87 bb       	out	0x17, r24	; 23
    1906:	08 95       	ret
    1908:	24 b3       	in	r18, 0x14	; 20
    190a:	81 e0       	ldi	r24, 0x01	; 1
    190c:	90 e0       	ldi	r25, 0x00	; 0
    190e:	02 c0       	rjmp	.+4      	; 0x1914 <DIO_voidSetPinDirection+0xc2>
    1910:	88 0f       	add	r24, r24
    1912:	99 1f       	adc	r25, r25
    1914:	6a 95       	dec	r22
    1916:	e2 f7       	brpl	.-8      	; 0x1910 <DIO_voidSetPinDirection+0xbe>
    1918:	82 2b       	or	r24, r18
    191a:	84 bb       	out	0x14, r24	; 20
    191c:	08 95       	ret
    191e:	21 b3       	in	r18, 0x11	; 17
    1920:	81 e0       	ldi	r24, 0x01	; 1
    1922:	90 e0       	ldi	r25, 0x00	; 0
    1924:	02 c0       	rjmp	.+4      	; 0x192a <DIO_voidSetPinDirection+0xd8>
    1926:	88 0f       	add	r24, r24
    1928:	99 1f       	adc	r25, r25
    192a:	6a 95       	dec	r22
    192c:	e2 f7       	brpl	.-8      	; 0x1926 <DIO_voidSetPinDirection+0xd4>
    192e:	82 2b       	or	r24, r18
    1930:	81 bb       	out	0x11, r24	; 17
    1932:	08 95       	ret

00001934 <DIO_voidSetPinValue>:
    1934:	44 23       	and	r20, r20
    1936:	19 f0       	breq	.+6      	; 0x193e <DIO_voidSetPinValue+0xa>
    1938:	41 30       	cpi	r20, 0x01	; 1
    193a:	c9 f1       	breq	.+114    	; 0x19ae <DIO_voidSetPinValue+0x7a>
    193c:	08 95       	ret
    193e:	81 30       	cpi	r24, 0x01	; 1
    1940:	91 f0       	breq	.+36     	; 0x1966 <DIO_voidSetPinValue+0x32>
    1942:	28 f0       	brcs	.+10     	; 0x194e <DIO_voidSetPinValue+0x1a>
    1944:	82 30       	cpi	r24, 0x02	; 2
    1946:	d9 f0       	breq	.+54     	; 0x197e <DIO_voidSetPinValue+0x4a>
    1948:	83 30       	cpi	r24, 0x03	; 3
    194a:	29 f1       	breq	.+74     	; 0x1996 <DIO_voidSetPinValue+0x62>
    194c:	08 95       	ret
    194e:	2b b3       	in	r18, 0x1b	; 27
    1950:	81 e0       	ldi	r24, 0x01	; 1
    1952:	90 e0       	ldi	r25, 0x00	; 0
    1954:	02 c0       	rjmp	.+4      	; 0x195a <DIO_voidSetPinValue+0x26>
    1956:	88 0f       	add	r24, r24
    1958:	99 1f       	adc	r25, r25
    195a:	6a 95       	dec	r22
    195c:	e2 f7       	brpl	.-8      	; 0x1956 <DIO_voidSetPinValue+0x22>
    195e:	80 95       	com	r24
    1960:	82 23       	and	r24, r18
    1962:	8b bb       	out	0x1b, r24	; 27
    1964:	08 95       	ret
    1966:	28 b3       	in	r18, 0x18	; 24
    1968:	81 e0       	ldi	r24, 0x01	; 1
    196a:	90 e0       	ldi	r25, 0x00	; 0
    196c:	02 c0       	rjmp	.+4      	; 0x1972 <DIO_voidSetPinValue+0x3e>
    196e:	88 0f       	add	r24, r24
    1970:	99 1f       	adc	r25, r25
    1972:	6a 95       	dec	r22
    1974:	e2 f7       	brpl	.-8      	; 0x196e <DIO_voidSetPinValue+0x3a>
    1976:	80 95       	com	r24
    1978:	82 23       	and	r24, r18
    197a:	88 bb       	out	0x18, r24	; 24
    197c:	08 95       	ret
    197e:	25 b3       	in	r18, 0x15	; 21
    1980:	81 e0       	ldi	r24, 0x01	; 1
    1982:	90 e0       	ldi	r25, 0x00	; 0
    1984:	02 c0       	rjmp	.+4      	; 0x198a <DIO_voidSetPinValue+0x56>
    1986:	88 0f       	add	r24, r24
    1988:	99 1f       	adc	r25, r25
    198a:	6a 95       	dec	r22
    198c:	e2 f7       	brpl	.-8      	; 0x1986 <DIO_voidSetPinValue+0x52>
    198e:	80 95       	com	r24
    1990:	82 23       	and	r24, r18
    1992:	85 bb       	out	0x15, r24	; 21
    1994:	08 95       	ret
    1996:	22 b3       	in	r18, 0x12	; 18
    1998:	81 e0       	ldi	r24, 0x01	; 1
    199a:	90 e0       	ldi	r25, 0x00	; 0
    199c:	02 c0       	rjmp	.+4      	; 0x19a2 <DIO_voidSetPinValue+0x6e>
    199e:	88 0f       	add	r24, r24
    19a0:	99 1f       	adc	r25, r25
    19a2:	6a 95       	dec	r22
    19a4:	e2 f7       	brpl	.-8      	; 0x199e <DIO_voidSetPinValue+0x6a>
    19a6:	80 95       	com	r24
    19a8:	82 23       	and	r24, r18
    19aa:	82 bb       	out	0x12, r24	; 18
    19ac:	08 95       	ret
    19ae:	81 30       	cpi	r24, 0x01	; 1
    19b0:	89 f0       	breq	.+34     	; 0x19d4 <DIO_voidSetPinValue+0xa0>
    19b2:	28 f0       	brcs	.+10     	; 0x19be <DIO_voidSetPinValue+0x8a>
    19b4:	82 30       	cpi	r24, 0x02	; 2
    19b6:	c9 f0       	breq	.+50     	; 0x19ea <DIO_voidSetPinValue+0xb6>
    19b8:	83 30       	cpi	r24, 0x03	; 3
    19ba:	11 f1       	breq	.+68     	; 0x1a00 <DIO_voidSetPinValue+0xcc>
    19bc:	08 95       	ret
    19be:	2b b3       	in	r18, 0x1b	; 27
    19c0:	81 e0       	ldi	r24, 0x01	; 1
    19c2:	90 e0       	ldi	r25, 0x00	; 0
    19c4:	02 c0       	rjmp	.+4      	; 0x19ca <DIO_voidSetPinValue+0x96>
    19c6:	88 0f       	add	r24, r24
    19c8:	99 1f       	adc	r25, r25
    19ca:	6a 95       	dec	r22
    19cc:	e2 f7       	brpl	.-8      	; 0x19c6 <DIO_voidSetPinValue+0x92>
    19ce:	82 2b       	or	r24, r18
    19d0:	8b bb       	out	0x1b, r24	; 27
    19d2:	08 95       	ret
    19d4:	28 b3       	in	r18, 0x18	; 24
    19d6:	81 e0       	ldi	r24, 0x01	; 1
    19d8:	90 e0       	ldi	r25, 0x00	; 0
    19da:	02 c0       	rjmp	.+4      	; 0x19e0 <DIO_voidSetPinValue+0xac>
    19dc:	88 0f       	add	r24, r24
    19de:	99 1f       	adc	r25, r25
    19e0:	6a 95       	dec	r22
    19e2:	e2 f7       	brpl	.-8      	; 0x19dc <DIO_voidSetPinValue+0xa8>
    19e4:	82 2b       	or	r24, r18
    19e6:	88 bb       	out	0x18, r24	; 24
    19e8:	08 95       	ret
    19ea:	25 b3       	in	r18, 0x15	; 21
    19ec:	81 e0       	ldi	r24, 0x01	; 1
    19ee:	90 e0       	ldi	r25, 0x00	; 0
    19f0:	02 c0       	rjmp	.+4      	; 0x19f6 <DIO_voidSetPinValue+0xc2>
    19f2:	88 0f       	add	r24, r24
    19f4:	99 1f       	adc	r25, r25
    19f6:	6a 95       	dec	r22
    19f8:	e2 f7       	brpl	.-8      	; 0x19f2 <DIO_voidSetPinValue+0xbe>
    19fa:	82 2b       	or	r24, r18
    19fc:	85 bb       	out	0x15, r24	; 21
    19fe:	08 95       	ret
    1a00:	22 b3       	in	r18, 0x12	; 18
    1a02:	81 e0       	ldi	r24, 0x01	; 1
    1a04:	90 e0       	ldi	r25, 0x00	; 0
    1a06:	02 c0       	rjmp	.+4      	; 0x1a0c <DIO_voidSetPinValue+0xd8>
    1a08:	88 0f       	add	r24, r24
    1a0a:	99 1f       	adc	r25, r25
    1a0c:	6a 95       	dec	r22
    1a0e:	e2 f7       	brpl	.-8      	; 0x1a08 <DIO_voidSetPinValue+0xd4>
    1a10:	82 2b       	or	r24, r18
    1a12:	82 bb       	out	0x12, r24	; 18
    1a14:	08 95       	ret

00001a16 <DIO_voidGetPinValue>:

void DIO_voidGetPinValue(u8 copy_u8PortId, u8 copy_u8PinId,  u8*pu8PinValue)
{
	// bool local_tErrorState = TRUE;
	if ((copy_u8PortId <= 3 ) && (copy_u8PinId <= 7) && (pu8PinValue != NULL))
    1a16:	84 30       	cpi	r24, 0x04	; 4
    1a18:	c0 f5       	brcc	.+112    	; 0x1a8a <DIO_voidGetPinValue+0x74>
    1a1a:	68 30       	cpi	r22, 0x08	; 8
    1a1c:	b0 f5       	brcc	.+108    	; 0x1a8a <DIO_voidGetPinValue+0x74>
    1a1e:	41 15       	cp	r20, r1
    1a20:	51 05       	cpc	r21, r1
    1a22:	99 f1       	breq	.+102    	; 0x1a8a <DIO_voidGetPinValue+0x74>
	{
		switch(copy_u8PortId)
    1a24:	81 30       	cpi	r24, 0x01	; 1
    1a26:	89 f0       	breq	.+34     	; 0x1a4a <DIO_voidGetPinValue+0x34>
    1a28:	28 f0       	brcs	.+10     	; 0x1a34 <DIO_voidGetPinValue+0x1e>
    1a2a:	82 30       	cpi	r24, 0x02	; 2
    1a2c:	c9 f0       	breq	.+50     	; 0x1a60 <DIO_voidGetPinValue+0x4a>
    1a2e:	83 30       	cpi	r24, 0x03	; 3
    1a30:	11 f1       	breq	.+68     	; 0x1a76 <DIO_voidGetPinValue+0x60>
    1a32:	08 95       	ret
		{
			case DIO_PORTA: *pu8PinValue = GET_BIT(PINA_REG, copy_u8PinId); break;
    1a34:	89 b3       	in	r24, 0x19	; 25
    1a36:	90 e0       	ldi	r25, 0x00	; 0
    1a38:	02 c0       	rjmp	.+4      	; 0x1a3e <DIO_voidGetPinValue+0x28>
    1a3a:	95 95       	asr	r25
    1a3c:	87 95       	ror	r24
    1a3e:	6a 95       	dec	r22
    1a40:	e2 f7       	brpl	.-8      	; 0x1a3a <DIO_voidGetPinValue+0x24>
    1a42:	81 70       	andi	r24, 0x01	; 1
    1a44:	fa 01       	movw	r30, r20
    1a46:	80 83       	st	Z, r24
    1a48:	08 95       	ret
			case DIO_PORTB: *pu8PinValue = GET_BIT(PINB_REG, copy_u8PinId); break;
    1a4a:	86 b3       	in	r24, 0x16	; 22
    1a4c:	90 e0       	ldi	r25, 0x00	; 0
    1a4e:	02 c0       	rjmp	.+4      	; 0x1a54 <DIO_voidGetPinValue+0x3e>
    1a50:	95 95       	asr	r25
    1a52:	87 95       	ror	r24
    1a54:	6a 95       	dec	r22
    1a56:	e2 f7       	brpl	.-8      	; 0x1a50 <DIO_voidGetPinValue+0x3a>
    1a58:	81 70       	andi	r24, 0x01	; 1
    1a5a:	fa 01       	movw	r30, r20
    1a5c:	80 83       	st	Z, r24
    1a5e:	08 95       	ret
			case DIO_PORTC: *pu8PinValue = GET_BIT(PINC_REG, copy_u8PinId); break;
    1a60:	83 b3       	in	r24, 0x13	; 19
    1a62:	90 e0       	ldi	r25, 0x00	; 0
    1a64:	02 c0       	rjmp	.+4      	; 0x1a6a <DIO_voidGetPinValue+0x54>
    1a66:	95 95       	asr	r25
    1a68:	87 95       	ror	r24
    1a6a:	6a 95       	dec	r22
    1a6c:	e2 f7       	brpl	.-8      	; 0x1a66 <DIO_voidGetPinValue+0x50>
    1a6e:	81 70       	andi	r24, 0x01	; 1
    1a70:	fa 01       	movw	r30, r20
    1a72:	80 83       	st	Z, r24
    1a74:	08 95       	ret
			case DIO_PORTD: *pu8PinValue = GET_BIT(PIND_REG, copy_u8PinId); break;
    1a76:	80 b3       	in	r24, 0x10	; 16
    1a78:	90 e0       	ldi	r25, 0x00	; 0
    1a7a:	02 c0       	rjmp	.+4      	; 0x1a80 <DIO_voidGetPinValue+0x6a>
    1a7c:	95 95       	asr	r25
    1a7e:	87 95       	ror	r24
    1a80:	6a 95       	dec	r22
    1a82:	e2 f7       	brpl	.-8      	; 0x1a7c <DIO_voidGetPinValue+0x66>
    1a84:	81 70       	andi	r24, 0x01	; 1
    1a86:	fa 01       	movw	r30, r20
    1a88:	80 83       	st	Z, r24
    1a8a:	08 95       	ret

00001a8c <EEPROM_voidWriteByte>:
{
	TWI_voidInitMaster();
}

void EEPROM_voidWriteByte(u16 copy_u16WordAdd, u8 copy_u8Data)
{
    1a8c:	1f 93       	push	r17
    1a8e:	cf 93       	push	r28
    1a90:	df 93       	push	r29
    1a92:	d8 2f       	mov	r29, r24
    1a94:	c6 2f       	mov	r28, r22
	u8 local_u8BaseAdd = 0b01010000 | (copy_u16WordAdd >> 8);
    1a96:	19 2f       	mov	r17, r25
    1a98:	10 65       	ori	r17, 0x50	; 80
	
	//Start Condition
	TWI_voidSendStartCond();
    1a9a:	0e 94 b9 0e 	call	0x1d72	; 0x1d72 <TWI_voidSendStartCond>
	
	//Slave Address + Write
	TWI_voidSendSlaveAddW(local_u8BaseAdd);
    1a9e:	81 2f       	mov	r24, r17
    1aa0:	0e 94 dc 0e 	call	0x1db8	; 0x1db8 <TWI_voidSendSlaveAddW>
	
	//Send Low Address Byte
	TWI_voidTxMasterByte((u8)copy_u16WordAdd);
    1aa4:	8d 2f       	mov	r24, r29
    1aa6:	0e 94 03 0f 	call	0x1e06	; 0x1e06 <TWI_voidTxMasterByte>
	
	//Send Data Byte
	TWI_voidTxMasterByte(copy_u8Data);
    1aaa:	8c 2f       	mov	r24, r28
    1aac:	0e 94 03 0f 	call	0x1e06	; 0x1e06 <TWI_voidTxMasterByte>
	
	//Stop Condition
	TWI_voidSendStopCond();
    1ab0:	0e 94 d5 0e 	call	0x1daa	; 0x1daa <TWI_voidSendStopCond>
	#else
		//round up by default
		__ticks_dc = (uint32_t)(ceil(fabs(__tmp)));
	#endif

	__builtin_avr_delay_cycles(__ticks_dc);
    1ab4:	8f e1       	ldi	r24, 0x1F	; 31
    1ab6:	9e e4       	ldi	r25, 0x4E	; 78
    1ab8:	01 97       	sbiw	r24, 0x01	; 1
    1aba:	f1 f7       	brne	.-4      	; 0x1ab8 <EEPROM_voidWriteByte+0x2c>
    1abc:	00 c0       	rjmp	.+0      	; 0x1abe <EEPROM_voidWriteByte+0x32>
    1abe:	00 00       	nop
	
	_delay_ms(5);
}
    1ac0:	df 91       	pop	r29
    1ac2:	cf 91       	pop	r28
    1ac4:	1f 91       	pop	r17
    1ac6:	08 95       	ret

00001ac8 <EEPROM_voidReadByte>:


void EEPROM_voidReadByte(u16 copy_u16WordAdd, u8* copy_pu8Data)
{
    1ac8:	0f 93       	push	r16
    1aca:	1f 93       	push	r17
    1acc:	cf 93       	push	r28
    1ace:	df 93       	push	r29
	if (copy_pu8Data != NULL)
    1ad0:	61 15       	cp	r22, r1
    1ad2:	71 05       	cpc	r23, r1
    1ad4:	d1 f0       	breq	.+52     	; 0x1b0a <EEPROM_voidReadByte+0x42>
    1ad6:	8b 01       	movw	r16, r22
    1ad8:	d8 2f       	mov	r29, r24
	{
		u8 local_u8BaseAdd = 0b01010000 | (copy_u16WordAdd >> 8);
    1ada:	c9 2f       	mov	r28, r25
    1adc:	c0 65       	ori	r28, 0x50	; 80
		
		//Start Condition
		TWI_voidSendStartCond();
    1ade:	0e 94 b9 0e 	call	0x1d72	; 0x1d72 <TWI_voidSendStartCond>
		
		//Slave Address + Write
		TWI_voidSendSlaveAddW(local_u8BaseAdd);
    1ae2:	8c 2f       	mov	r24, r28
    1ae4:	0e 94 dc 0e 	call	0x1db8	; 0x1db8 <TWI_voidSendSlaveAddW>
		
		//Send Low Address Byte
		TWI_voidTxMasterByte((u8)copy_u16WordAdd);
    1ae8:	8d 2f       	mov	r24, r29
    1aea:	0e 94 03 0f 	call	0x1e06	; 0x1e06 <TWI_voidTxMasterByte>
		
		//Repeated Start Condition
		TWI_voidSendRepStartCond();
    1aee:	0e 94 c7 0e 	call	0x1d8e	; 0x1d8e <TWI_voidSendRepStartCond>
		
		//Slave Address + Read
		TWI_voidSendSlaveAddR(local_u8BaseAdd);
    1af2:	8c 2f       	mov	r24, r28
    1af4:	0e 94 ee 0e 	call	0x1ddc	; 0x1ddc <TWI_voidSendSlaveAddR>
		
		//Read Data Byte (STOP CONDITION INSIDE)
		TWI_voidRxMasterByteNACK(copy_pu8Data);
    1af8:	c8 01       	movw	r24, r16
    1afa:	0e 94 0f 0f 	call	0x1e1e	; 0x1e1e <TWI_voidRxMasterByteNACK>
    1afe:	8f e1       	ldi	r24, 0x1F	; 31
    1b00:	9e e4       	ldi	r25, 0x4E	; 78
    1b02:	01 97       	sbiw	r24, 0x01	; 1
    1b04:	f1 f7       	brne	.-4      	; 0x1b02 <EEPROM_voidReadByte+0x3a>
    1b06:	00 c0       	rjmp	.+0      	; 0x1b08 <EEPROM_voidReadByte+0x40>
    1b08:	00 00       	nop
	}
	else
	{
		//return Error State
	}
}
    1b0a:	df 91       	pop	r29
    1b0c:	cf 91       	pop	r28
    1b0e:	1f 91       	pop	r17
    1b10:	0f 91       	pop	r16
    1b12:	08 95       	ret

00001b14 <__vector_1>:

void EXTI_voidSetCallbackINT1(void(*pToFunctionToCB)(void))
{
	if(pToFunctionToCB != NULL)
	{
		PRV_pToFunctionCB_INT1 = pToFunctionToCB;
    1b14:	1f 92       	push	r1
    1b16:	0f 92       	push	r0
    1b18:	0f b6       	in	r0, 0x3f	; 63
    1b1a:	0f 92       	push	r0
    1b1c:	11 24       	eor	r1, r1
    1b1e:	2f 93       	push	r18
    1b20:	3f 93       	push	r19
    1b22:	4f 93       	push	r20
    1b24:	5f 93       	push	r21
    1b26:	6f 93       	push	r22
    1b28:	7f 93       	push	r23
    1b2a:	8f 93       	push	r24
    1b2c:	9f 93       	push	r25
    1b2e:	af 93       	push	r26
    1b30:	bf 93       	push	r27
    1b32:	ef 93       	push	r30
    1b34:	ff 93       	push	r31
    1b36:	e0 91 52 05 	lds	r30, 0x0552	; 0x800552 <PRV_pToFunctionCB_INT0>
    1b3a:	f0 91 53 05 	lds	r31, 0x0553	; 0x800553 <PRV_pToFunctionCB_INT0+0x1>
    1b3e:	30 97       	sbiw	r30, 0x00	; 0
    1b40:	09 f0       	breq	.+2      	; 0x1b44 <__vector_1+0x30>
    1b42:	09 95       	icall
    1b44:	ff 91       	pop	r31
    1b46:	ef 91       	pop	r30
    1b48:	bf 91       	pop	r27
    1b4a:	af 91       	pop	r26
    1b4c:	9f 91       	pop	r25
    1b4e:	8f 91       	pop	r24
    1b50:	7f 91       	pop	r23
    1b52:	6f 91       	pop	r22
    1b54:	5f 91       	pop	r21
    1b56:	4f 91       	pop	r20
    1b58:	3f 91       	pop	r19
    1b5a:	2f 91       	pop	r18
    1b5c:	0f 90       	pop	r0
    1b5e:	0f be       	out	0x3f, r0	; 63
    1b60:	0f 90       	pop	r0
    1b62:	1f 90       	pop	r1
    1b64:	18 95       	reti

00001b66 <__vector_2>:
}


void __vector_2 (void) __attribute__((signal));
void __vector_2 (void)
{
    1b66:	1f 92       	push	r1
    1b68:	0f 92       	push	r0
    1b6a:	0f b6       	in	r0, 0x3f	; 63
    1b6c:	0f 92       	push	r0
    1b6e:	11 24       	eor	r1, r1
    1b70:	2f 93       	push	r18
    1b72:	3f 93       	push	r19
    1b74:	4f 93       	push	r20
    1b76:	5f 93       	push	r21
    1b78:	6f 93       	push	r22
    1b7a:	7f 93       	push	r23
    1b7c:	8f 93       	push	r24
    1b7e:	9f 93       	push	r25
    1b80:	af 93       	push	r26
    1b82:	bf 93       	push	r27
    1b84:	ef 93       	push	r30
    1b86:	ff 93       	push	r31
	if(PRV_pToFunctionCB_INT1 != NULL)
    1b88:	e0 91 50 05 	lds	r30, 0x0550	; 0x800550 <PRV_pToFunctionCB_INT1>
    1b8c:	f0 91 51 05 	lds	r31, 0x0551	; 0x800551 <PRV_pToFunctionCB_INT1+0x1>
    1b90:	30 97       	sbiw	r30, 0x00	; 0
    1b92:	09 f0       	breq	.+2      	; 0x1b96 <__vector_2+0x30>
	{
		PRV_pToFunctionCB_INT1();
    1b94:	09 95       	icall
	}
	else
	{
		// return error state
	}
    1b96:	ff 91       	pop	r31
    1b98:	ef 91       	pop	r30
    1b9a:	bf 91       	pop	r27
    1b9c:	af 91       	pop	r26
    1b9e:	9f 91       	pop	r25
    1ba0:	8f 91       	pop	r24
    1ba2:	7f 91       	pop	r23
    1ba4:	6f 91       	pop	r22
    1ba6:	5f 91       	pop	r21
    1ba8:	4f 91       	pop	r20
    1baa:	3f 91       	pop	r19
    1bac:	2f 91       	pop	r18
    1bae:	0f 90       	pop	r0
    1bb0:	0f be       	out	0x3f, r0	; 63
    1bb2:	0f 90       	pop	r0
    1bb4:	1f 90       	pop	r1
    1bb6:	18 95       	reti

00001bb8 <TMR0PWM_voidInit>:

void TMR0PWM_voidInit()
{
	// Select PWM mode
	#if TMR0PWM_MODE == TMR0PWM_FAST_PWM
		SET_BIT(TCCR0_REG, 3);
    1bb8:	83 b7       	in	r24, 0x33	; 51
    1bba:	88 60       	ori	r24, 0x08	; 8
    1bbc:	83 bf       	out	0x33, r24	; 51
		SET_BIT(TCCR0_REG, 6);
    1bbe:	83 b7       	in	r24, 0x33	; 51
    1bc0:	80 64       	ori	r24, 0x40	; 64
    1bc2:	83 bf       	out	0x33, r24	; 51
	// select fast PWM mode mode
	#if TMR0PWM_FAST_PWM_MODE == TMR0PWM_FAST_PWM_NON_INVERTING
		SET_BIT(TCCR0_REG, 5);
		CLR_BIT(TCCR0_REG, 4);
	#elif TMR0PWM_FAST_PWM_MODE == TMR0PWM_FAST_PWM_INVERTING
		SET_BIT(TCCR0_REG, 5);
    1bc4:	83 b7       	in	r24, 0x33	; 51
    1bc6:	80 62       	ori	r24, 0x20	; 32
    1bc8:	83 bf       	out	0x33, r24	; 51
		SET_BIT(TCCR0_REG, 4);
    1bca:	83 b7       	in	r24, 0x33	; 51
    1bcc:	80 61       	ori	r24, 0x10	; 16
    1bce:	83 bf       	out	0x33, r24	; 51
    1bd0:	08 95       	ret

00001bd2 <TMR0PWM_voidGenerate>:
	#endif
}

void TMR0PWM_voidGenerate(u8 copy_u8DutyRatio,u8 copy_u8prescaler)
{
    1bd2:	cf 93       	push	r28
    1bd4:	c6 2f       	mov	r28, r22
	// setting duty ratio
	#if TMR0PWM_FAST_PWM_MODE == TMR0PWM_FAST_PWM_NON_INVERTING
		OCR0_REG = ((u32)copy_u8DutyRatio * 255) / 100;
	#elif TMR0PWM_FAST_PWM_MODE == TMR0PWM_FAST_PWM_INVERTING
		OCR0_REG = 255 - (((u32)copy_u8DutyRatio * 255) / 100);
    1bd6:	28 2f       	mov	r18, r24
    1bd8:	30 e0       	ldi	r19, 0x00	; 0
    1bda:	af ef       	ldi	r26, 0xFF	; 255
    1bdc:	b0 e0       	ldi	r27, 0x00	; 0
    1bde:	0e 94 96 11 	call	0x232c	; 0x232c <__umulhisi3>
    1be2:	24 e6       	ldi	r18, 0x64	; 100
    1be4:	30 e0       	ldi	r19, 0x00	; 0
    1be6:	40 e0       	ldi	r20, 0x00	; 0
    1be8:	50 e0       	ldi	r21, 0x00	; 0
    1bea:	0e 94 74 11 	call	0x22e8	; 0x22e8 <__udivmodsi4>
    1bee:	20 95       	com	r18
    1bf0:	2c bf       	out	0x3c, r18	; 60
	#endif 
	// setting prescaler value5
	TCCR0_REG = ((TCCR0_REG & 0b11111000) | copy_u8prescaler);
    1bf2:	83 b7       	in	r24, 0x33	; 51
    1bf4:	88 7f       	andi	r24, 0xF8	; 248
    1bf6:	c8 2b       	or	r28, r24
    1bf8:	c3 bf       	out	0x33, r28	; 51
}
    1bfa:	cf 91       	pop	r28
    1bfc:	08 95       	ret

00001bfe <TMR1PWM_voidInit>:


void TMR1PWM_voidInit(void)
{
	// fast PWM mode
	SET_BIT(TCCR1A_REG, 1);
    1bfe:	8f b5       	in	r24, 0x2f	; 47
    1c00:	82 60       	ori	r24, 0x02	; 2
    1c02:	8f bd       	out	0x2f, r24	; 47
	CLR_BIT(TCCR1A_REG, 0);
    1c04:	8f b5       	in	r24, 0x2f	; 47
    1c06:	8e 7f       	andi	r24, 0xFE	; 254
    1c08:	8f bd       	out	0x2f, r24	; 47
	SET_BIT(TCCR1B_REG, 4);
    1c0a:	8e b5       	in	r24, 0x2e	; 46
    1c0c:	80 61       	ori	r24, 0x10	; 16
    1c0e:	8e bd       	out	0x2e, r24	; 46
	SET_BIT(TCCR1B_REG, 3);
    1c10:	8e b5       	in	r24, 0x2e	; 46
    1c12:	88 60       	ori	r24, 0x08	; 8
    1c14:	8e bd       	out	0x2e, r24	; 46

	// non-inverting mode
	SET_BIT(TCCR1A_REG, 7);
    1c16:	8f b5       	in	r24, 0x2f	; 47
    1c18:	80 68       	ori	r24, 0x80	; 128
    1c1a:	8f bd       	out	0x2f, r24	; 47
	CLR_BIT(TCCR1A_REG, 6);
    1c1c:	8f b5       	in	r24, 0x2f	; 47
    1c1e:	8f 7b       	andi	r24, 0xBF	; 191
    1c20:	8f bd       	out	0x2f, r24	; 47
    1c22:	08 95       	ret

00001c24 <TMR1PWM_voidGenerate>:
}

void TMR1PWM_voidGenerate(u32 copy_u32Frequency, f32 copy_u8DutyRatio, u8 copy_u8prescaler)
{
    1c24:	8f 92       	push	r8
    1c26:	9f 92       	push	r9
    1c28:	af 92       	push	r10
    1c2a:	bf 92       	push	r11
    1c2c:	cf 92       	push	r12
    1c2e:	df 92       	push	r13
    1c30:	ef 92       	push	r14
    1c32:	ff 92       	push	r15
    1c34:	0f 93       	push	r16
    1c36:	4b 01       	movw	r8, r22
    1c38:	5c 01       	movw	r10, r24
    1c3a:	69 01       	movw	r12, r18
    1c3c:	7a 01       	movw	r14, r20

	ICR1_REG = ((1000000UL / copy_u32Frequency) / 4) - 1;
    1c3e:	60 e9       	ldi	r22, 0x90	; 144
    1c40:	70 ed       	ldi	r23, 0xD0	; 208
    1c42:	83 e0       	ldi	r24, 0x03	; 3
    1c44:	90 e0       	ldi	r25, 0x00	; 0
    1c46:	a5 01       	movw	r20, r10
    1c48:	94 01       	movw	r18, r8
    1c4a:	0e 94 74 11 	call	0x22e8	; 0x22e8 <__udivmodsi4>
    1c4e:	21 50       	subi	r18, 0x01	; 1
    1c50:	31 09       	sbc	r19, r1
    1c52:	37 bd       	out	0x27, r19	; 39
    1c54:	26 bd       	out	0x26, r18	; 38


	OCR1A_REG = ((copy_u8DutyRatio * (ICR1_REG + 1)) / 100) - 1;
    1c56:	66 b5       	in	r22, 0x26	; 38
    1c58:	77 b5       	in	r23, 0x27	; 39
    1c5a:	6f 5f       	subi	r22, 0xFF	; 255
    1c5c:	7f 4f       	sbci	r23, 0xFF	; 255
    1c5e:	80 e0       	ldi	r24, 0x00	; 0
    1c60:	90 e0       	ldi	r25, 0x00	; 0
    1c62:	0e 94 79 10 	call	0x20f2	; 0x20f2 <__floatunsisf>
    1c66:	a7 01       	movw	r20, r14
    1c68:	96 01       	movw	r18, r12
    1c6a:	0e 94 07 11 	call	0x220e	; 0x220e <__mulsf3>
    1c6e:	20 e0       	ldi	r18, 0x00	; 0
    1c70:	30 e0       	ldi	r19, 0x00	; 0
    1c72:	48 ec       	ldi	r20, 0xC8	; 200
    1c74:	52 e4       	ldi	r21, 0x42	; 66
    1c76:	0e 94 d8 0f 	call	0x1fb0	; 0x1fb0 <__divsf3>
    1c7a:	20 e0       	ldi	r18, 0x00	; 0
    1c7c:	30 e0       	ldi	r19, 0x00	; 0
    1c7e:	40 e8       	ldi	r20, 0x80	; 128
    1c80:	5f e3       	ldi	r21, 0x3F	; 63
    1c82:	0e 94 6b 0f 	call	0x1ed6	; 0x1ed6 <__subsf3>
    1c86:	0e 94 4a 10 	call	0x2094	; 0x2094 <__fixunssfsi>
    1c8a:	7b bd       	out	0x2b, r23	; 43
    1c8c:	6a bd       	out	0x2a, r22	; 42

	// start
	TCCR1B_REG = (TCCR1B_REG & 0b11111000) | copy_u8prescaler;
    1c8e:	8e b5       	in	r24, 0x2e	; 46
    1c90:	88 7f       	andi	r24, 0xF8	; 248
    1c92:	08 2b       	or	r16, r24
    1c94:	0e bd       	out	0x2e, r16	; 46
}
    1c96:	0f 91       	pop	r16
    1c98:	ff 90       	pop	r15
    1c9a:	ef 90       	pop	r14
    1c9c:	df 90       	pop	r13
    1c9e:	cf 90       	pop	r12
    1ca0:	bf 90       	pop	r11
    1ca2:	af 90       	pop	r10
    1ca4:	9f 90       	pop	r9
    1ca6:	8f 90       	pop	r8
    1ca8:	08 95       	ret

00001caa <__vector_11>:



void __vector_11 (void) __attribute__((signal));
void __vector_11 (void)
{
    1caa:	1f 92       	push	r1
    1cac:	0f 92       	push	r0
    1cae:	0f b6       	in	r0, 0x3f	; 63
    1cb0:	0f 92       	push	r0
    1cb2:	11 24       	eor	r1, r1
    1cb4:	2f 93       	push	r18
    1cb6:	3f 93       	push	r19
    1cb8:	4f 93       	push	r20
    1cba:	5f 93       	push	r21
    1cbc:	6f 93       	push	r22
    1cbe:	7f 93       	push	r23
    1cc0:	8f 93       	push	r24
    1cc2:	9f 93       	push	r25
    1cc4:	af 93       	push	r26
    1cc6:	bf 93       	push	r27
    1cc8:	ef 93       	push	r30
    1cca:	ff 93       	push	r31
	if(PRV_pToFunctionCB_TMR0 != NULL)
    1ccc:	e0 91 54 05 	lds	r30, 0x0554	; 0x800554 <PRV_pToFunctionCB_TMR0>
    1cd0:	f0 91 55 05 	lds	r31, 0x0555	; 0x800555 <PRV_pToFunctionCB_TMR0+0x1>
    1cd4:	30 97       	sbiw	r30, 0x00	; 0
    1cd6:	09 f0       	breq	.+2      	; 0x1cda <__vector_11+0x30>
	{
		PRV_pToFunctionCB_TMR0();
    1cd8:	09 95       	icall
	}
	else
	{
		// return error state
	}
}
    1cda:	ff 91       	pop	r31
    1cdc:	ef 91       	pop	r30
    1cde:	bf 91       	pop	r27
    1ce0:	af 91       	pop	r26
    1ce2:	9f 91       	pop	r25
    1ce4:	8f 91       	pop	r24
    1ce6:	7f 91       	pop	r23
    1ce8:	6f 91       	pop	r22
    1cea:	5f 91       	pop	r21
    1cec:	4f 91       	pop	r20
    1cee:	3f 91       	pop	r19
    1cf0:	2f 91       	pop	r18
    1cf2:	0f 90       	pop	r0
    1cf4:	0f be       	out	0x3f, r0	; 63
    1cf6:	0f 90       	pop	r0
    1cf8:	1f 90       	pop	r1
    1cfa:	18 95       	reti

00001cfc <__vector_9>:
}


void __vector_9 (void) __attribute__((signal));
void __vector_9 (void)
{
    1cfc:	1f 92       	push	r1
    1cfe:	0f 92       	push	r0
    1d00:	0f b6       	in	r0, 0x3f	; 63
    1d02:	0f 92       	push	r0
    1d04:	11 24       	eor	r1, r1
    1d06:	2f 93       	push	r18
    1d08:	3f 93       	push	r19
    1d0a:	4f 93       	push	r20
    1d0c:	5f 93       	push	r21
    1d0e:	6f 93       	push	r22
    1d10:	7f 93       	push	r23
    1d12:	8f 93       	push	r24
    1d14:	9f 93       	push	r25
    1d16:	af 93       	push	r26
    1d18:	bf 93       	push	r27
    1d1a:	ef 93       	push	r30
    1d1c:	ff 93       	push	r31
	if(PRV_pToFunctionCB_TMR1 != NULL)
    1d1e:	e0 91 56 05 	lds	r30, 0x0556	; 0x800556 <PRV_pToFunctionCB_TMR1>
    1d22:	f0 91 57 05 	lds	r31, 0x0557	; 0x800557 <PRV_pToFunctionCB_TMR1+0x1>
    1d26:	30 97       	sbiw	r30, 0x00	; 0
    1d28:	09 f0       	breq	.+2      	; 0x1d2c <__vector_9+0x30>
	{
		PRV_pToFunctionCB_TMR1();
    1d2a:	09 95       	icall
	}
	else
	{
		// return error state
	}
}
    1d2c:	ff 91       	pop	r31
    1d2e:	ef 91       	pop	r30
    1d30:	bf 91       	pop	r27
    1d32:	af 91       	pop	r26
    1d34:	9f 91       	pop	r25
    1d36:	8f 91       	pop	r24
    1d38:	7f 91       	pop	r23
    1d3a:	6f 91       	pop	r22
    1d3c:	5f 91       	pop	r21
    1d3e:	4f 91       	pop	r20
    1d40:	3f 91       	pop	r19
    1d42:	2f 91       	pop	r18
    1d44:	0f 90       	pop	r0
    1d46:	0f be       	out	0x3f, r0	; 63
    1d48:	0f 90       	pop	r0
    1d4a:	1f 90       	pop	r1
    1d4c:	18 95       	reti

00001d4e <TWI_voidInitMaster>:
		
		//Pass Out Received Data
		*copy_u8DataReceived = TWDR_REG;
		
		//Disable ACK
		CLR_BIT(TWCR_REG, TWEA);
    1d4e:	8c e0       	ldi	r24, 0x0C	; 12
    1d50:	80 b9       	out	0x00, r24	; 0
    1d52:	81 b1       	in	r24, 0x01	; 1
    1d54:	8d 7f       	andi	r24, 0xFD	; 253
    1d56:	81 b9       	out	0x01, r24	; 1
    1d58:	81 b1       	in	r24, 0x01	; 1
    1d5a:	8e 7f       	andi	r24, 0xFE	; 254
    1d5c:	81 b9       	out	0x01, r24	; 1
    1d5e:	86 b7       	in	r24, 0x36	; 54
    1d60:	8e 7f       	andi	r24, 0xFE	; 254
    1d62:	86 bf       	out	0x36, r24	; 54
    1d64:	86 b7       	in	r24, 0x36	; 54
    1d66:	8f 7b       	andi	r24, 0xBF	; 191
    1d68:	86 bf       	out	0x36, r24	; 54
    1d6a:	86 b7       	in	r24, 0x36	; 54
    1d6c:	84 60       	ori	r24, 0x04	; 4
    1d6e:	86 bf       	out	0x36, r24	; 54
    1d70:	08 95       	ret

00001d72 <TWI_voidSendStartCond>:
    1d72:	86 b7       	in	r24, 0x36	; 54
    1d74:	80 62       	ori	r24, 0x20	; 32
    1d76:	86 bf       	out	0x36, r24	; 54
    1d78:	86 b7       	in	r24, 0x36	; 54
    1d7a:	80 68       	ori	r24, 0x80	; 128
    1d7c:	86 bf       	out	0x36, r24	; 54
    1d7e:	06 b6       	in	r0, 0x36	; 54
    1d80:	07 fe       	sbrs	r0, 7
    1d82:	fd cf       	rjmp	.-6      	; 0x1d7e <TWI_voidSendStartCond+0xc>
    1d84:	81 b1       	in	r24, 0x01	; 1
    1d86:	88 7f       	andi	r24, 0xF8	; 248
    1d88:	88 30       	cpi	r24, 0x08	; 8
    1d8a:	e1 f7       	brne	.-8      	; 0x1d84 <TWI_voidSendStartCond+0x12>
    1d8c:	08 95       	ret

00001d8e <TWI_voidSendRepStartCond>:
    1d8e:	86 b7       	in	r24, 0x36	; 54
    1d90:	80 62       	ori	r24, 0x20	; 32
    1d92:	86 bf       	out	0x36, r24	; 54
    1d94:	86 b7       	in	r24, 0x36	; 54
    1d96:	80 68       	ori	r24, 0x80	; 128
    1d98:	86 bf       	out	0x36, r24	; 54
    1d9a:	06 b6       	in	r0, 0x36	; 54
    1d9c:	07 fe       	sbrs	r0, 7
    1d9e:	fd cf       	rjmp	.-6      	; 0x1d9a <TWI_voidSendRepStartCond+0xc>
    1da0:	81 b1       	in	r24, 0x01	; 1
    1da2:	88 7f       	andi	r24, 0xF8	; 248
    1da4:	80 31       	cpi	r24, 0x10	; 16
    1da6:	e1 f7       	brne	.-8      	; 0x1da0 <TWI_voidSendRepStartCond+0x12>
    1da8:	08 95       	ret

00001daa <TWI_voidSendStopCond>:
    1daa:	86 b7       	in	r24, 0x36	; 54
    1dac:	80 68       	ori	r24, 0x80	; 128
    1dae:	86 bf       	out	0x36, r24	; 54
    1db0:	86 b7       	in	r24, 0x36	; 54
    1db2:	80 61       	ori	r24, 0x10	; 16
    1db4:	86 bf       	out	0x36, r24	; 54
    1db6:	08 95       	ret

00001db8 <TWI_voidSendSlaveAddW>:
    1db8:	88 23       	and	r24, r24
    1dba:	7c f0       	brlt	.+30     	; 0x1dda <TWI_voidSendSlaveAddW+0x22>
    1dbc:	88 0f       	add	r24, r24
    1dbe:	83 b9       	out	0x03, r24	; 3
    1dc0:	86 b7       	in	r24, 0x36	; 54
    1dc2:	8f 7d       	andi	r24, 0xDF	; 223
    1dc4:	86 bf       	out	0x36, r24	; 54
    1dc6:	86 b7       	in	r24, 0x36	; 54
    1dc8:	80 68       	ori	r24, 0x80	; 128
    1dca:	86 bf       	out	0x36, r24	; 54
    1dcc:	06 b6       	in	r0, 0x36	; 54
    1dce:	07 fe       	sbrs	r0, 7
    1dd0:	fd cf       	rjmp	.-6      	; 0x1dcc <TWI_voidSendSlaveAddW+0x14>
    1dd2:	81 b1       	in	r24, 0x01	; 1
    1dd4:	88 7f       	andi	r24, 0xF8	; 248
    1dd6:	88 31       	cpi	r24, 0x18	; 24
    1dd8:	e1 f7       	brne	.-8      	; 0x1dd2 <TWI_voidSendSlaveAddW+0x1a>
    1dda:	08 95       	ret

00001ddc <TWI_voidSendSlaveAddR>:
    1ddc:	88 23       	and	r24, r24
    1dde:	94 f0       	brlt	.+36     	; 0x1e04 <TWI_voidSendSlaveAddR+0x28>
    1de0:	90 e0       	ldi	r25, 0x00	; 0
    1de2:	88 0f       	add	r24, r24
    1de4:	99 1f       	adc	r25, r25
    1de6:	81 60       	ori	r24, 0x01	; 1
    1de8:	83 b9       	out	0x03, r24	; 3
    1dea:	86 b7       	in	r24, 0x36	; 54
    1dec:	8f 7d       	andi	r24, 0xDF	; 223
    1dee:	86 bf       	out	0x36, r24	; 54
    1df0:	86 b7       	in	r24, 0x36	; 54
    1df2:	80 68       	ori	r24, 0x80	; 128
    1df4:	86 bf       	out	0x36, r24	; 54
    1df6:	06 b6       	in	r0, 0x36	; 54
    1df8:	07 fe       	sbrs	r0, 7
    1dfa:	fd cf       	rjmp	.-6      	; 0x1df6 <TWI_voidSendSlaveAddR+0x1a>
    1dfc:	81 b1       	in	r24, 0x01	; 1
    1dfe:	88 7f       	andi	r24, 0xF8	; 248
    1e00:	80 34       	cpi	r24, 0x40	; 64
    1e02:	e1 f7       	brne	.-8      	; 0x1dfc <TWI_voidSendSlaveAddR+0x20>
    1e04:	08 95       	ret

00001e06 <TWI_voidTxMasterByte>:
    1e06:	83 b9       	out	0x03, r24	; 3
    1e08:	86 b7       	in	r24, 0x36	; 54
    1e0a:	80 68       	ori	r24, 0x80	; 128
    1e0c:	86 bf       	out	0x36, r24	; 54
    1e0e:	06 b6       	in	r0, 0x36	; 54
    1e10:	07 fe       	sbrs	r0, 7
    1e12:	fd cf       	rjmp	.-6      	; 0x1e0e <TWI_voidTxMasterByte+0x8>
    1e14:	81 b1       	in	r24, 0x01	; 1
    1e16:	88 7f       	andi	r24, 0xF8	; 248
    1e18:	88 32       	cpi	r24, 0x28	; 40
    1e1a:	e1 f7       	brne	.-8      	; 0x1e14 <TWI_voidTxMasterByte+0xe>
    1e1c:	08 95       	ret

00001e1e <TWI_voidRxMasterByteNACK>:
	}
}


void TWI_voidRxMasterByteNACK(u8* copy_u8DataReceived)
{
    1e1e:	9c 01       	movw	r18, r24
	if (copy_u8DataReceived != NULL)
    1e20:	89 2b       	or	r24, r25
    1e22:	79 f0       	breq	.+30     	; 0x1e42 <TWI_voidRxMasterByteNACK+0x24>
	{
		//Clear Flag to start current job (write one to clear)
		SET_BIT(TWCR_REG, TWINT);
    1e24:	86 b7       	in	r24, 0x36	; 54
    1e26:	80 68       	ori	r24, 0x80	; 128
    1e28:	86 bf       	out	0x36, r24	; 54
		
		//Busy wait for flag
		while(GET_BIT(TWCR_REG, TWINT) == 0);
    1e2a:	06 b6       	in	r0, 0x36	; 54
    1e2c:	07 fe       	sbrs	r0, 7
    1e2e:	fd cf       	rjmp	.-6      	; 0x1e2a <TWI_voidRxMasterByteNACK+0xc>
		//Check Status code
		while(TWI_STATUS_VALUE != 0x58);
    1e30:	91 b1       	in	r25, 0x01	; 1
    1e32:	98 7f       	andi	r25, 0xF8	; 248
    1e34:	98 35       	cpi	r25, 0x58	; 88
    1e36:	e1 f7       	brne	.-8      	; 0x1e30 <TWI_voidRxMasterByteNACK+0x12>
    1e38:	f9 01       	movw	r30, r18
		
		//Pass Out Received Data
		*copy_u8DataReceived = TWDR_REG;
    1e3a:	83 b1       	in	r24, 0x03	; 3
    1e3c:	80 83       	st	Z, r24
		
		TWI_voidSendStopCond();
    1e3e:	0e 94 d5 0e 	call	0x1daa	; 0x1daa <TWI_voidSendStopCond>
    1e42:	08 95       	ret

00001e44 <UART_voidInit>:
		UART_voidRxChar(&local_u8CurrentChar);
		*(copy_u8ptrRxString  + local_u8Counter) = local_u8CurrentChar;
		local_u8Counter++;
	}
	*(copy_u8ptrRxString  + local_u8Counter - 2) = '\0';
}
    1e44:	8b b1       	in	r24, 0x0b	; 11
    1e46:	8d 7f       	andi	r24, 0xFD	; 253
    1e48:	8b b9       	out	0x0b, r24	; 11
    1e4a:	8a b1       	in	r24, 0x0a	; 10
    1e4c:	8f 71       	andi	r24, 0x1F	; 31
    1e4e:	8a b9       	out	0x0a, r24	; 10
    1e50:	86 e8       	ldi	r24, 0x86	; 134
    1e52:	80 bd       	out	0x20, r24	; 32
    1e54:	10 bc       	out	0x20, r1	; 32
    1e56:	87 e6       	ldi	r24, 0x67	; 103
    1e58:	89 b9       	out	0x09, r24	; 9
    1e5a:	8a b1       	in	r24, 0x0a	; 10
    1e5c:	80 61       	ori	r24, 0x10	; 16
    1e5e:	8a b9       	out	0x0a, r24	; 10
    1e60:	8a b1       	in	r24, 0x0a	; 10
    1e62:	88 60       	ori	r24, 0x08	; 8
    1e64:	8a b9       	out	0x0a, r24	; 10
    1e66:	08 95       	ret

00001e68 <UART_voidTxChar>:
    1e68:	5d 9b       	sbis	0x0b, 5	; 11
    1e6a:	fe cf       	rjmp	.-4      	; 0x1e68 <UART_voidTxChar>
    1e6c:	8c b9       	out	0x0c, r24	; 12
    1e6e:	08 95       	ret

00001e70 <UART_voidTxString>:
    1e70:	0f 93       	push	r16
    1e72:	1f 93       	push	r17
    1e74:	cf 93       	push	r28
    1e76:	8c 01       	movw	r16, r24
    1e78:	c0 e0       	ldi	r28, 0x00	; 0
    1e7a:	03 c0       	rjmp	.+6      	; 0x1e82 <UART_voidTxString+0x12>
    1e7c:	0e 94 34 0f 	call	0x1e68	; 0x1e68 <UART_voidTxChar>
    1e80:	cf 5f       	subi	r28, 0xFF	; 255
    1e82:	f8 01       	movw	r30, r16
    1e84:	ec 0f       	add	r30, r28
    1e86:	f1 1d       	adc	r31, r1
    1e88:	80 81       	ld	r24, Z
    1e8a:	81 11       	cpse	r24, r1
    1e8c:	f7 cf       	rjmp	.-18     	; 0x1e7c <UART_voidTxString+0xc>
    1e8e:	cf 91       	pop	r28
    1e90:	1f 91       	pop	r17
    1e92:	0f 91       	pop	r16
    1e94:	08 95       	ret

00001e96 <UART_u8RecieveByteNonBlocking>:

u8 UART_u8RecieveByteNonBlocking(u8* copy_u8ptrData)
{
    1e96:	fc 01       	movw	r30, r24
    if(GET_BIT(UCSRA_REG, 7))
    1e98:	9b b1       	in	r25, 0x0b	; 11
    1e9a:	89 2f       	mov	r24, r25
    1e9c:	88 1f       	adc	r24, r24
    1e9e:	88 27       	eor	r24, r24
    1ea0:	88 1f       	adc	r24, r24
    1ea2:	19 f0       	breq	.+6      	; 0x1eaa <UART_u8RecieveByteNonBlocking+0x14>
    {
        *copy_u8ptrData = UDR_REG;
    1ea4:	8c b1       	in	r24, 0x0c	; 12
    1ea6:	80 83       	st	Z, r24
        return 1;
    1ea8:	81 e0       	ldi	r24, 0x01	; 1
    }
    return 0;
    1eaa:	08 95       	ret

00001eac <WDT_voidEnable>:



void WDT_voidEnable(u8 copy_u8PrescaleValue)
{
	CLR_BIT(WDTCR_REG, 4);
    1eac:	91 b5       	in	r25, 0x21	; 33
    1eae:	9f 7e       	andi	r25, 0xEF	; 239
    1eb0:	91 bd       	out	0x21, r25	; 33
	SET_BIT(WDTCR_REG, 3);
    1eb2:	91 b5       	in	r25, 0x21	; 33
    1eb4:	98 60       	ori	r25, 0x08	; 8
    1eb6:	91 bd       	out	0x21, r25	; 33
	WDTCR_REG = (WDTCR_REG & 0b11111000) | copy_u8PrescaleValue;
    1eb8:	91 b5       	in	r25, 0x21	; 33
    1eba:	98 7f       	andi	r25, 0xF8	; 248
    1ebc:	89 2b       	or	r24, r25
    1ebe:	81 bd       	out	0x21, r24	; 33
    1ec0:	08 95       	ret

00001ec2 <WDT_voidDisable>:
}
void WDT_voidDisable(void)
{
	WDTCR_REG = WDTCR_REG | 0b00011000;
    1ec2:	81 b5       	in	r24, 0x21	; 33
    1ec4:	88 61       	ori	r24, 0x18	; 24
    1ec6:	81 bd       	out	0x21, r24	; 33
	WDTCR_REG = 0x00;
    1ec8:	11 bc       	out	0x21, r1	; 33
    1eca:	08 95       	ret

00001ecc <main>:

#include "Application/AppManager/AppManager_interface.h"

int main(void)
{
    App_voidInit();
    1ecc:	0e 94 99 01 	call	0x332	; 0x332 <App_voidInit>

    while (1)
    {
        App_voidRun();
    1ed0:	0e 94 c1 01 	call	0x382	; 0x382 <App_voidRun>
    1ed4:	fd cf       	rjmp	.-6      	; 0x1ed0 <main+0x4>

00001ed6 <__subsf3>:
    1ed6:	50 58       	subi	r21, 0x80	; 128

00001ed8 <__addsf3>:
    1ed8:	bb 27       	eor	r27, r27
    1eda:	aa 27       	eor	r26, r26
    1edc:	0e 94 83 0f 	call	0x1f06	; 0x1f06 <__addsf3x>
    1ee0:	0c 94 cd 10 	jmp	0x219a	; 0x219a <__fp_round>
    1ee4:	0e 94 bf 10 	call	0x217e	; 0x217e <__fp_pscA>
    1ee8:	38 f0       	brcs	.+14     	; 0x1ef8 <__addsf3+0x20>
    1eea:	0e 94 c6 10 	call	0x218c	; 0x218c <__fp_pscB>
    1eee:	20 f0       	brcs	.+8      	; 0x1ef8 <__addsf3+0x20>
    1ef0:	39 f4       	brne	.+14     	; 0x1f00 <__addsf3+0x28>
    1ef2:	9f 3f       	cpi	r25, 0xFF	; 255
    1ef4:	19 f4       	brne	.+6      	; 0x1efc <__addsf3+0x24>
    1ef6:	26 f4       	brtc	.+8      	; 0x1f00 <__addsf3+0x28>
    1ef8:	0c 94 bc 10 	jmp	0x2178	; 0x2178 <__fp_nan>
    1efc:	0e f4       	brtc	.+2      	; 0x1f00 <__addsf3+0x28>
    1efe:	e0 95       	com	r30
    1f00:	e7 fb       	bst	r30, 7
    1f02:	0c 94 b6 10 	jmp	0x216c	; 0x216c <__fp_inf>

00001f06 <__addsf3x>:
    1f06:	e9 2f       	mov	r30, r25
    1f08:	0e 94 de 10 	call	0x21bc	; 0x21bc <__fp_split3>
    1f0c:	58 f3       	brcs	.-42     	; 0x1ee4 <__addsf3+0xc>
    1f0e:	ba 17       	cp	r27, r26
    1f10:	62 07       	cpc	r22, r18
    1f12:	73 07       	cpc	r23, r19
    1f14:	84 07       	cpc	r24, r20
    1f16:	95 07       	cpc	r25, r21
    1f18:	20 f0       	brcs	.+8      	; 0x1f22 <__addsf3x+0x1c>
    1f1a:	79 f4       	brne	.+30     	; 0x1f3a <__addsf3x+0x34>
    1f1c:	a6 f5       	brtc	.+104    	; 0x1f86 <__addsf3x+0x80>
    1f1e:	0c 94 00 11 	jmp	0x2200	; 0x2200 <__fp_zero>
    1f22:	0e f4       	brtc	.+2      	; 0x1f26 <__addsf3x+0x20>
    1f24:	e0 95       	com	r30
    1f26:	0b 2e       	mov	r0, r27
    1f28:	ba 2f       	mov	r27, r26
    1f2a:	a0 2d       	mov	r26, r0
    1f2c:	0b 01       	movw	r0, r22
    1f2e:	b9 01       	movw	r22, r18
    1f30:	90 01       	movw	r18, r0
    1f32:	0c 01       	movw	r0, r24
    1f34:	ca 01       	movw	r24, r20
    1f36:	a0 01       	movw	r20, r0
    1f38:	11 24       	eor	r1, r1
    1f3a:	ff 27       	eor	r31, r31
    1f3c:	59 1b       	sub	r21, r25
    1f3e:	99 f0       	breq	.+38     	; 0x1f66 <__addsf3x+0x60>
    1f40:	59 3f       	cpi	r21, 0xF9	; 249
    1f42:	50 f4       	brcc	.+20     	; 0x1f58 <__addsf3x+0x52>
    1f44:	50 3e       	cpi	r21, 0xE0	; 224
    1f46:	68 f1       	brcs	.+90     	; 0x1fa2 <__addsf3x+0x9c>
    1f48:	1a 16       	cp	r1, r26
    1f4a:	f0 40       	sbci	r31, 0x00	; 0
    1f4c:	a2 2f       	mov	r26, r18
    1f4e:	23 2f       	mov	r18, r19
    1f50:	34 2f       	mov	r19, r20
    1f52:	44 27       	eor	r20, r20
    1f54:	58 5f       	subi	r21, 0xF8	; 248
    1f56:	f3 cf       	rjmp	.-26     	; 0x1f3e <__addsf3x+0x38>
    1f58:	46 95       	lsr	r20
    1f5a:	37 95       	ror	r19
    1f5c:	27 95       	ror	r18
    1f5e:	a7 95       	ror	r26
    1f60:	f0 40       	sbci	r31, 0x00	; 0
    1f62:	53 95       	inc	r21
    1f64:	c9 f7       	brne	.-14     	; 0x1f58 <__addsf3x+0x52>
    1f66:	7e f4       	brtc	.+30     	; 0x1f86 <__addsf3x+0x80>
    1f68:	1f 16       	cp	r1, r31
    1f6a:	ba 0b       	sbc	r27, r26
    1f6c:	62 0b       	sbc	r22, r18
    1f6e:	73 0b       	sbc	r23, r19
    1f70:	84 0b       	sbc	r24, r20
    1f72:	ba f0       	brmi	.+46     	; 0x1fa2 <__addsf3x+0x9c>
    1f74:	91 50       	subi	r25, 0x01	; 1
    1f76:	a1 f0       	breq	.+40     	; 0x1fa0 <__addsf3x+0x9a>
    1f78:	ff 0f       	add	r31, r31
    1f7a:	bb 1f       	adc	r27, r27
    1f7c:	66 1f       	adc	r22, r22
    1f7e:	77 1f       	adc	r23, r23
    1f80:	88 1f       	adc	r24, r24
    1f82:	c2 f7       	brpl	.-16     	; 0x1f74 <__addsf3x+0x6e>
    1f84:	0e c0       	rjmp	.+28     	; 0x1fa2 <__addsf3x+0x9c>
    1f86:	ba 0f       	add	r27, r26
    1f88:	62 1f       	adc	r22, r18
    1f8a:	73 1f       	adc	r23, r19
    1f8c:	84 1f       	adc	r24, r20
    1f8e:	48 f4       	brcc	.+18     	; 0x1fa2 <__addsf3x+0x9c>
    1f90:	87 95       	ror	r24
    1f92:	77 95       	ror	r23
    1f94:	67 95       	ror	r22
    1f96:	b7 95       	ror	r27
    1f98:	f7 95       	ror	r31
    1f9a:	9e 3f       	cpi	r25, 0xFE	; 254
    1f9c:	08 f0       	brcs	.+2      	; 0x1fa0 <__addsf3x+0x9a>
    1f9e:	b0 cf       	rjmp	.-160    	; 0x1f00 <__addsf3+0x28>
    1fa0:	93 95       	inc	r25
    1fa2:	88 0f       	add	r24, r24
    1fa4:	08 f0       	brcs	.+2      	; 0x1fa8 <__addsf3x+0xa2>
    1fa6:	99 27       	eor	r25, r25
    1fa8:	ee 0f       	add	r30, r30
    1faa:	97 95       	ror	r25
    1fac:	87 95       	ror	r24
    1fae:	08 95       	ret

00001fb0 <__divsf3>:
    1fb0:	0e 94 ec 0f 	call	0x1fd8	; 0x1fd8 <__divsf3x>
    1fb4:	0c 94 cd 10 	jmp	0x219a	; 0x219a <__fp_round>
    1fb8:	0e 94 c6 10 	call	0x218c	; 0x218c <__fp_pscB>
    1fbc:	58 f0       	brcs	.+22     	; 0x1fd4 <__divsf3+0x24>
    1fbe:	0e 94 bf 10 	call	0x217e	; 0x217e <__fp_pscA>
    1fc2:	40 f0       	brcs	.+16     	; 0x1fd4 <__divsf3+0x24>
    1fc4:	29 f4       	brne	.+10     	; 0x1fd0 <__divsf3+0x20>
    1fc6:	5f 3f       	cpi	r21, 0xFF	; 255
    1fc8:	29 f0       	breq	.+10     	; 0x1fd4 <__divsf3+0x24>
    1fca:	0c 94 b6 10 	jmp	0x216c	; 0x216c <__fp_inf>
    1fce:	51 11       	cpse	r21, r1
    1fd0:	0c 94 01 11 	jmp	0x2202	; 0x2202 <__fp_szero>
    1fd4:	0c 94 bc 10 	jmp	0x2178	; 0x2178 <__fp_nan>

00001fd8 <__divsf3x>:
    1fd8:	0e 94 de 10 	call	0x21bc	; 0x21bc <__fp_split3>
    1fdc:	68 f3       	brcs	.-38     	; 0x1fb8 <__divsf3+0x8>

00001fde <__divsf3_pse>:
    1fde:	99 23       	and	r25, r25
    1fe0:	b1 f3       	breq	.-20     	; 0x1fce <__divsf3+0x1e>
    1fe2:	55 23       	and	r21, r21
    1fe4:	91 f3       	breq	.-28     	; 0x1fca <__divsf3+0x1a>
    1fe6:	95 1b       	sub	r25, r21
    1fe8:	55 0b       	sbc	r21, r21
    1fea:	bb 27       	eor	r27, r27
    1fec:	aa 27       	eor	r26, r26
    1fee:	62 17       	cp	r22, r18
    1ff0:	73 07       	cpc	r23, r19
    1ff2:	84 07       	cpc	r24, r20
    1ff4:	38 f0       	brcs	.+14     	; 0x2004 <__divsf3_pse+0x26>
    1ff6:	9f 5f       	subi	r25, 0xFF	; 255
    1ff8:	5f 4f       	sbci	r21, 0xFF	; 255
    1ffa:	22 0f       	add	r18, r18
    1ffc:	33 1f       	adc	r19, r19
    1ffe:	44 1f       	adc	r20, r20
    2000:	aa 1f       	adc	r26, r26
    2002:	a9 f3       	breq	.-22     	; 0x1fee <__divsf3_pse+0x10>
    2004:	35 d0       	rcall	.+106    	; 0x2070 <__divsf3_pse+0x92>
    2006:	0e 2e       	mov	r0, r30
    2008:	3a f0       	brmi	.+14     	; 0x2018 <__divsf3_pse+0x3a>
    200a:	e0 e8       	ldi	r30, 0x80	; 128
    200c:	32 d0       	rcall	.+100    	; 0x2072 <__divsf3_pse+0x94>
    200e:	91 50       	subi	r25, 0x01	; 1
    2010:	50 40       	sbci	r21, 0x00	; 0
    2012:	e6 95       	lsr	r30
    2014:	00 1c       	adc	r0, r0
    2016:	ca f7       	brpl	.-14     	; 0x200a <__divsf3_pse+0x2c>
    2018:	2b d0       	rcall	.+86     	; 0x2070 <__divsf3_pse+0x92>
    201a:	fe 2f       	mov	r31, r30
    201c:	29 d0       	rcall	.+82     	; 0x2070 <__divsf3_pse+0x92>
    201e:	66 0f       	add	r22, r22
    2020:	77 1f       	adc	r23, r23
    2022:	88 1f       	adc	r24, r24
    2024:	bb 1f       	adc	r27, r27
    2026:	26 17       	cp	r18, r22
    2028:	37 07       	cpc	r19, r23
    202a:	48 07       	cpc	r20, r24
    202c:	ab 07       	cpc	r26, r27
    202e:	b0 e8       	ldi	r27, 0x80	; 128
    2030:	09 f0       	breq	.+2      	; 0x2034 <__divsf3_pse+0x56>
    2032:	bb 0b       	sbc	r27, r27
    2034:	80 2d       	mov	r24, r0
    2036:	bf 01       	movw	r22, r30
    2038:	ff 27       	eor	r31, r31
    203a:	93 58       	subi	r25, 0x83	; 131
    203c:	5f 4f       	sbci	r21, 0xFF	; 255
    203e:	3a f0       	brmi	.+14     	; 0x204e <__divsf3_pse+0x70>
    2040:	9e 3f       	cpi	r25, 0xFE	; 254
    2042:	51 05       	cpc	r21, r1
    2044:	78 f0       	brcs	.+30     	; 0x2064 <__divsf3_pse+0x86>
    2046:	0c 94 b6 10 	jmp	0x216c	; 0x216c <__fp_inf>
    204a:	0c 94 01 11 	jmp	0x2202	; 0x2202 <__fp_szero>
    204e:	5f 3f       	cpi	r21, 0xFF	; 255
    2050:	e4 f3       	brlt	.-8      	; 0x204a <__divsf3_pse+0x6c>
    2052:	98 3e       	cpi	r25, 0xE8	; 232
    2054:	d4 f3       	brlt	.-12     	; 0x204a <__divsf3_pse+0x6c>
    2056:	86 95       	lsr	r24
    2058:	77 95       	ror	r23
    205a:	67 95       	ror	r22
    205c:	b7 95       	ror	r27
    205e:	f7 95       	ror	r31
    2060:	9f 5f       	subi	r25, 0xFF	; 255
    2062:	c9 f7       	brne	.-14     	; 0x2056 <__divsf3_pse+0x78>
    2064:	88 0f       	add	r24, r24
    2066:	91 1d       	adc	r25, r1
    2068:	96 95       	lsr	r25
    206a:	87 95       	ror	r24
    206c:	97 f9       	bld	r25, 7
    206e:	08 95       	ret
    2070:	e1 e0       	ldi	r30, 0x01	; 1
    2072:	66 0f       	add	r22, r22
    2074:	77 1f       	adc	r23, r23
    2076:	88 1f       	adc	r24, r24
    2078:	bb 1f       	adc	r27, r27
    207a:	62 17       	cp	r22, r18
    207c:	73 07       	cpc	r23, r19
    207e:	84 07       	cpc	r24, r20
    2080:	ba 07       	cpc	r27, r26
    2082:	20 f0       	brcs	.+8      	; 0x208c <__divsf3_pse+0xae>
    2084:	62 1b       	sub	r22, r18
    2086:	73 0b       	sbc	r23, r19
    2088:	84 0b       	sbc	r24, r20
    208a:	ba 0b       	sbc	r27, r26
    208c:	ee 1f       	adc	r30, r30
    208e:	88 f7       	brcc	.-30     	; 0x2072 <__divsf3_pse+0x94>
    2090:	e0 95       	com	r30
    2092:	08 95       	ret

00002094 <__fixunssfsi>:
    2094:	0e 94 e6 10 	call	0x21cc	; 0x21cc <__fp_splitA>
    2098:	88 f0       	brcs	.+34     	; 0x20bc <__fixunssfsi+0x28>
    209a:	9f 57       	subi	r25, 0x7F	; 127
    209c:	98 f0       	brcs	.+38     	; 0x20c4 <__fixunssfsi+0x30>
    209e:	b9 2f       	mov	r27, r25
    20a0:	99 27       	eor	r25, r25
    20a2:	b7 51       	subi	r27, 0x17	; 23
    20a4:	b0 f0       	brcs	.+44     	; 0x20d2 <__fixunssfsi+0x3e>
    20a6:	e1 f0       	breq	.+56     	; 0x20e0 <__fixunssfsi+0x4c>
    20a8:	66 0f       	add	r22, r22
    20aa:	77 1f       	adc	r23, r23
    20ac:	88 1f       	adc	r24, r24
    20ae:	99 1f       	adc	r25, r25
    20b0:	1a f0       	brmi	.+6      	; 0x20b8 <__fixunssfsi+0x24>
    20b2:	ba 95       	dec	r27
    20b4:	c9 f7       	brne	.-14     	; 0x20a8 <__fixunssfsi+0x14>
    20b6:	14 c0       	rjmp	.+40     	; 0x20e0 <__fixunssfsi+0x4c>
    20b8:	b1 30       	cpi	r27, 0x01	; 1
    20ba:	91 f0       	breq	.+36     	; 0x20e0 <__fixunssfsi+0x4c>
    20bc:	0e 94 00 11 	call	0x2200	; 0x2200 <__fp_zero>
    20c0:	b1 e0       	ldi	r27, 0x01	; 1
    20c2:	08 95       	ret
    20c4:	0c 94 00 11 	jmp	0x2200	; 0x2200 <__fp_zero>
    20c8:	67 2f       	mov	r22, r23
    20ca:	78 2f       	mov	r23, r24
    20cc:	88 27       	eor	r24, r24
    20ce:	b8 5f       	subi	r27, 0xF8	; 248
    20d0:	39 f0       	breq	.+14     	; 0x20e0 <__fixunssfsi+0x4c>
    20d2:	b9 3f       	cpi	r27, 0xF9	; 249
    20d4:	cc f3       	brlt	.-14     	; 0x20c8 <__fixunssfsi+0x34>
    20d6:	86 95       	lsr	r24
    20d8:	77 95       	ror	r23
    20da:	67 95       	ror	r22
    20dc:	b3 95       	inc	r27
    20de:	d9 f7       	brne	.-10     	; 0x20d6 <__fixunssfsi+0x42>
    20e0:	3e f4       	brtc	.+14     	; 0x20f0 <__fixunssfsi+0x5c>
    20e2:	90 95       	com	r25
    20e4:	80 95       	com	r24
    20e6:	70 95       	com	r23
    20e8:	61 95       	neg	r22
    20ea:	7f 4f       	sbci	r23, 0xFF	; 255
    20ec:	8f 4f       	sbci	r24, 0xFF	; 255
    20ee:	9f 4f       	sbci	r25, 0xFF	; 255
    20f0:	08 95       	ret

000020f2 <__floatunsisf>:
    20f2:	e8 94       	clt
    20f4:	09 c0       	rjmp	.+18     	; 0x2108 <__floatsisf+0x12>

000020f6 <__floatsisf>:
    20f6:	97 fb       	bst	r25, 7
    20f8:	3e f4       	brtc	.+14     	; 0x2108 <__floatsisf+0x12>
    20fa:	90 95       	com	r25
    20fc:	80 95       	com	r24
    20fe:	70 95       	com	r23
    2100:	61 95       	neg	r22
    2102:	7f 4f       	sbci	r23, 0xFF	; 255
    2104:	8f 4f       	sbci	r24, 0xFF	; 255
    2106:	9f 4f       	sbci	r25, 0xFF	; 255
    2108:	99 23       	and	r25, r25
    210a:	a9 f0       	breq	.+42     	; 0x2136 <__floatsisf+0x40>
    210c:	f9 2f       	mov	r31, r25
    210e:	96 e9       	ldi	r25, 0x96	; 150
    2110:	bb 27       	eor	r27, r27
    2112:	93 95       	inc	r25
    2114:	f6 95       	lsr	r31
    2116:	87 95       	ror	r24
    2118:	77 95       	ror	r23
    211a:	67 95       	ror	r22
    211c:	b7 95       	ror	r27
    211e:	f1 11       	cpse	r31, r1
    2120:	f8 cf       	rjmp	.-16     	; 0x2112 <__floatsisf+0x1c>
    2122:	fa f4       	brpl	.+62     	; 0x2162 <__floatsisf+0x6c>
    2124:	bb 0f       	add	r27, r27
    2126:	11 f4       	brne	.+4      	; 0x212c <__floatsisf+0x36>
    2128:	60 ff       	sbrs	r22, 0
    212a:	1b c0       	rjmp	.+54     	; 0x2162 <__floatsisf+0x6c>
    212c:	6f 5f       	subi	r22, 0xFF	; 255
    212e:	7f 4f       	sbci	r23, 0xFF	; 255
    2130:	8f 4f       	sbci	r24, 0xFF	; 255
    2132:	9f 4f       	sbci	r25, 0xFF	; 255
    2134:	16 c0       	rjmp	.+44     	; 0x2162 <__floatsisf+0x6c>
    2136:	88 23       	and	r24, r24
    2138:	11 f0       	breq	.+4      	; 0x213e <__floatsisf+0x48>
    213a:	96 e9       	ldi	r25, 0x96	; 150
    213c:	11 c0       	rjmp	.+34     	; 0x2160 <__floatsisf+0x6a>
    213e:	77 23       	and	r23, r23
    2140:	21 f0       	breq	.+8      	; 0x214a <__floatsisf+0x54>
    2142:	9e e8       	ldi	r25, 0x8E	; 142
    2144:	87 2f       	mov	r24, r23
    2146:	76 2f       	mov	r23, r22
    2148:	05 c0       	rjmp	.+10     	; 0x2154 <__floatsisf+0x5e>
    214a:	66 23       	and	r22, r22
    214c:	71 f0       	breq	.+28     	; 0x216a <__floatsisf+0x74>
    214e:	96 e8       	ldi	r25, 0x86	; 134
    2150:	86 2f       	mov	r24, r22
    2152:	70 e0       	ldi	r23, 0x00	; 0
    2154:	60 e0       	ldi	r22, 0x00	; 0
    2156:	2a f0       	brmi	.+10     	; 0x2162 <__floatsisf+0x6c>
    2158:	9a 95       	dec	r25
    215a:	66 0f       	add	r22, r22
    215c:	77 1f       	adc	r23, r23
    215e:	88 1f       	adc	r24, r24
    2160:	da f7       	brpl	.-10     	; 0x2158 <__floatsisf+0x62>
    2162:	88 0f       	add	r24, r24
    2164:	96 95       	lsr	r25
    2166:	87 95       	ror	r24
    2168:	97 f9       	bld	r25, 7
    216a:	08 95       	ret

0000216c <__fp_inf>:
    216c:	97 f9       	bld	r25, 7
    216e:	9f 67       	ori	r25, 0x7F	; 127
    2170:	80 e8       	ldi	r24, 0x80	; 128
    2172:	70 e0       	ldi	r23, 0x00	; 0
    2174:	60 e0       	ldi	r22, 0x00	; 0
    2176:	08 95       	ret

00002178 <__fp_nan>:
    2178:	9f ef       	ldi	r25, 0xFF	; 255
    217a:	80 ec       	ldi	r24, 0xC0	; 192
    217c:	08 95       	ret

0000217e <__fp_pscA>:
    217e:	00 24       	eor	r0, r0
    2180:	0a 94       	dec	r0
    2182:	16 16       	cp	r1, r22
    2184:	17 06       	cpc	r1, r23
    2186:	18 06       	cpc	r1, r24
    2188:	09 06       	cpc	r0, r25
    218a:	08 95       	ret

0000218c <__fp_pscB>:
    218c:	00 24       	eor	r0, r0
    218e:	0a 94       	dec	r0
    2190:	12 16       	cp	r1, r18
    2192:	13 06       	cpc	r1, r19
    2194:	14 06       	cpc	r1, r20
    2196:	05 06       	cpc	r0, r21
    2198:	08 95       	ret

0000219a <__fp_round>:
    219a:	09 2e       	mov	r0, r25
    219c:	03 94       	inc	r0
    219e:	00 0c       	add	r0, r0
    21a0:	11 f4       	brne	.+4      	; 0x21a6 <__fp_round+0xc>
    21a2:	88 23       	and	r24, r24
    21a4:	52 f0       	brmi	.+20     	; 0x21ba <__fp_round+0x20>
    21a6:	bb 0f       	add	r27, r27
    21a8:	40 f4       	brcc	.+16     	; 0x21ba <__fp_round+0x20>
    21aa:	bf 2b       	or	r27, r31
    21ac:	11 f4       	brne	.+4      	; 0x21b2 <__fp_round+0x18>
    21ae:	60 ff       	sbrs	r22, 0
    21b0:	04 c0       	rjmp	.+8      	; 0x21ba <__fp_round+0x20>
    21b2:	6f 5f       	subi	r22, 0xFF	; 255
    21b4:	7f 4f       	sbci	r23, 0xFF	; 255
    21b6:	8f 4f       	sbci	r24, 0xFF	; 255
    21b8:	9f 4f       	sbci	r25, 0xFF	; 255
    21ba:	08 95       	ret

000021bc <__fp_split3>:
    21bc:	57 fd       	sbrc	r21, 7
    21be:	90 58       	subi	r25, 0x80	; 128
    21c0:	44 0f       	add	r20, r20
    21c2:	55 1f       	adc	r21, r21
    21c4:	59 f0       	breq	.+22     	; 0x21dc <__fp_splitA+0x10>
    21c6:	5f 3f       	cpi	r21, 0xFF	; 255
    21c8:	71 f0       	breq	.+28     	; 0x21e6 <__fp_splitA+0x1a>
    21ca:	47 95       	ror	r20

000021cc <__fp_splitA>:
    21cc:	88 0f       	add	r24, r24
    21ce:	97 fb       	bst	r25, 7
    21d0:	99 1f       	adc	r25, r25
    21d2:	61 f0       	breq	.+24     	; 0x21ec <__fp_splitA+0x20>
    21d4:	9f 3f       	cpi	r25, 0xFF	; 255
    21d6:	79 f0       	breq	.+30     	; 0x21f6 <__fp_splitA+0x2a>
    21d8:	87 95       	ror	r24
    21da:	08 95       	ret
    21dc:	12 16       	cp	r1, r18
    21de:	13 06       	cpc	r1, r19
    21e0:	14 06       	cpc	r1, r20
    21e2:	55 1f       	adc	r21, r21
    21e4:	f2 cf       	rjmp	.-28     	; 0x21ca <__fp_split3+0xe>
    21e6:	46 95       	lsr	r20
    21e8:	f1 df       	rcall	.-30     	; 0x21cc <__fp_splitA>
    21ea:	08 c0       	rjmp	.+16     	; 0x21fc <__fp_splitA+0x30>
    21ec:	16 16       	cp	r1, r22
    21ee:	17 06       	cpc	r1, r23
    21f0:	18 06       	cpc	r1, r24
    21f2:	99 1f       	adc	r25, r25
    21f4:	f1 cf       	rjmp	.-30     	; 0x21d8 <__fp_splitA+0xc>
    21f6:	86 95       	lsr	r24
    21f8:	71 05       	cpc	r23, r1
    21fa:	61 05       	cpc	r22, r1
    21fc:	08 94       	sec
    21fe:	08 95       	ret

00002200 <__fp_zero>:
    2200:	e8 94       	clt

00002202 <__fp_szero>:
    2202:	bb 27       	eor	r27, r27
    2204:	66 27       	eor	r22, r22
    2206:	77 27       	eor	r23, r23
    2208:	cb 01       	movw	r24, r22
    220a:	97 f9       	bld	r25, 7
    220c:	08 95       	ret

0000220e <__mulsf3>:
    220e:	0e 94 1a 11 	call	0x2234	; 0x2234 <__mulsf3x>
    2212:	0c 94 cd 10 	jmp	0x219a	; 0x219a <__fp_round>
    2216:	0e 94 bf 10 	call	0x217e	; 0x217e <__fp_pscA>
    221a:	38 f0       	brcs	.+14     	; 0x222a <__mulsf3+0x1c>
    221c:	0e 94 c6 10 	call	0x218c	; 0x218c <__fp_pscB>
    2220:	20 f0       	brcs	.+8      	; 0x222a <__mulsf3+0x1c>
    2222:	95 23       	and	r25, r21
    2224:	11 f0       	breq	.+4      	; 0x222a <__mulsf3+0x1c>
    2226:	0c 94 b6 10 	jmp	0x216c	; 0x216c <__fp_inf>
    222a:	0c 94 bc 10 	jmp	0x2178	; 0x2178 <__fp_nan>
    222e:	11 24       	eor	r1, r1
    2230:	0c 94 01 11 	jmp	0x2202	; 0x2202 <__fp_szero>

00002234 <__mulsf3x>:
    2234:	0e 94 de 10 	call	0x21bc	; 0x21bc <__fp_split3>
    2238:	70 f3       	brcs	.-36     	; 0x2216 <__mulsf3+0x8>

0000223a <__mulsf3_pse>:
    223a:	95 9f       	mul	r25, r21
    223c:	c1 f3       	breq	.-16     	; 0x222e <__mulsf3+0x20>
    223e:	95 0f       	add	r25, r21
    2240:	50 e0       	ldi	r21, 0x00	; 0
    2242:	55 1f       	adc	r21, r21
    2244:	62 9f       	mul	r22, r18
    2246:	f0 01       	movw	r30, r0
    2248:	72 9f       	mul	r23, r18
    224a:	bb 27       	eor	r27, r27
    224c:	f0 0d       	add	r31, r0
    224e:	b1 1d       	adc	r27, r1
    2250:	63 9f       	mul	r22, r19
    2252:	aa 27       	eor	r26, r26
    2254:	f0 0d       	add	r31, r0
    2256:	b1 1d       	adc	r27, r1
    2258:	aa 1f       	adc	r26, r26
    225a:	64 9f       	mul	r22, r20
    225c:	66 27       	eor	r22, r22
    225e:	b0 0d       	add	r27, r0
    2260:	a1 1d       	adc	r26, r1
    2262:	66 1f       	adc	r22, r22
    2264:	82 9f       	mul	r24, r18
    2266:	22 27       	eor	r18, r18
    2268:	b0 0d       	add	r27, r0
    226a:	a1 1d       	adc	r26, r1
    226c:	62 1f       	adc	r22, r18
    226e:	73 9f       	mul	r23, r19
    2270:	b0 0d       	add	r27, r0
    2272:	a1 1d       	adc	r26, r1
    2274:	62 1f       	adc	r22, r18
    2276:	83 9f       	mul	r24, r19
    2278:	a0 0d       	add	r26, r0
    227a:	61 1d       	adc	r22, r1
    227c:	22 1f       	adc	r18, r18
    227e:	74 9f       	mul	r23, r20
    2280:	33 27       	eor	r19, r19
    2282:	a0 0d       	add	r26, r0
    2284:	61 1d       	adc	r22, r1
    2286:	23 1f       	adc	r18, r19
    2288:	84 9f       	mul	r24, r20
    228a:	60 0d       	add	r22, r0
    228c:	21 1d       	adc	r18, r1
    228e:	82 2f       	mov	r24, r18
    2290:	76 2f       	mov	r23, r22
    2292:	6a 2f       	mov	r22, r26
    2294:	11 24       	eor	r1, r1
    2296:	9f 57       	subi	r25, 0x7F	; 127
    2298:	50 40       	sbci	r21, 0x00	; 0
    229a:	9a f0       	brmi	.+38     	; 0x22c2 <__mulsf3_pse+0x88>
    229c:	f1 f0       	breq	.+60     	; 0x22da <__mulsf3_pse+0xa0>
    229e:	88 23       	and	r24, r24
    22a0:	4a f0       	brmi	.+18     	; 0x22b4 <__mulsf3_pse+0x7a>
    22a2:	ee 0f       	add	r30, r30
    22a4:	ff 1f       	adc	r31, r31
    22a6:	bb 1f       	adc	r27, r27
    22a8:	66 1f       	adc	r22, r22
    22aa:	77 1f       	adc	r23, r23
    22ac:	88 1f       	adc	r24, r24
    22ae:	91 50       	subi	r25, 0x01	; 1
    22b0:	50 40       	sbci	r21, 0x00	; 0
    22b2:	a9 f7       	brne	.-22     	; 0x229e <__mulsf3_pse+0x64>
    22b4:	9e 3f       	cpi	r25, 0xFE	; 254
    22b6:	51 05       	cpc	r21, r1
    22b8:	80 f0       	brcs	.+32     	; 0x22da <__mulsf3_pse+0xa0>
    22ba:	0c 94 b6 10 	jmp	0x216c	; 0x216c <__fp_inf>
    22be:	0c 94 01 11 	jmp	0x2202	; 0x2202 <__fp_szero>
    22c2:	5f 3f       	cpi	r21, 0xFF	; 255
    22c4:	e4 f3       	brlt	.-8      	; 0x22be <__mulsf3_pse+0x84>
    22c6:	98 3e       	cpi	r25, 0xE8	; 232
    22c8:	d4 f3       	brlt	.-12     	; 0x22be <__mulsf3_pse+0x84>
    22ca:	86 95       	lsr	r24
    22cc:	77 95       	ror	r23
    22ce:	67 95       	ror	r22
    22d0:	b7 95       	ror	r27
    22d2:	f7 95       	ror	r31
    22d4:	e7 95       	ror	r30
    22d6:	9f 5f       	subi	r25, 0xFF	; 255
    22d8:	c1 f7       	brne	.-16     	; 0x22ca <__mulsf3_pse+0x90>
    22da:	fe 2b       	or	r31, r30
    22dc:	88 0f       	add	r24, r24
    22de:	91 1d       	adc	r25, r1
    22e0:	96 95       	lsr	r25
    22e2:	87 95       	ror	r24
    22e4:	97 f9       	bld	r25, 7
    22e6:	08 95       	ret

000022e8 <__udivmodsi4>:
    22e8:	a1 e2       	ldi	r26, 0x21	; 33
    22ea:	1a 2e       	mov	r1, r26
    22ec:	aa 1b       	sub	r26, r26
    22ee:	bb 1b       	sub	r27, r27
    22f0:	fd 01       	movw	r30, r26
    22f2:	0d c0       	rjmp	.+26     	; 0x230e <__udivmodsi4_ep>

000022f4 <__udivmodsi4_loop>:
    22f4:	aa 1f       	adc	r26, r26
    22f6:	bb 1f       	adc	r27, r27
    22f8:	ee 1f       	adc	r30, r30
    22fa:	ff 1f       	adc	r31, r31
    22fc:	a2 17       	cp	r26, r18
    22fe:	b3 07       	cpc	r27, r19
    2300:	e4 07       	cpc	r30, r20
    2302:	f5 07       	cpc	r31, r21
    2304:	20 f0       	brcs	.+8      	; 0x230e <__udivmodsi4_ep>
    2306:	a2 1b       	sub	r26, r18
    2308:	b3 0b       	sbc	r27, r19
    230a:	e4 0b       	sbc	r30, r20
    230c:	f5 0b       	sbc	r31, r21

0000230e <__udivmodsi4_ep>:
    230e:	66 1f       	adc	r22, r22
    2310:	77 1f       	adc	r23, r23
    2312:	88 1f       	adc	r24, r24
    2314:	99 1f       	adc	r25, r25
    2316:	1a 94       	dec	r1
    2318:	69 f7       	brne	.-38     	; 0x22f4 <__udivmodsi4_loop>
    231a:	60 95       	com	r22
    231c:	70 95       	com	r23
    231e:	80 95       	com	r24
    2320:	90 95       	com	r25
    2322:	9b 01       	movw	r18, r22
    2324:	ac 01       	movw	r20, r24
    2326:	bd 01       	movw	r22, r26
    2328:	cf 01       	movw	r24, r30
    232a:	08 95       	ret

0000232c <__umulhisi3>:
    232c:	a2 9f       	mul	r26, r18
    232e:	b0 01       	movw	r22, r0
    2330:	b3 9f       	mul	r27, r19
    2332:	c0 01       	movw	r24, r0
    2334:	a3 9f       	mul	r26, r19
    2336:	70 0d       	add	r23, r0
    2338:	81 1d       	adc	r24, r1
    233a:	11 24       	eor	r1, r1
    233c:	91 1d       	adc	r25, r1
    233e:	b2 9f       	mul	r27, r18
    2340:	70 0d       	add	r23, r0
    2342:	81 1d       	adc	r24, r1
    2344:	11 24       	eor	r1, r1
    2346:	91 1d       	adc	r25, r1
    2348:	08 95       	ret

0000234a <_exit>:
    234a:	f8 94       	cli

0000234c <__stop_program>:
    234c:	ff cf       	rjmp	.-2      	; 0x234c <__stop_program>
